customer_id,region,plan_type,device_type,contract_type,tenure_months,arpu,avg_monthly_gb,complaints_6m,churn,segment,risk,expected_loss,segment_label
SUB100378,Kolkata,Postpaid,4G Smart,Monthly,7,316.26,4.22,1,0,1,0.1497651945004886,568.3768849526946,Segment 1 - Mass base
SUB100563,Hyderabad,Prepaid,5G Smart,Monthly,44,277.79,7.54,1,0,1,0.079276788026788,264.2675873515374,Segment 1 - Mass base
SUB101237,Chennai,Prepaid,5G Smart,Monthly,27,438.28,19.39,2,1,2,0.6328631541037151,3328.4551581669148,Segment 2 - High value
SUB100181,Mumbai,Prepaid,5G Smart,Monthly,31,323.22,16.33,0,1,2,0.4334149695620285,1681.0606375420664,Segment 2 - High value
SUB100899,Delhi,Prepaid,4G Smart,Monthly,3,246.59,5.55,1,1,1,0.6323958600720109,1871.309941621886,Segment 1 - Mass base
SUB103083,Bengaluru,Prepaid,4G Smart,Monthly,27,228.89,9.91,1,0,1,0.1921378799403152,527.741272074465,Segment 1 - Mass base
SUB102421,Bengaluru,Prepaid,4G Smart,Monthly,38,279.02,12.81,0,0,1,0.1058593021093021,354.4423496944496,Segment 1 - Mass base
SUB100706,Delhi,Prepaid,4G Smart,Monthly,19,227.12,4.01,0,0,1,0.1481421617973343,403.7525734489268,Segment 1 - Mass base
SUB102848,Hyderabad,Postpaid,4G Smart,Annual,22,228.15,5.59,0,0,1,0.1173210436078082,321.2015531894575,Segment 1 - Mass base
SUB101272,Hyderabad,Prepaid,5G Smart,Monthly,16,312.44,18.88,2,1,2,0.6543601473282433,2453.3794131748364,Segment 2 - High value
SUB100670,Bengaluru,Postpaid,5G Smart,Monthly,22,456.35,12.51,1,0,2,0.0939615754615754,514.5523795426795,Segment 2 - High value
SUB100413,Kolkata,Prepaid,4G Smart,Monthly,8,199.36,9.05,1,1,1,0.6110662011308465,1461.865894289347,Segment 1 - Mass base
SUB102327,Delhi,Prepaid,5G Smart,Monthly,13,290.48,8.12,0,1,1,0.5116154452561613,1783.368654456117,Segment 1 - Mass base
SUB102166,Kolkata,Prepaid,4G Smart,Monthly,26,183.66,4.95,2,1,1,0.575414684488676,1268.167931438283,Segment 1 - Mass base
SUB100088,Bengaluru,Postpaid,5G Smart,Annual,35,468.3,15.73,6,1,0,0.5359719817219821,3011.948148484851,Segment 0 - High risk
SUB100132,Hyderabad,Prepaid,4G Smart,Monthly,10,180.09,3.95,0,0,1,0.0611318681318681,132.1108575824176,Segment 1 - Mass base
SUB102223,Bengaluru,Prepaid,5G Smart,Monthly,10,370.89,19.38,1,0,2,0.2171313778813779,966.382280909091,Segment 2 - High value
SUB103021,Kolkata,Postpaid,4G Smart,Monthly,41,239.99,7.74,0,0,1,0.1641010262448941,472.5912634621458,Segment 1 - Mass base
SUB100080,Mumbai,Prepaid,4G Smart,Monthly,27,198.15,3.27,1,1,1,0.7066615442856361,1680.2998200023856,Segment 1 - Mass base
SUB101087,Chennai,Postpaid,5G Smart,Annual,44,474.18,21.15,1,0,2,0.1469464994881661,836.1490935275833,Segment 2 - High value
SUB101198,Hyderabad,Postpaid,4G Feature,Monthly,11,221.96,1.97,1,0,1,0.1476220401070213,393.1942562658535,Segment 1 - Mass base
SUB102018,Bengaluru,Postpaid,4G Feature,Annual,39,230.19,0.83,0,0,1,0.0914961840628507,252.7380793131313,Segment 1 - Mass base
SUB100035,Chennai,Prepaid,5G Smart,Monthly,13,165.92,7.1,4,1,0,0.6920627332643462,1377.9245844386437,Segment 0 - High risk
SUB102870,Delhi,Postpaid,4G Feature,Monthly,25,267.02,1.98,4,0,0,0.2226779701779701,713.5136591630591,Segment 0 - High risk
SUB100260,Kolkata,Prepaid,4G Smart,Monthly,31,230.27,6.04,0,0,1,0.1720741836972493,475.4822673595872,Segment 1 - Mass base
SUB101142,Bengaluru,Postpaid,4G Smart,Monthly,8,329.53,11.73,1,0,2,0.2582777685277685,1021.3232767554668,Segment 2 - High value
SUB100434,Mumbai,Postpaid,4G Feature,Annual,17,256.57,1.35,1,0,1,0.1130172327672327,347.9619769330669,Segment 1 - Mass base
SUB100363,Mumbai,Prepaid,4G Smart,Monthly,30,168.75,8.01,2,0,1,0.2134506709177762,432.2376086084968,Segment 1 - Mass base
SUB101396,Kolkata,Postpaid,4G Smart,Monthly,10,340.64,8.21,1,1,2,0.5079721620971623,2076.4276475613283,Segment 2 - High value
SUB100268,Hyderabad,Prepaid,5G Smart,Monthly,11,314.13,13.25,1,0,2,0.2087880545380545,787.0390988644687,Segment 2 - High value
SUB100122,Kolkata,Postpaid,5G Smart,Annual,19,339.03,13.47,3,0,0,0.1135405242905243,461.9237274025975,Segment 0 - High risk
SUB102639,Bengaluru,Prepaid,4G Feature,Monthly,33,81.57,1.81,0,0,1,0.1633730409921484,159.91606744475453,Segment 1 - Mass base
SUB100540,Kolkata,Prepaid,4G Feature,Monthly,17,111.05,0.93,1,1,1,0.606388282964599,808.0730258786247,Segment 1 - Mass base
SUB101943,Kolkata,Postpaid,5G Smart,Monthly,48,541.22,26.03,0,0,2,0.0765162152662152,496.9452723165722,Segment 2 - High value
SUB103122,Delhi,Prepaid,4G Smart,Monthly,25,178.91,7.285,0,0,1,0.1451208943561885,311.5629505111884,Segment 1 - Mass base
SUB100743,Mumbai,Prepaid,4G Smart,Monthly,18,225.56,6.71,3,1,0,0.6574422787830719,1779.5121648277166,Segment 0 - High risk
SUB101275,Delhi,Prepaid,5G Smart,Monthly,55,418.91,16.34,1,1,2,0.5096786143452813,2562.113620024581,Segment 2 - High value
SUB101023,Mumbai,Prepaid,4G Feature,Monthly,45,169.63,2.26,1,0,1,0.1206511544011543,245.5926638528138,Segment 1 - Mass base
SUB102143,Hyderabad,Postpaid,5G Smart,Monthly,6,387.9,14.05,0,0,2,0.1452844562844563,676.270087112887,Segment 2 - High value
SUB101460,Kolkata,Postpaid,4G Smart,Monthly,25,262.26,4.93,2,1,1,0.5550856883920384,1746.921271652352,Segment 1 - Mass base
SUB101828,Chennai,Postpaid,5G Smart,Monthly,47,339.77,7.35,1,0,1,0.0786868316868316,320.8250976268176,Segment 1 - Mass base
SUB102589,Chennai,Prepaid,4G Smart,Monthly,24,160.7,8.94,2,0,1,0.2242821775174717,432.5057511246925,Segment 1 - Mass base
SUB102668,Kolkata,Postpaid,4G Smart,Monthly,26,250.95,4.57,0,1,1,0.4028741933920962,1213.2153459809583,Segment 1 - Mass base
SUB102191,Chennai,Prepaid,4G Feature,Monthly,12,131.78,1.57,0,1,1,0.5720368912763648,904.5962583887922,Segment 1 - Mass base
SUB102046,Mumbai,Postpaid,5G Smart,Monthly,27,1001.93,72.46,0,0,2,0.1488931038097704,1790.1656100014798,Segment 2 - High value
SUB102685,Chennai,Prepaid,4G Smart,Monthly,19,134.26,4.94,3,1,0,0.6809535094535093,1097.0978181507378,Segment 0 - High risk
SUB103002,Mumbai,Postpaid,5G Smart,Annual,26,341.08,13.0,0,0,2,0.1089861619861619,446.0760015628814,Segment 2 - High value
SUB101030,Kolkata,Prepaid,4G Smart,Monthly,18,163.52,2.22,1,0,1,0.1893951863197593,371.6388104040846,Segment 1 - Mass base
SUB101551,Chennai,Postpaid,5G Smart,Monthly,17,493.62,13.82,0,0,2,0.1366952733257081,809.7062498284326,Segment 2 - High value
SUB102729,Delhi,Prepaid,4G Smart,Monthly,57,190.91,4.38,0,0,1,0.1749542124542125,400.8061043956045,Segment 1 - Mass base
SUB101707,Hyderabad,Prepaid,4G Feature,Monthly,67,160.66,1.03,2,0,1,0.1593436951287827,307.2018967126828,Segment 1 - Mass base
SUB102368,Kolkata,Prepaid,5G Smart,Monthly,12,259.76,7.285,1,0,1,0.199335270522964,621.3519584525416,Segment 1 - Mass base
SUB102887,Chennai,Prepaid,4G Smart,Monthly,42,169.59,8.9,1,0,1,0.1967664055164054,400.43537653832647,Segment 1 - Mass base
SUB101542,Hyderabad,Prepaid,4G Feature,Monthly,32,126.15,1.14,1,1,1,0.5005045454814061,757.6637809497527,Segment 1 - Mass base
SUB102367,Delhi,Postpaid,4G Feature,Monthly,16,207.61,2.18,1,0,1,0.1305180652680652,325.16226636363643,Segment 1 - Mass base
SUB102095,Hyderabad,Prepaid,4G Smart,Monthly,40,195.72,3.82,1,0,1,0.1155076913826913,271.2859842890443,Segment 1 - Mass base
SUB100362,Bengaluru,Postpaid,4G Feature,Monthly,32,239.24,1.29,0,1,1,0.4652410476420776,1335.6512188546876,Segment 1 - Mass base
SUB102146,Mumbai,Prepaid,4G Smart,Monthly,13,162.67,13.94,0,0,1,0.0876954514195893,171.1850289890952,Segment 1 - Mass base
SUB101398,Bengaluru,Postpaid,4G Smart,Monthly,23,306.78,7.61,0,0,1,0.1586383153883154,584.0047487379288,Segment 1 - Mass base
SUB102979,Delhi,Postpaid,5G Smart,Annual,31,547.6,21.86,1,0,2,0.0319977324263038,210.26349931972788,Segment 2 - High value
SUB101455,Chennai,Prepaid,4G Smart,Monthly,29,252.46,8.33,0,0,1,0.1404048371806993,425.35926233567216,Segment 1 - Mass base
SUB101325,Kolkata,Prepaid,5G Smart,Monthly,12,358.94,16.89,0,1,2,0.478946882065303,2062.9583261822386,Segment 2 - High value
SUB102246,Hyderabad,Postpaid,4G Smart,Monthly,11,311.96,4.51,1,0,1,0.1002210197210197,375.1793917460317,Segment 1 - Mass base
SUB101225,Kolkata,Prepaid,4G Feature,Monthly,43,219.01,0.7,0,0,1,0.2018032983543281,530.3632844709769,Segment 1 - Mass base
SUB100975,Mumbai,Prepaid,4G Feature,Monthly,22,189.13,2.01,0,0,1,0.2130584550893081,483.5489473324903,Segment 1 - Mass base
SUB101592,Bengaluru,Prepaid,5G Smart,Monthly,12,399.59,23.29,2,0,2,0.2096508643861585,1005.2926668007808,Segment 2 - High value
SUB100613,Delhi,Prepaid,4G Feature,Monthly,33,75.0,0.55,1,0,1,0.2837122770590263,255.34104935312368,Segment 1 - Mass base
SUB102200,Delhi,Prepaid,4G Smart,Monthly,17,175.78,6.39,1,0,1,0.2087065702815702,440.237291089133,Segment 1 - Mass base
SUB100588,Chennai,Postpaid,5G Smart,Annual,11,738.68,50.93,2,0,2,0.1855193276324965,1644.4730032268706,Segment 2 - High value
SUB100753,Mumbai,Prepaid,5G Smart,Monthly,9,267.49,12.9,0,0,1,0.1632631768815979,524.0552062087036,Segment 1 - Mass base
SUB101241,Mumbai,Postpaid,5G Smart,Monthly,22,404.7,14.41,0,0,2,0.1142777161778709,554.9783008462125,Segment 2 - High value
SUB100934,Chennai,Prepaid,4G Smart,Monthly,9,149.47,6.49,0,0,1,0.1708782216173521,306.49401342174747,Segment 1 - Mass base
SUB101069,Delhi,Prepaid,5G Smart,Monthly,32,379.93,14.48,2,1,2,0.6030553412636745,2749.4257896756944,Segment 2 - High value
SUB101760,Chennai,Prepaid,4G Smart,Monthly,11,242.61,7.37,1,1,1,0.5771770163248884,1680.346991166974,Segment 1 - Mass base
SUB101906,Mumbai,Prepaid,4G Feature,Monthly,14,85.48,0.71,2,1,1,0.6458549184310055,662.4921411297883,Segment 1 - Mass base
SUB102061,Chennai,Prepaid,4G Smart,Monthly,21,205.39,4.16,0,0,1,0.058877909575278,145.11520617199622,Segment 1 - Mass base
SUB103001,Delhi,Postpaid,4G Smart,Monthly,31,290.81,4.64,0,0,1,0.0552139249639249,192.6811382251083,Segment 1 - Mass base
SUB100856,Delhi,Postpaid,5G Smart,Annual,29,356.88,11.12,1,0,2,0.0494512987012987,211.77815376623371,Segment 2 - High value
SUB102148,Bengaluru,Postpaid,4G Smart,Monthly,5,222.84,3.06,2,0,1,0.2439665857018797,652.3861674936825,Segment 1 - Mass base
SUB100373,Chennai,Prepaid,4G Smart,Monthly,15,94.4,8.39,1,0,1,0.2558914258183375,289.8738071670127,Segment 1 - Mass base
SUB100096,Mumbai,Prepaid,4G Feature,Monthly,20,204.06,1.5,0,1,1,0.4618938755591679,1131.0487709592458,Segment 1 - Mass base
SUB102861,Mumbai,Postpaid,4G Smart,Monthly,8,307.73,5.3,0,1,1,0.6161145153579365,2275.163037733174,Segment 1 - Mass base
SUB103030,Mumbai,Postpaid,5G Smart,Annual,33,310.81,6.01,0,0,1,0.0672212000962,250.71625442279935,Segment 1 - Mass base
SUB100834,Bengaluru,Prepaid,4G Feature,Monthly,12,133.87,1.11,0,0,1,0.1192090578882863,191.50219895405868,Segment 1 - Mass base
SUB100848,Bengaluru,Prepaid,5G Smart,Monthly,16,279.99,13.6,0,1,1,0.4571054792157735,1535.819557507493,Segment 1 - Mass base
SUB102499,Kolkata,Postpaid,5G Smart,Annual,22,353.72,8.12,1,0,1,0.0636584064084064,270.20701817737825,Segment 1 - Mass base
SUB100804,Mumbai,Postpaid,5G Smart,Annual,7,484.46,23.73,1,0,2,0.1287035405071119,748.2206068089052,Segment 2 - High value
SUB102663,Chennai,Prepaid,5G Smart,Monthly,17,257.06,10.88,0,0,1,0.1601589726036647,494.0455859699767,Segment 1 - Mass base
SUB102428,Delhi,Postpaid,4G Feature,Annual,19,301.6,1.92,1,1,1,0.4568691965928808,1653.5009963089542,Segment 1 - Mass base
SUB101172,Kolkata,Postpaid,4G Smart,Annual,17,298.4,3.34,0,0,1,0.0503928571428571,180.44674285714288,Segment 1 - Mass base
SUB100315,Mumbai,Prepaid,5G Smart,Monthly,27,384.15,17.67,0,0,2,0.1593147468473555,734.4091200169394,Segment 2 - High value
SUB100514,Chennai,Prepaid,4G Smart,Monthly,15,75.0,4.28,1,0,1,0.2279974252327195,205.1976827094476,Segment 1 - Mass base
SUB101252,Bengaluru,Prepaid,4G Smart,Monthly,31,229.16,4.98,0,0,1,0.1039085484536432,285.7401955636425,Segment 1 - Mass base
SUB100125,Bengaluru,Prepaid,4G Smart,Monthly,43,219.51,6.19,2,0,1,0.1136012831189782,299.2394118893628,Segment 1 - Mass base
SUB102737,Delhi,Prepaid,4G Smart,Monthly,22,246.59,12.99,0,0,1,0.09900052213868,292.9504650501253,Segment 1 - Mass base
SUB102100,Hyderabad,Postpaid,4G Feature,Monthly,23,223.15,2.38,2,0,1,0.1301619306619307,348.54761792651806,Segment 1 - Mass base
SUB101931,Chennai,Postpaid,4G Smart,Annual,21,304.02,8.53,0,0,1,0.1669572957906291,609.1002847952046,Segment 1 - Mass base
SUB102605,Hyderabad,Postpaid,5G Smart,Monthly,48,431.0,14.48,0,0,2,0.1148589634861565,594.0505591504013,Segment 2 - High value
SUB102686,Chennai,Prepaid,5G Smart,Monthly,34,265.8,12.86,0,0,1,0.0961275261259781,306.6083573314198,Segment 1 - Mass base
SUB100416,Mumbai,Prepaid,4G Smart,Monthly,3,161.56,7.59,3,0,0,0.2565568870786262,497.39196811707416,Segment 0 - High risk
SUB102099,Delhi,Postpaid,4G Feature,Monthly,31,202.9,1.98,0,1,1,0.4415595158195775,1075.1091091175074,Segment 1 - Mass base
SUB101721,Delhi,Postpaid,4G Smart,Monthly,21,233.26,7.24,0,1,1,0.5297864169532829,1482.9357554222731,Segment 1 - Mass base
SUB101165,Hyderabad,Prepaid,4G Smart,Monthly,10,213.56,8.74,0,0,1,0.0946108135021178,242.46102397814744,Segment 1 - Mass base
SUB102732,Hyderabad,Prepaid,4G Smart,Monthly,48,155.48,2.46,2,0,1,0.1613608287847418,301.06057991342,Segment 1 - Mass base
SUB101689,Delhi,Postpaid,4G Smart,Monthly,32,331.41,14.2,0,0,2,0.1822201129701129,724.6748116731017,Segment 2 - High value
SUB100652,Bengaluru,Prepaid,4G Feature,Monthly,9,175.97,2.08,0,1,1,0.5140091793150052,1085.4023434087376,Segment 1 - Mass base
SUB102528,Chennai,Prepaid,4G Feature,Monthly,17,197.4,1.83,0,1,1,0.5261846878038828,1246.4262884698378,Segment 1 - Mass base
SUB100187,Mumbai,Prepaid,4G Feature,Monthly,21,152.18,1.28,2,1,1,0.6952347282347281,1269.609851313131,Segment 1 - Mass base
SUB100747,Chennai,Postpaid,5G Smart,Monthly,12,454.34,12.28,0,0,2,0.1551629389129389,845.9607559884562,Segment 2 - High value
SUB101382,Delhi,Postpaid,4G Feature,Annual,29,188.74,1.39,0,0,1,0.0717464687419397,162.49714212424445,Segment 1 - Mass base
SUB100195,Bengaluru,Postpaid,4G Smart,Annual,41,384.64,13.36,0,0,2,0.0607407407407407,280.3598222222222,Segment 2 - High value
SUB100737,Mumbai,Prepaid,4G Feature,Monthly,3,75.0,1.04,2,0,1,0.3346543042727253,301.1888738454528,Segment 1 - Mass base
SUB100849,Hyderabad,Prepaid,4G Feature,Monthly,32,110.91,1.54,3,0,0,0.3020011049367488,401.93931058241776,Segment 0 - High risk
SUB102820,Mumbai,Prepaid,4G Smart,Monthly,43,113.72,7.285,1,1,1,0.5045246915818605,688.4945751202702,Segment 1 - Mass base
SUB101704,Hyderabad,Prepaid,4G Smart,Monthly,1,171.57,5.98,2,0,1,0.2540853997471644,523.121184415452,Segment 1 - Mass base
SUB101507,Hyderabad,Prepaid,5G Smart,Monthly,6,416.22,16.36,0,0,2,0.1129811159050289,564.3000007438939,Segment 2 - High value
SUB101189,Hyderabad,Prepaid,4G Feature,Monthly,25,93.84,1.2,2,0,1,0.2329317278581985,262.29976010656026,Segment 1 - Mass base
SUB100805,Kolkata,Postpaid,4G Smart,Monthly,9,289.63,7.41,1,0,1,0.1209955914183854,420.5274377100839,Segment 1 - Mass base
SUB101537,Kolkata,Prepaid,4G Smart,Monthly,16,196.38,4.78,0,0,1,0.1293878635303623,304.9102636811107,Segment 1 - Mass base
SUB101522,Hyderabad,Postpaid,4G Feature,Monthly,11,217.09,1.75,0,1,1,0.5381805601805603,1402.0034137151738,Segment 1 - Mass base
SUB101903,Kolkata,Postpaid,4G Feature,Monthly,34,311.73,2.96,1,0,1,0.0683306878306878,255.6087038095239,Segment 1 - Mass base
SUB102245,Bengaluru,Prepaid,5G Smart,Monthly,31,239.3,15.2,0,0,2,0.2559490971990972,734.9834275169276,Segment 2 - High value
SUB102764,Bengaluru,Prepaid,5G Smart,Monthly,60,276.57,9.01,0,0,1,0.0453042328042327,150.35749999999996,Segment 1 - Mass base
SUB101391,Chennai,Prepaid,4G Feature,Monthly,15,186.46,1.36,1,0,1,0.1948921501987292,436.0750839126606,Segment 1 - Mass base
SUB100179,Kolkata,Prepaid,5G Smart,Monthly,40,405.44,25.27,0,0,2,0.2165516995082213,1053.584652583359,Segment 2 - High value
SUB101972,Bengaluru,Postpaid,4G Smart,Monthly,33,338.36,9.31,0,0,1,0.0932866785555464,378.7737666726565,Segment 1 - Mass base
SUB102743,Delhi,Prepaid,5G Smart,Monthly,18,299.27,7.285,5,1,0,0.7298259515275645,2620.9801501638503,Segment 0 - High risk
SUB101864,Bengaluru,Postpaid,4G Smart,Monthly,32,260.06,12.69,0,0,1,0.1351324166030048,421.7104351413294,Segment 1 - Mass base
SUB100126,Chennai,Prepaid,4G Smart,Monthly,42,231.29,13.83,0,0,1,0.1225238187738188,340.06240853035854,Segment 1 - Mass base
SUB102359,Kolkata,Prepaid,4G Smart,Monthly,5,293.48,7.2,1,0,1,0.2060428376208428,725.6334238195793,Segment 1 - Mass base
SUB102269,Kolkata,Postpaid,4G Feature,Monthly,22,224.83,0.71,1,0,1,0.1899041632126738,512.3538361812655,Segment 1 - Mass base
SUB101407,Hyderabad,Postpaid,5G Smart,Annual,48,372.38,9.9,1,0,2,0.0861694430297371,385.0533263449621,Segment 2 - High value
SUB100515,Delhi,Postpaid,4G Smart,Monthly,12,294.93,3.65,2,0,1,0.2030149262502203,718.5023063877297,Segment 1 - Mass base
SUB100319,Kolkata,Prepaid,5G Smart,Monthly,26,477.76,23.19,0,0,2,0.2969699417456856,1702.5643124210249,Segment 2 - High value
SUB101775,Bengaluru,Postpaid,5G Smart,Annual,16,787.07,56.35,1,0,2,0.0681099840521003,643.2879017746396,Segment 2 - High value
SUB100930,Mumbai,Prepaid,4G Feature,Monthly,27,119.08,0.55,0,0,1,0.2396881594535049,342.50479233268044,Segment 1 - Mass base
SUB102891,Kolkata,Postpaid,5G Smart,Annual,34,357.09,9.17,0,0,2,0.0438068783068782,187.71597809523803,Segment 2 - High value
SUB101794,Hyderabad,Prepaid,4G Smart,Monthly,10,223.37,10.95,1,0,1,0.2518571608703189,675.0880082832376,Segment 1 - Mass base
SUB103144,Hyderabad,Prepaid,4G Smart,Monthly,10,117.88,3.65,8,1,0,0.7160518160518162,1012.8982569142572,Segment 0 - High risk
SUB102522,Hyderabad,Prepaid,5G Smart,Monthly,20,225.2,6.84,0,0,1,0.1864273913221281,503.8013823089192,Segment 1 - Mass base
SUB100306,Kolkata,Postpaid,5G Smart,Monthly,22,376.08,14.22,1,0,2,0.1294520489257331,584.2119187198766,Segment 2 - High value
SUB100653,Chennai,Postpaid,5G Smart,Annual,18,405.3,17.73,0,0,2,0.0519153439153439,252.49546666666677,Segment 2 - High value
SUB101528,Kolkata,Postpaid,4G Smart,Monthly,16,278.67,3.34,1,1,1,0.4165628101213208,1393.0026995581018,Segment 1 - Mass base
SUB103197,Mumbai,Prepaid,4G Feature,Monthly,47,153.47,1.1,3,0,0,0.1924485261651927,354.4209037268656,Segment 0 - High risk
SUB102115,Kolkata,Prepaid,4G Feature,Monthly,30,130.27,0.87,4,0,0,0.3550269947867202,554.9923993303926,Segment 0 - High risk
SUB100896,Mumbai,Postpaid,4G Smart,Monthly,9,336.45,12.8,2,1,2,0.5636687624690597,2275.7562615925817,Segment 2 - High value
SUB102878,Chennai,Postpaid,5G Smart,Annual,33,360.64,11.49,0,0,2,0.0297513782513782,128.7544446309246,Segment 2 - High value
SUB100946,Mumbai,Postpaid,4G Feature,Monthly,7,218.56,1.26,1,0,1,0.1457236238706827,382.192262798117,Segment 1 - Mass base
SUB101442,Hyderabad,Postpaid,4G Smart,Monthly,33,297.67,7.72,1,1,1,0.3740759980759982,1336.2144281673886,Segment 1 - Mass base
SUB100427,Bengaluru,Prepaid,5G Smart,Monthly,39,272.04,14.55,3,0,0,0.1627176110926111,531.1883870596072,Segment 0 - High risk
SUB101878,Chennai,Prepaid,4G Feature,Monthly,19,173.58,1.29,1,0,1,0.2699623617123617,562.3208009523811,Segment 1 - Mass base
SUB102805,Kolkata,Postpaid,4G Smart,Monthly,12,291.2,11.44,0,1,1,0.414568309555605,1448.667500911106,Segment 1 - Mass base
SUB100182,Hyderabad,Prepaid,5G Smart,Monthly,19,571.49,34.43,1,0,2,0.169277265359162,1160.88317256129,Segment 2 - High value
SUB100431,Delhi,Postpaid,4G Smart,Annual,43,276.52,10.0,1,0,1,0.0904656509068273,300.1867414650709,Segment 1 - Mass base
SUB100281,Kolkata,Prepaid,5G Smart,Monthly,10,294.69,6.84,1,0,1,0.1365153827653828,482.756617765568,Segment 1 - Mass base
SUB102139,Kolkata,Prepaid,5G Smart,Monthly,15,391.23,24.56,0,0,2,0.3068395308395308,1440.5379558041957,Segment 2 - High value
SUB102399,Bengaluru,Prepaid,4G Smart,Monthly,15,124.02,4.43,1,0,1,0.2637043474745087,392.4553580854629,Segment 1 - Mass base
SUB101967,Hyderabad,Postpaid,4G Smart,Annual,25,335.99,8.84,1,1,1,0.5282067736185383,2129.666326417112,Segment 1 - Mass base
SUB102262,Hyderabad,Prepaid,4G Feature,Monthly,10,179.63,2.36,0,0,1,0.1900296417835116,409.6202946428664,Segment 1 - Mass base
SUB102938,Hyderabad,Postpaid,4G Smart,Monthly,22,239.72,7.8,2,0,1,0.1158566017316016,333.27773480519465,Segment 1 - Mass base
SUB101806,Chennai,Postpaid,4G Smart,Monthly,48,211.86,6.01,0,0,1,0.0694933769933769,176.67440219780218,Segment 1 - Mass base
SUB102332,Hyderabad,Postpaid,4G Smart,Annual,15,395.64,16.56,0,0,2,0.1109578754578754,526.7924861538459,Segment 2 - High value
SUB103162,Bengaluru,Prepaid,4G Smart,Monthly,23,259.44,7.285,0,0,1,0.0917565164304294,285.66372747252746,Segment 1 - Mass base
SUB102349,Bengaluru,Prepaid,4G Smart,Monthly,28,162.7,4.15,1,0,1,0.161425535590281,315.16721568646466,Segment 1 - Mass base
SUB101754,Delhi,Postpaid,4G Feature,Annual,36,235.96,1.03,1,0,1,0.1622200176366842,459.3292243386243,Segment 1 - Mass base
SUB101417,Hyderabad,Prepaid,4G Feature,Monthly,37,169.51,1.52,0,0,1,0.0738903841729928,150.3019082539682,Segment 1 - Mass base
SUB100825,Delhi,Prepaid,4G Smart,Monthly,36,159.91,8.09,0,0,1,0.1554061032705594,298.2118796879418,Segment 1 - Mass base
SUB102932,Delhi,Prepaid,4G Feature,Monthly,12,90.18,2.41,3,0,0,0.2786925805675807,301.5899629870132,Segment 0 - High risk
SUB102177,Kolkata,Postpaid,5G Smart,Monthly,21,460.28,16.91,2,0,2,0.1725854238354239,953.251426595627,Segment 2 - High value
SUB100842,Delhi,Postpaid,4G Smart,Annual,16,213.26,5.59,0,0,1,0.0856292688792688,219.13557457431443,Segment 1 - Mass base
SUB103090,Mumbai,Postpaid,4G Smart,Monthly,8,246.17,6.22,2,0,1,0.1523628348775407,450.0859087416504,Segment 1 - Mass base
SUB101779,Kolkata,Prepaid,4G Smart,Monthly,10,117.42,7.03,1,0,1,0.3126352045145148,440.515508569132,Segment 1 - Mass base
SUB102609,Bengaluru,Postpaid,5G Smart,Monthly,33,545.89,7.285,0,0,2,0.0701667869167869,459.6401677200578,Segment 2 - High value
SUB100749,Mumbai,Prepaid,4G Feature,Monthly,18,106.71,0.5,2,1,1,0.5547651317216534,710.3878464722115,Segment 1 - Mass base
SUB100668,Bengaluru,Prepaid,4G Smart,Monthly,23,141.68,3.57,0,0,1,0.0922294187294187,156.80476854700856,Segment 1 - Mass base
SUB101894,Chennai,Prepaid,5G Smart,Monthly,66,294.01,17.42,1,0,2,0.142725638396691,503.5531793401336,Segment 2 - High value
SUB101873,Kolkata,Prepaid,4G Smart,Monthly,34,151.41,7.45,1,0,1,0.1038601689522742,188.70561817276604,Segment 1 - Mass base
SUB101821,Chennai,Prepaid,5G Smart,Monthly,15,432.99,30.83,0,0,2,0.1268910050828209,659.3104354897278,Segment 2 - High value
SUB102120,Chennai,Postpaid,5G Smart,Monthly,18,465.71,16.74,1,0,2,0.0754844507344507,421.84636261849255,Segment 2 - High value
SUB100728,Bengaluru,Postpaid,5G Smart,Monthly,8,335.05,11.29,1,0,2,0.1972178654678654,792.9341499000998,Segment 2 - High value
SUB100718,Mumbai,Prepaid,5G Smart,Monthly,13,366.62,15.35,0,0,2,0.1038139650345532,456.7233103316152,Segment 2 - High value
SUB100774,Mumbai,Postpaid,4G Smart,Monthly,14,251.72,2.46,1,1,1,0.526418369276922,1590.120382972642,Segment 1 - Mass base
SUB102445,Hyderabad,Prepaid,5G Smart,Monthly,23,301.4,10.84,0,0,1,0.0758840186193127,274.4573185423303,Segment 1 - Mass base
SUB101626,Hyderabad,Prepaid,4G Feature,Monthly,24,78.31,0.52,1,1,1,0.5035100148361015,473.1584311417813,Segment 1 - Mass base
SUB102513,Hyderabad,Prepaid,4G Smart,Monthly,52,243.98,7.53,0,0,1,0.0673714896214896,197.2475524542124,Segment 1 - Mass base
SUB100730,Hyderabad,Prepaid,4G Smart,Monthly,35,192.56,7.34,1,0,1,0.1296753988281447,299.6435375801707,Segment 1 - Mass base
SUB100671,Bengaluru,Prepaid,4G Smart,Monthly,44,115.05,3.03,0,0,1,0.2018238449181845,278.6380002940455,Segment 1 - Mass base
SUB100359,Hyderabad,Prepaid,4G Feature,Monthly,23,98.69,2.45,1,1,1,0.5775467064611802,683.9770135278466,Segment 1 - Mass base
SUB101735,Hyderabad,Prepaid,4G Smart,Monthly,40,209.83,4.4,0,0,1,0.079991296494297,201.41488492078017,Segment 1 - Mass base
SUB102297,Bengaluru,Postpaid,4G Feature,Monthly,15,261.86,3.93,2,0,1,0.1455431110284051,457.34302864677807,Segment 1 - Mass base
SUB100370,Mumbai,Postpaid,4G Smart,Monthly,16,292.3,5.34,0,0,1,0.0631813741813741,221.61498807858808,Segment 1 - Mass base
SUB102898,Hyderabad,Postpaid,4G Smart,Monthly,20,304.29,7.285,2,0,1,0.1317878186628186,481.220584090909,Segment 1 - Mass base
SUB100207,Delhi,Prepaid,4G Smart,Monthly,28,121.85,2.46,4,1,0,0.7247784080565712,1059.7709882603183,Segment 0 - High risk
SUB101446,Hyderabad,Prepaid,4G Smart,Monthly,14,175.1,3.9,0,0,1,0.0712044851897792,149.6148642807642,Segment 1 - Mass base
SUB102976,Hyderabad,Prepaid,4G Smart,Monthly,27,230.95,5.53,0,0,1,0.0687082019287901,190.41791082544907,Segment 1 - Mass base
SUB100833,Hyderabad,Prepaid,5G Smart,Monthly,23,287.36,13.07,2,1,2,0.5759141169288227,1985.936167687998,Segment 2 - High value
SUB101658,Hyderabad,Prepaid,4G Smart,Monthly,26,144.7,8.48,2,0,1,0.1986187193687193,344.88154431184427,Segment 1 - Mass base
SUB101011,Bengaluru,Prepaid,4G Smart,Monthly,19,147.28,6.8,1,0,1,0.2013923634844687,355.9328075279107,Segment 1 - Mass base
SUB101819,Chennai,Prepaid,4G Smart,Monthly,6,218.16,11.45,0,0,1,0.0876298189321444,229.40785557883967,Segment 1 - Mass base
SUB100597,Mumbai,Prepaid,5G Smart,Monthly,61,365.48,14.24,0,0,2,0.0727461394814335,319.0471086920922,Segment 2 - High value
SUB102640,Hyderabad,Postpaid,4G Smart,Monthly,23,225.96,7.21,0,1,1,0.4993838286647617,1354.0892391010748,Segment 1 - Mass base
SUB101767,Mumbai,Prepaid,4G Smart,Monthly,19,192.71,6.3,1,0,1,0.1119003589003588,258.7718179642578,Segment 1 - Mass base
SUB102832,Mumbai,Prepaid,5G Smart,Monthly,42,228.93,12.28,1,0,1,0.148956413956414,409.2071021645023,Segment 1 - Mass base
SUB101091,Delhi,Prepaid,4G Smart,Monthly,7,241.67,5.75,2,0,1,0.2032604546869253,589.463449010271,Segment 1 - Mass base
SUB100415,Chennai,Prepaid,5G Smart,Monthly,36,260.54,5.94,0,0,1,0.1071433863496423,334.98165455442984,Segment 1 - Mass base
SUB101321,Bengaluru,Prepaid,5G Smart,Monthly,19,385.83,15.92,0,0,2,0.1255950263019228,581.4999479768506,Segment 2 - High value
SUB101017,Kolkata,Prepaid,4G Smart,Monthly,3,92.4,6.67,2,1,1,0.73926953792395,819.7020636500758,Segment 1 - Mass base
SUB103158,Mumbai,Prepaid,4G Smart,Monthly,25,141.16,5.42,0,0,1,0.0708025365439158,119.93383270246996,Segment 1 - Mass base
SUB102831,Bengaluru,Postpaid,4G Smart,Monthly,12,281.92,10.99,0,0,1,0.0922606660650138,312.12152372458456,Segment 1 - Mass base
SUB102225,Bengaluru,Prepaid,4G Smart,Monthly,32,233.34,5.95,1,0,1,0.085106536056536,238.30510948118555,Segment 1 - Mass base
SUB101263,Delhi,Prepaid,4G Feature,Monthly,14,170.23,1.69,0,0,1,0.1613227463917118,329.5436534191333,Segment 1 - Mass base
SUB100673,Hyderabad,Prepaid,4G Smart,Monthly,68,139.07,4.11,1,0,1,0.1038337781060104,173.2819622544344,Segment 1 - Mass base
SUB102422,Hyderabad,Prepaid,5G Smart,Monthly,22,439.49,24.23,2,0,2,0.1576922981845583,831.6502575495783,Segment 2 - High value
SUB100188,Bengaluru,Postpaid,4G Smart,Monthly,25,274.91,4.8,0,0,1,0.0353690476190476,116.67965857142858,Segment 1 - Mass base
SUB101545,Bengaluru,Postpaid,4G Feature,Annual,34,277.87,0.96,2,0,1,0.1414219095719096,471.5628721529582,Segment 1 - Mass base
SUB100424,Kolkata,Prepaid,4G Smart,Monthly,9,271.21,19.01,0,1,2,0.5014843265895896,1632.0907705723512,Segment 2 - High value
SUB103179,Hyderabad,Postpaid,4G Smart,Annual,72,232.26,4.68,1,0,1,0.0774957417310358,215.9899316934046,Segment 1 - Mass base
SUB100632,Mumbai,Prepaid,4G Feature,Monthly,18,130.87,1.15,0,0,1,0.1030882608676726,161.89392839702776,Segment 1 - Mass base
SUB101364,Chennai,Prepaid,4G Smart,Monthly,16,81.39,2.84,0,0,1,0.1375836524586524,134.37520168331667,Segment 1 - Mass base
SUB100341,Chennai,Prepaid,4G Smart,Monthly,16,153.43,5.57,1,0,1,0.2664271976643146,490.5350992516296,Segment 1 - Mass base
SUB100475,Bengaluru,Postpaid,5G Smart,Monthly,10,489.8,22.73,2,0,2,0.1650746336996336,970.2426670329668,Segment 2 - High value
SUB100445,Delhi,Prepaid,4G Smart,Monthly,13,139.32,8.09,0,0,1,0.2498180537209181,417.65581493277966,Segment 1 - Mass base
SUB102860,Hyderabad,Prepaid,4G Feature,Monthly,21,75.0,0.95,0,0,1,0.1714877967377968,154.3390170640171,Segment 1 - Mass base
SUB101901,Delhi,Prepaid,4G Smart,Monthly,21,160.75,6.75,0,0,1,0.1465635521885522,282.72109217171726,Segment 1 - Mass base
SUB100922,Hyderabad,Prepaid,4G Smart,Monthly,37,176.38,6.26,1,0,1,0.0822286763364349,174.04192718664478,Segment 1 - Mass base
SUB101367,Kolkata,Postpaid,4G Smart,Annual,21,254.87,6.03,0,0,1,0.0330546023177602,101.09551791273051,Segment 1 - Mass base
SUB102540,Mumbai,Prepaid,5G Smart,Monthly,12,252.95,6.42,1,0,1,0.1173809523809524,356.2981428571429,Segment 1 - Mass base
SUB102172,Kolkata,Prepaid,4G Smart,Monthly,6,202.1,7.63,0,0,1,0.1259801490177687,305.52705739789275,Segment 1 - Mass base
SUB100714,Mumbai,Prepaid,4G Smart,Monthly,34,192.14,6.25,1,0,1,0.0960296881481091,221.4137313693323,Segment 1 - Mass base
SUB100297,Kolkata,Prepaid,5G Smart,Monthly,7,403.89,15.48,0,1,2,0.5542281104836777,2686.166298519031,Segment 2 - High value
SUB101353,Chennai,Postpaid,5G Smart,Monthly,17,379.74,11.56,2,0,2,0.1193549365288495,543.886123169584,Segment 2 - High value
SUB102884,Delhi,Prepaid,4G Feature,Monthly,30,123.63,1.08,0,0,1,0.1394781929021059,206.92426786184828,Segment 1 - Mass base
SUB102038,Bengaluru,Prepaid,5G Smart,Monthly,13,336.69,13.81,0,0,2,0.138309496059496,558.8090907392608,Segment 2 - High value
SUB102993,Hyderabad,Prepaid,4G Feature,Monthly,2,85.29,1.47,0,0,1,0.2318144366048573,237.25743957633944,Segment 1 - Mass base
SUB102669,Bengaluru,Prepaid,5G Smart,Monthly,17,332.15,12.49,0,0,2,0.1400720113220113,558.2990227272727,Segment 2 - High value
SUB102334,Mumbai,Postpaid,4G Smart,Annual,23,265.03,3.65,0,0,1,0.0897700442259265,285.5010578543678,Segment 1 - Mass base
SUB100769,Mumbai,Postpaid,5G Smart,Monthly,29,443.51,17.23,0,0,2,0.0470214752567693,250.25393389355736,Segment 2 - High value
SUB100950,Mumbai,Prepaid,4G Smart,Monthly,19,231.67,5.44,1,0,1,0.2083256072631073,579.1535212157288,Segment 1 - Mass base
SUB102904,Bengaluru,Postpaid,4G Feature,Monthly,17,219.11,1.43,1,1,1,0.5898033344650995,1550.7817033757754,Segment 1 - Mass base
SUB101180,Chennai,Prepaid,5G Smart,Monthly,23,212.84,12.06,1,0,1,0.1680887353387353,429.3120771539572,Segment 1 - Mass base
SUB100663,Bengaluru,Postpaid,4G Feature,Monthly,18,191.32,1.26,1,0,1,0.1717583610381199,394.32971560575726,Segment 1 - Mass base
SUB102400,Delhi,Prepaid,4G Smart,Monthly,44,189.59,10.4,0,0,1,0.068964870246896,156.90059700130828,Segment 1 - Mass base
SUB100893,Delhi,Prepaid,5G Smart,Monthly,17,301.67,12.94,0,0,2,0.1589600704306586,575.4418133618017,Segment 2 - High value
SUB101574,Bengaluru,Prepaid,4G Smart,Monthly,25,180.03,4.62,0,1,1,0.6765605298341185,1461.6143062324363,Segment 1 - Mass base
SUB100962,Mumbai,Prepaid,4G Smart,Monthly,20,186.32,8.35,2,0,1,0.2607049062049064,582.894457489178,Segment 1 - Mass base
SUB101622,Mumbai,Prepaid,4G Feature,Monthly,20,205.68,4.41,0,0,1,0.1065840589806106,263.0665110135841,Segment 1 - Mass base
SUB101219,Mumbai,Prepaid,4G Smart,Monthly,12,145.71,10.96,0,0,1,0.2309727402227402,403.86045573426577,Segment 1 - Mass base
SUB103196,Delhi,Postpaid,4G Feature,Monthly,24,231.04,3.13,2,0,1,0.0979878110463216,271.6692463697059,Segment 1 - Mass base
SUB103127,Delhi,Postpaid,4G Smart,Annual,24,319.76,10.65,7,1,0,0.5946093352939992,2281.58737264331,Segment 0 - High risk
SUB103060,Hyderabad,Postpaid,4G Smart,Monthly,31,284.39,13.98,0,0,2,0.1052667147667147,359.241612150072,Segment 2 - High value
SUB101632,Delhi,Postpaid,4G Feature,Monthly,47,191.66,1.84,2,1,1,0.574578069104385,1321.483592694557,Segment 1 - Mass base
SUB101583,Kolkata,Prepaid,4G Smart,Monthly,14,233.28,9.03,0,1,1,0.595560081085085,1667.1870685863432,Segment 1 - Mass base
SUB100735,Chennai,Postpaid,4G Smart,Annual,13,235.51,8.63,0,0,1,0.079588474729779,224.9265802033232,Segment 1 - Mass base
SUB101660,Mumbai,Postpaid,4G Smart,Annual,35,297.5,4.29,0,0,1,0.0233913308913308,83.50705128205126,Segment 1 - Mass base
SUB101937,Bengaluru,Prepaid,5G Smart,Monthly,41,384.7,20.69,0,0,2,0.1447253475128651,668.1100942583906,Segment 2 - High value
SUB102674,Kolkata,Postpaid,5G Smart,Monthly,15,491.16,18.79,0,1,2,0.3177844699583833,1872.9962431771148,Segment 2 - High value
SUB102556,Mumbai,Prepaid,4G Smart,Monthly,25,216.15,9.38,3,0,0,0.3356143208643209,870.5164254578756,Segment 0 - High risk
SUB100972,Hyderabad,Prepaid,4G Smart,Monthly,11,173.66,4.58,2,0,1,0.1494495874495875,311.4409842779444,Segment 1 - Mass base
SUB101299,Chennai,Prepaid,4G Smart,Monthly,14,247.98,7.21,1,0,1,0.2043027898027898,607.9560697835498,Segment 1 - Mass base
SUB101915,Bengaluru,Postpaid,5G Smart,Monthly,7,456.18,7.285,1,1,2,0.5876566506609607,3216.926530782205,Segment 2 - High value
SUB100569,Delhi,Prepaid,4G Smart,Monthly,15,152.05,6.55,2,0,1,0.3423375744625745,624.6291383644136,Segment 1 - Mass base
SUB103125,Bengaluru,Prepaid,4G Smart,Monthly,43,160.26,7.66,0,0,1,0.1054864351048561,202.86307307885096,Segment 1 - Mass base
SUB101765,Bengaluru,Prepaid,4G Smart,Monthly,10,162.47,3.3,2,0,1,0.2634569771042422,513.6462608415147,Segment 1 - Mass base
SUB102322,Mumbai,Postpaid,4G Smart,Monthly,30,293.88,8.05,0,0,1,0.0510210622710622,179.9288373626373,Segment 1 - Mass base
SUB102554,Mumbai,Prepaid,4G Smart,Monthly,10,176.26,8.49,0,0,1,0.2028277254336078,429.0049786191325,Segment 1 - Mass base
SUB100667,Kolkata,Postpaid,4G Feature,Annual,10,211.07,3.41,1,0,1,0.1217373737373736,308.3412896969695,Segment 1 - Mass base
SUB100524,Kolkata,Postpaid,4G Smart,Annual,26,272.8,5.27,0,0,1,0.0204351851851851,66.89662222222222,Segment 1 - Mass base
SUB100781,Kolkata,Postpaid,4G Smart,Annual,27,300.94,6.89,2,0,1,0.1766672124172124,637.9947708580311,Segment 1 - Mass base
SUB102702,Delhi,Prepaid,4G Smart,Monthly,24,200.82,9.28,0,0,1,0.2237353171288703,539.1663166298368,Segment 1 - Mass base
SUB100562,Bengaluru,Prepaid,5G Smart,Monthly,29,292.3,10.74,1,0,1,0.1443955026455026,506.48166507936514,Segment 1 - Mass base
SUB101472,Chennai,Prepaid,4G Feature,Monthly,13,153.46,1.68,0,0,1,0.1603631885973216,295.31201906573983,Segment 1 - Mass base
SUB100204,Delhi,Postpaid,5G Smart,Monthly,10,429.12,12.75,3,0,2,0.3057188045448916,1574.280640875647,Segment 2 - High value
SUB101084,Hyderabad,Postpaid,4G Feature,Monthly,30,259.9,2.03,0,0,1,0.1147647907647907,357.92842943722934,Segment 1 - Mass base
SUB102542,Kolkata,Prepaid,4G Smart,Monthly,23,192.92,5.38,0,0,1,0.1125305556710222,260.5127376006432,Segment 1 - Mass base
SUB101265,Hyderabad,Postpaid,5G Smart,Annual,14,497.31,21.6,2,1,2,0.4462805005840719,2663.277068945578,Segment 2 - High value
SUB102493,Hyderabad,Prepaid,4G Smart,Monthly,14,105.1,6.81,0,1,1,0.4358698750001414,549.7190863501784,Segment 1 - Mass base
SUB100936,Bengaluru,Prepaid,4G Smart,Monthly,29,94.89,4.13,0,0,1,0.1493586548529004,170.07171310790068,Segment 1 - Mass base
SUB101484,Chennai,Prepaid,4G Smart,Monthly,8,155.5,10.0,0,0,1,0.1980350072198577,369.53332347225466,Segment 1 - Mass base
SUB102630,Kolkata,Prepaid,5G Smart,Monthly,37,398.11,16.73,2,1,2,0.5258677163903136,2512.238358865773,Segment 2 - High value
SUB100284,Chennai,Prepaid,4G Smart,Monthly,17,309.24,13.79,1,0,2,0.2471186275561276,917.0275726254828,Segment 2 - High value
SUB101253,Mumbai,Prepaid,5G Smart,Monthly,26,229.1,10.78,1,1,1,0.5229783983577088,1437.772212765013,Segment 1 - Mass base
SUB102992,Chennai,Postpaid,4G Smart,Monthly,7,288.64,6.36,1,1,1,0.4740218285613022,1641.8599271512112,Segment 1 - Mass base
SUB102918,Chennai,Postpaid,4G Feature,Annual,8,154.19,0.9,1,1,1,0.5181655844155845,958.7514175324676,Segment 1 - Mass base
SUB102978,Kolkata,Postpaid,4G Smart,Monthly,14,165.43,8.16,0,0,1,0.1299198221956843,257.91163422998466,Segment 1 - Mass base
SUB101783,Mumbai,Prepaid,4G Smart,Monthly,5,247.16,11.43,0,0,1,0.1102721620744876,327.0584109399643,Segment 1 - Mass base
SUB101692,Hyderabad,Prepaid,4G Feature,Monthly,51,160.86,0.79,2,1,1,0.5434911292411291,1049.1117965967364,Segment 1 - Mass base
SUB102876,Delhi,Postpaid,4G Smart,Annual,31,302.48,8.12,1,0,1,0.13212494214381,479.581829995916,Segment 1 - Mass base
SUB103077,Chennai,Prepaid,4G Smart,Monthly,49,183.19,3.57,1,1,1,0.6094598293339214,1339.7633536281728,Segment 1 - Mass base
SUB101153,Mumbai,Postpaid,5G Smart,Monthly,19,409.94,9.72,0,0,2,0.2033704887160769,1000.4363777312232,Segment 2 - High value
SUB100633,Delhi,Prepaid,5G Smart,Monthly,22,278.18,9.93,5,1,0,0.7363942165958295,2458.201718071534,Segment 0 - High risk
SUB102285,Mumbai,Postpaid,4G Feature,Annual,10,269.73,1.37,5,1,0,0.6199588443963441,2006.6579891883107,Segment 0 - High risk
SUB102736,Delhi,Prepaid,4G Feature,Monthly,12,150.07,2.95,1,0,1,0.3519696949220944,633.8411054035046,Segment 1 - Mass base
SUB100376,Delhi,Postpaid,5G Smart,Annual,15,501.39,21.85,0,0,2,0.0756210757496471,454.9878140413872,Segment 2 - High value
SUB102137,Delhi,Prepaid,5G Smart,Monthly,5,341.9,10.75,0,0,2,0.1940230470721997,796.037757527821,Segment 2 - High value
SUB102358,Delhi,Postpaid,4G Smart,Annual,14,283.93,10.62,4,0,0,0.2305433406749197,785.4980486139593,Segment 0 - High risk
SUB101415,Bengaluru,Prepaid,5G Smart,Monthly,10,264.72,10.52,4,1,0,0.7044100215404563,2237.6570508262757,Segment 0 - High risk
SUB102698,Mumbai,Prepaid,5G Smart,Monthly,14,309.84,14.34,1,1,2,0.5344216071285037,1987.022289032347,Segment 2 - High value
SUB102846,Bengaluru,Prepaid,4G Feature,Monthly,15,75.0,1.07,1,0,1,0.3007089942687196,270.6380948418477,Segment 1 - Mass base
SUB102721,Kolkata,Prepaid,4G Feature,Monthly,21,75.0,7.285,0,1,1,0.5594911523661527,503.5420371295374,Segment 1 - Mass base
SUB100225,Kolkata,Prepaid,4G Feature,Monthly,40,108.26,0.88,0,0,1,0.124357759846466,161.55565297174104,Segment 1 - Mass base
SUB103102,Mumbai,Prepaid,5G Smart,Monthly,36,293.86,15.92,1,0,2,0.1597033629879325,563.1651629716063,Segment 2 - High value
SUB102226,Chennai,Prepaid,4G Feature,Monthly,13,100.45,1.46,1,0,1,0.2319843131427733,279.6338910622989,Segment 1 - Mass base
SUB100705,Delhi,Prepaid,4G Feature,Monthly,8,123.37,1.54,0,0,1,0.1548574660633484,229.25718705882355,Segment 1 - Mass base
SUB100799,Bengaluru,Postpaid,5G Smart,Monthly,28,412.25,8.15,0,0,2,0.0866648629148628,428.7310768398266,Segment 2 - High value
SUB102394,Chennai,Postpaid,5G Smart,Monthly,51,336.63,10.65,0,0,2,0.051028897028897,206.1342912820513,Segment 2 - High value
SUB102486,Hyderabad,Postpaid,4G Feature,Annual,14,223.26,1.38,1,0,1,0.1008520294348467,270.1946890994867,Segment 1 - Mass base
SUB100173,Hyderabad,Prepaid,4G Smart,Monthly,33,124.67,3.83,1,0,1,0.2866538096050291,428.84556532150776,Segment 1 - Mass base
SUB102968,Mumbai,Prepaid,4G Feature,Monthly,49,105.65,2.81,4,1,0,0.7010762490327709,888.8244685237469,Segment 0 - High risk
SUB101074,Kolkata,Prepaid,4G Feature,Monthly,10,153.39,1.42,1,0,1,0.2333901435245829,429.5965693828293,Segment 1 - Mass base
SUB100111,Delhi,Prepaid,4G Smart,Monthly,23,205.92,7.33,0,0,1,0.1115459902199032,275.6346036729897,Segment 1 - Mass base
SUB100071,Chennai,Prepaid,4G Smart,Monthly,36,178.86,4.74,3,0,0,0.2610190980043921,560.2305104287869,Segment 0 - High risk
SUB102354,Bengaluru,Postpaid,5G Smart,Monthly,29,379.8,13.81,0,0,2,0.0404072039072039,184.1598725274725,Segment 2 - High value
SUB103015,Bengaluru,Prepaid,5G Smart,Monthly,15,302.54,10.0,1,0,1,0.1127346366915332,409.2808438158777,Segment 1 - Mass base
SUB101947,Kolkata,Prepaid,5G Smart,Monthly,39,405.28,20.46,1,0,2,0.1410527898027898,685.9904958152958,Segment 2 - High value
SUB102201,Kolkata,Postpaid,5G Smart,Monthly,27,429.7,14.27,3,0,2,0.1425372775372775,734.9792178932179,Segment 2 - High value
SUB103024,Hyderabad,Prepaid,4G Smart,Monthly,2,233.1,10.55,1,0,1,0.3214604565732019,899.1891891265604,Segment 1 - Mass base
SUB103128,Bengaluru,Prepaid,4G Smart,Monthly,17,131.38,3.85,0,0,1,0.1360691102967317,214.5211165294154,Segment 1 - Mass base
SUB102442,Mumbai,Prepaid,4G Smart,Monthly,15,166.61,4.21,0,1,1,0.4787398619898617,957.1541808735705,Segment 1 - Mass base
SUB101809,Delhi,Prepaid,4G Feature,Monthly,15,152.12,1.69,3,0,0,0.262221028971029,478.6687551248753,Segment 0 - High risk
SUB102264,Hyderabad,Prepaid,4G Smart,Monthly,58,149.53,6.82,1,0,1,0.0996703481703481,178.84448594294594,Segment 1 - Mass base
SUB101912,Delhi,Prepaid,5G Smart,Monthly,36,208.84,12.56,0,1,1,0.4879454211961818,1222.8302611513272,Segment 1 - Mass base
SUB101431,Delhi,Postpaid,4G Smart,Annual,50,369.59,22.22,1,0,2,0.1036161616161615,459.5459660606058,Segment 2 - High value
SUB100031,Kolkata,Prepaid,5G Smart,Monthly,16,287.4,14.18,1,0,2,0.2634449531949532,908.5689545787544,Segment 2 - High value
SUB100948,Hyderabad,Prepaid,4G Smart,Monthly,15,232.85,4.94,0,1,1,0.4431968058338424,1238.3805148609224,Segment 1 - Mass base
SUB102425,Chennai,Postpaid,5G Smart,Monthly,16,468.44,23.58,1,0,2,0.0855149801888932,480.70364783622153,Segment 2 - High value
SUB100119,Delhi,Prepaid,4G Smart,Monthly,29,135.11,4.73,0,0,1,0.0889353577179663,144.19267417529326,Segment 1 - Mass base
SUB100428,Chennai,Postpaid,5G Smart,Monthly,21,441.59,18.49,2,1,2,0.524646765271765,2780.1451809163045,Segment 2 - High value
SUB102533,Hyderabad,Postpaid,5G Smart,Monthly,61,391.07,17.78,1,0,2,0.0793024227234753,372.1535814536341,Segment 2 - High value
SUB102443,Kolkata,Postpaid,4G Smart,Annual,51,264.27,6.75,1,0,1,0.0483220931115667,153.24095455912507,Segment 1 - Mass base
SUB101245,Bengaluru,Postpaid,4G Smart,Annual,20,331.83,8.42,0,0,1,0.1474866354835395,587.285883030035,Segment 1 - Mass base
SUB101874,Chennai,Prepaid,4G Feature,Monthly,48,118.57,1.49,0,0,1,0.1033549475903351,147.0575536294324,Segment 1 - Mass base
SUB101743,Bengaluru,Prepaid,4G Feature,Monthly,13,75.0,1.85,1,0,1,0.2319960788912402,208.79647100211616,Segment 1 - Mass base
SUB102434,Delhi,Prepaid,4G Smart,Monthly,49,104.17,2.99,2,0,1,0.1894086544943734,236.7683944641466,Segment 1 - Mass base
SUB100740,Mumbai,Prepaid,4G Feature,Monthly,32,82.22,1.73,0,0,1,0.2338279467254856,230.7040053572331,Segment 1 - Mass base
SUB103194,Bengaluru,Prepaid,4G Smart,Monthly,35,333.19,17.11,0,0,2,0.1069943505132184,427.7933717699912,Segment 2 - High value
SUB101052,Bengaluru,Prepaid,4G Smart,Monthly,29,139.27,3.56,2,0,1,0.1419494486994486,237.2315966444666,Segment 1 - Mass base
SUB102062,Mumbai,Prepaid,4G Feature,Monthly,7,121.85,2.88,0,0,1,0.2763160781713413,404.0293695021352,Segment 1 - Mass base
SUB100585,Mumbai,Prepaid,4G Smart,Monthly,5,244.39,5.95,1,0,1,0.2130629204129204,624.8453654365634,Segment 1 - Mass base
SUB100677,Hyderabad,Prepaid,4G Feature,Monthly,54,144.74,0.66,0,0,1,0.1497235423735423,260.0518262777583,Segment 1 - Mass base
SUB101083,Mumbai,Prepaid,5G Smart,Monthly,18,733.05,56.77,0,0,2,0.1255686535686535,1104.5772179820178,Segment 2 - High value
SUB101354,Chennai,Prepaid,5G Smart,Monthly,43,358.92,16.64,0,0,2,0.0951560271451575,409.84081515527953,Segment 2 - High value
SUB102558,Delhi,Postpaid,4G Feature,Annual,12,218.99,1.76,1,1,1,0.4288279868279869,1126.9084900255305,Segment 1 - Mass base
SUB100869,Chennai,Prepaid,4G Smart,Monthly,16,191.61,1.64,0,1,1,0.4938194073047017,1135.4488396038469,Segment 1 - Mass base
SUB101534,Mumbai,Prepaid,5G Smart,Monthly,22,240.25,8.33,2,1,1,0.5979657812636534,1723.935347383113,Segment 1 - Mass base
SUB100702,Delhi,Postpaid,5G Smart,Monthly,19,546.13,23.1,2,0,2,0.1779242424242424,1166.0371981818182,Segment 2 - High value
SUB100503,Delhi,Prepaid,4G Smart,Monthly,20,231.51,9.57,0,0,1,0.1519647156207647,422.176215760359,Segment 1 - Mass base
SUB103012,Delhi,Prepaid,4G Smart,Monthly,28,148.32,6.4,5,0,0,0.2921518336518335,519.9835196068794,Segment 0 - High risk
SUB100276,Hyderabad,Prepaid,4G Feature,Monthly,22,133.86,2.97,0,0,1,0.2226722027972028,357.68281279720287,Segment 1 - Mass base
SUB103101,Chennai,Postpaid,4G Smart,Monthly,43,152.68,4.49,1,0,1,0.1173748704998705,215.0495427350428,Segment 1 - Mass base
SUB100717,Chennai,Prepaid,4G Feature,Monthly,28,75.0,0.57,1,0,1,0.2114179727346394,190.27617546117543,Segment 1 - Mass base
SUB102620,Mumbai,Prepaid,4G Feature,Monthly,12,125.06,1.24,1,1,1,0.646056139867521,969.549370221986,Segment 1 - Mass base
SUB100921,Bengaluru,Prepaid,5G Smart,Monthly,37,214.0,11.15,1,0,1,0.1034110699615814,265.5596276613412,Segment 1 - Mass base
SUB101852,Bengaluru,Postpaid,4G Smart,Annual,52,259.36,6.72,0,0,1,0.0314374416433239,97.84337837535014,Segment 1 - Mass base
SUB100803,Kolkata,Prepaid,4G Smart,Monthly,25,212.11,3.06,1,1,1,0.5531091143691764,1407.8396909861522,Segment 1 - Mass base
SUB102221,Kolkata,Prepaid,4G Feature,Monthly,22,116.93,1.06,1,1,1,0.6380498531682745,895.286031971596,Segment 1 - Mass base
SUB100691,Bengaluru,Prepaid,4G Feature,Monthly,12,120.6,1.42,0,0,1,0.1980453787901605,286.6112721851204,Segment 1 - Mass base
SUB102571,Chennai,Postpaid,4G Feature,Monthly,16,257.19,1.4,1,0,1,0.1285865175129881,396.8539972699849,Segment 1 - Mass base
SUB102031,Chennai,Prepaid,4G Smart,Monthly,8,214.4,8.22,0,0,1,0.2084303523165485,536.2496104400162,Segment 1 - Mass base
SUB102216,Delhi,Postpaid,4G Feature,Monthly,72,217.08,1.89,0,0,1,0.0563412698412698,146.76675428571434,Segment 1 - Mass base
SUB100441,Delhi,Postpaid,5G Smart,Annual,9,412.46,13.24,1,0,2,0.1073260443260442,531.2124029126427,Segment 2 - High value
SUB102786,Delhi,Postpaid,5G Smart,Monthly,32,450.96,15.39,1,0,2,0.1218228034894701,659.2465375393374,Segment 2 - High value
SUB100421,Mumbai,Postpaid,4G Smart,Monthly,27,269.43,10.2,0,0,1,0.1246555481555481,403.031332074592,Segment 1 - Mass base
SUB101124,Chennai,Prepaid,4G Smart,Monthly,26,289.41,10.96,0,0,1,0.1050104761383945,364.6929827905532,Segment 1 - Mass base
SUB101531,Kolkata,Postpaid,5G Smart,Annual,41,310.82,5.03,0,0,1,0.0725231481481481,270.4997388888888,Segment 1 - Mass base
SUB102261,Bengaluru,Postpaid,5G Smart,Monthly,19,448.14,15.97,3,0,2,0.1160260942760942,623.9512066666665,Segment 2 - High value
SUB101117,Hyderabad,Postpaid,4G Smart,Monthly,23,300.54,5.95,0,0,1,0.0576725429810536,207.99487281031023,Segment 1 - Mass base
SUB102954,Hyderabad,Postpaid,5G Smart,Monthly,30,343.33,11.1,1,0,2,0.1642688297541238,676.7810078338,Segment 2 - High value
SUB101746,Kolkata,Prepaid,4G Smart,Monthly,49,283.68,19.78,0,1,2,0.48699174341822,1657.797813274568,Segment 2 - High value
SUB101264,Kolkata,Postpaid,4G Smart,Annual,47,248.96,6.09,3,0,0,0.1167050264550264,348.65860063492056,Segment 0 - High risk
SUB101706,Chennai,Prepaid,4G Smart,Monthly,8,188.72,6.67,0,0,1,0.1657067421894735,375.2661166319694,Segment 1 - Mass base
SUB100025,Mumbai,Postpaid,4G Feature,Monthly,43,255.86,1.88,0,0,1,0.1087268921095007,333.82635138164244,Segment 1 - Mass base
SUB101314,Hyderabad,Prepaid,4G Smart,Monthly,15,296.92,13.69,0,0,2,0.1354164182767124,482.49411497665744,Segment 2 - High value
SUB102964,Delhi,Postpaid,5G Smart,Monthly,39,411.42,14.69,1,0,2,0.0906694971694971,447.6389343056942,Segment 2 - High value
SUB100417,Hyderabad,Prepaid,4G Smart,Monthly,22,179.7,3.79,1,0,1,0.0989175463127076,213.30579686872272,Segment 1 - Mass base
SUB103132,Kolkata,Prepaid,4G Smart,Monthly,11,216.73,6.24,0,0,1,0.1220698730698731,317.4744430852031,Segment 1 - Mass base
SUB100191,Delhi,Prepaid,5G Smart,Monthly,10,357.69,18.28,0,0,2,0.1087988527758516,466.9951397927328,Segment 2 - High value
SUB102631,Hyderabad,Prepaid,4G Smart,Monthly,32,228.72,10.81,1,1,1,0.4709898515647154,1292.6975861985804,Segment 1 - Mass base
SUB102897,Delhi,Prepaid,4G Smart,Monthly,25,300.18,17.46,0,0,2,0.1485958977669503,535.2661991001979,Segment 2 - High value
SUB101426,Delhi,Postpaid,5G Smart,Monthly,17,396.26,7.88,0,0,2,0.1736544302647244,825.7476544403964,Segment 2 - High value
SUB102935,Delhi,Prepaid,4G Smart,Monthly,32,201.97,6.73,0,0,1,0.0584563492063491,141.67714619047615,Segment 1 - Mass base
SUB100787,Hyderabad,Prepaid,4G Smart,Monthly,22,253.48,12.93,1,0,1,0.2053178328426967,624.5275712276014,Segment 1 - Mass base
SUB101529,Kolkata,Postpaid,5G Smart,Annual,13,325.47,10.94,0,0,2,0.0982123838636996,383.58221491341993,Segment 2 - High value
SUB101459,Mumbai,Prepaid,4G Feature,Monthly,25,188.92,1.17,0,0,1,0.1505544088980621,341.3128671482628,Segment 1 - Mass base
SUB102585,Bengaluru,Postpaid,4G Smart,Annual,72,262.24,9.17,2,0,0,0.1031203703703703,324.50743111111103,Segment 0 - High risk
SUB100708,Chennai,Prepaid,5G Smart,Monthly,18,417.77,25.55,2,0,2,0.1855962000962001,930.4382941702744,Segment 2 - High value
SUB100003,Delhi,Prepaid,4G Smart,Monthly,46,236.02,10.39,0,0,1,0.1046578215934976,296.4160686299678,Segment 1 - Mass base
SUB101904,Delhi,Postpaid,4G Smart,Annual,22,308.53,6.57,0,0,1,0.1395216712538694,516.559454783476,Segment 1 - Mass base
SUB100741,Hyderabad,Prepaid,4G Smart,Monthly,21,140.17,5.25,0,0,1,0.1282122362339753,215.65810983499583,Segment 1 - Mass base
SUB101217,Chennai,Postpaid,4G Smart,Annual,10,245.93,7.285,1,0,1,0.0708591778591778,209.1167713308913,Segment 1 - Mass base
SUB102053,Mumbai,Prepaid,4G Feature,Monthly,16,116.81,7.285,0,1,1,0.5639416635995584,790.4883087007731,Segment 1 - Mass base
SUB102981,Chennai,Postpaid,4G Feature,Annual,32,298.65,1.18,4,0,0,0.1789235209235209,641.2261142857144,Segment 0 - High risk
SUB102634,Mumbai,Postpaid,5G Smart,Annual,13,335.34,13.03,0,1,2,0.4628759443171206,1862.6498300076385,Segment 2 - High value
SUB101550,Mumbai,Postpaid,4G Smart,Monthly,5,229.44,5.43,1,0,1,0.0840079365079365,231.2973714285714,Segment 1 - Mass base
SUB102458,Bengaluru,Prepaid,5G Smart,Monthly,17,425.62,20.61,2,0,2,0.1368629908103592,699.0195137844612,Segment 2 - High value
SUB101516,Hyderabad,Prepaid,5G Smart,Monthly,29,306.26,10.21,0,0,1,0.1332157548570592,489.58388499027546,Segment 1 - Mass base
SUB101413,Hyderabad,Prepaid,4G Smart,Monthly,33,172.88,4.17,0,0,1,0.0515594048856299,106.9630789995324,Segment 1 - Mass base
SUB101813,Chennai,Prepaid,4G Feature,Monthly,12,169.66,1.01,1,1,1,0.6859403744403747,1396.5197271306477,Segment 1 - Mass base
SUB101539,Mumbai,Prepaid,4G Smart,Monthly,24,75.03,3.96,2,0,1,0.3101889323340935,279.28170711632447,Segment 1 - Mass base
SUB100357,Mumbai,Prepaid,5G Smart,Monthly,12,309.81,12.5,0,0,2,0.109318783068783,406.4166261904762,Segment 2 - High value
SUB100528,Bengaluru,Postpaid,4G Smart,Annual,35,352.82,9.16,0,0,2,0.0442103174603174,187.1794104761905,Segment 2 - High value
SUB101397,Hyderabad,Prepaid,5G Smart,Monthly,59,306.01,9.27,3,0,0,0.1494216443887497,548.6942087928155,Segment 0 - High risk
SUB102249,Hyderabad,Prepaid,4G Feature,Monthly,32,222.89,1.22,2,0,1,0.1876126521626522,501.80380848640254,Segment 1 - Mass base
SUB100768,Delhi,Prepaid,5G Smart,Monthly,46,377.4,14.08,6,1,0,0.6877375446191236,3114.625792071087,Segment 0 - High risk
SUB101633,Bengaluru,Postpaid,4G Smart,Monthly,20,230.75,6.42,1,0,1,0.0831546442131548,230.25520982622575,Segment 1 - Mass base
SUB102822,Mumbai,Postpaid,4G Smart,Annual,19,369.16,20.3,2,0,2,0.2474813468122293,1096.322567870431,Segment 2 - High value
SUB100985,Mumbai,Prepaid,4G Smart,Monthly,59,253.73,10.54,4,1,0,0.6409920593182786,1951.666982529922,Segment 0 - High risk
SUB100736,Delhi,Prepaid,4G Smart,Monthly,29,217.51,7.74,2,0,1,0.0741837606837606,193.62851743589744,Segment 1 - Mass base
SUB101934,Kolkata,Postpaid,4G Smart,Monthly,11,265.6,6.21,0,1,1,0.4936550532800532,1573.377385814186,Segment 1 - Mass base
SUB103120,Delhi,Prepaid,4G Smart,Monthly,46,174.95,6.32,0,0,1,0.1007917302408827,211.60215846770927,Segment 1 - Mass base
SUB101166,Delhi,Postpaid,4G Feature,Monthly,9,161.8,1.52,1,0,1,0.2081179904210595,404.0818902015292,Segment 1 - Mass base
SUB100639,Delhi,Prepaid,4G Feature,Monthly,25,226.01,1.87,0,0,1,0.1865631098673695,505.9815415334901,Segment 1 - Mass base
SUB102915,Mumbai,Prepaid,4G Feature,Monthly,16,173.03,1.6,5,1,0,0.7797657527657527,1619.0744184126982,Segment 0 - High risk
SUB101780,Kolkata,Prepaid,4G Smart,Monthly,16,205.46,8.93,2,0,1,0.2827475329258399,697.1196973793169,Segment 1 - Mass base
SUB103066,Bengaluru,Prepaid,4G Smart,Monthly,58,137.21,5.72,0,0,1,0.1223362843624037,201.42913892838504,Segment 1 - Mass base
SUB101548,Chennai,Postpaid,5G Smart,Annual,17,393.63,14.38,1,0,2,0.0999456731517237,472.0993838725563,Segment 2 - High value
SUB102756,Bengaluru,Postpaid,4G Feature,Annual,14,180.38,1.42,0,0,1,0.1015786936828603,219.87317719817213,Segment 1 - Mass base
SUB102016,Delhi,Postpaid,4G Feature,Annual,16,302.97,0.86,0,0,1,0.1262123216289882,458.8625650072149,Segment 1 - Mass base
SUB102287,Hyderabad,Prepaid,4G Feature,Monthly,46,102.23,1.56,2,0,1,0.2283007193423861,280.0701904604656,Segment 1 - Mass base
SUB100565,Chennai,Postpaid,5G Smart,Monthly,13,333.38,9.23,0,0,1,0.0438809342196069,175.5483102015909,Segment 1 - Mass base
SUB100620,Delhi,Prepaid,5G Smart,Monthly,10,280.58,9.01,0,1,1,0.610632999353588,2055.976883503556,Segment 1 - Mass base
SUB100885,Kolkata,Prepaid,5G Smart,Monthly,9,265.42,9.99,1,1,1,0.6117538664036339,1948.4605346502303,Segment 1 - Mass base
SUB101885,Mumbai,Prepaid,4G Smart,Monthly,39,292.86,17.41,3,0,0,0.181055664929796,636.2875443760809,Segment 0 - High risk
SUB101430,Delhi,Postpaid,4G Smart,Monthly,12,287.76,9.33,0,0,1,0.0693502701002701,239.4748046886447,Segment 1 - Mass base
SUB100533,Bengaluru,Postpaid,4G Smart,Annual,5,223.69,5.84,0,0,1,0.0631805848613628,169.59438033165915,Segment 1 - Mass base
SUB101040,Delhi,Postpaid,5G Smart,Annual,6,402.46,10.78,1,0,2,0.0722970177970177,349.15989339105334,Segment 2 - High value
SUB101777,Bengaluru,Prepaid,5G Smart,Monthly,4,333.08,16.75,3,1,0,0.5904725328277959,2360.095094811387,Segment 0 - High risk
SUB100279,Bengaluru,Prepaid,4G Feature,Monthly,5,213.58,1.8,1,0,1,0.2855022562464679,731.7308626694476,Segment 1 - Mass base
SUB101662,Hyderabad,Prepaid,5G Smart,Monthly,19,411.48,17.07,2,0,2,0.2800848971526722,1382.9920017645788,Segment 2 - High value
SUB100152,Kolkata,Postpaid,5G Smart,Monthly,29,378.21,7.08,0,0,2,0.0478638768638768,217.2311624242424,Segment 2 - High value
SUB101204,Bengaluru,Prepaid,5G Smart,Monthly,16,193.85,8.56,0,0,1,0.284393578197994,661.5563416041736,Segment 1 - Mass base
SUB101778,Bengaluru,Prepaid,4G Smart,Monthly,26,174.7,10.78,1,1,1,0.5024633377724008,1053.364141306061,Segment 1 - Mass base
SUB101627,Mumbai,Prepaid,4G Smart,Monthly,47,148.07,3.57,0,0,1,0.0559803992303992,99.46821256854254,Segment 1 - Mass base
SUB103130,Mumbai,Prepaid,4G Smart,Monthly,19,213.17,6.68,2,1,1,0.6450137379366103,1649.9709421913667,Segment 1 - Mass base
SUB101822,Delhi,Postpaid,4G Feature,Monthly,19,281.06,3.73,1,1,1,0.4665195836298774,1573.4399301001602,Segment 1 - Mass base
SUB102481,Chennai,Prepaid,5G Smart,Monthly,17,461.31,31.87,0,0,2,0.2027502405002405,1122.3685613419916,Segment 2 - High value
SUB102662,Hyderabad,Postpaid,4G Smart,Annual,21,313.4,7.41,1,0,1,0.1273359788359788,478.8851492063493,Segment 1 - Mass base
SUB101262,Mumbai,Prepaid,4G Smart,Monthly,24,230.2,9.85,0,0,1,0.1080905948889819,298.5894593213237,Segment 1 - Mass base
SUB100581,Mumbai,Postpaid,4G Feature,Annual,17,241.39,1.22,0,0,1,0.1188669467787114,344.31950739495795,Segment 1 - Mass base
SUB101725,Mumbai,Prepaid,4G Feature,Monthly,13,184.89,7.285,0,0,1,0.1345420875420875,298.5058387878788,Segment 1 - Mass base
SUB102765,Chennai,Postpaid,4G Smart,Monthly,24,347.35,5.58,1,0,1,0.1240839759655548,517.2068286196259,Segment 1 - Mass base
SUB101375,Delhi,Prepaid,4G Smart,Monthly,15,227.2,9.0,0,0,1,0.1546133647642268,421.5378776931881,Segment 1 - Mass base
SUB102209,Hyderabad,Prepaid,4G Smart,Monthly,31,204.66,4.92,0,0,1,0.1646302437214201,404.3187081603103,Segment 1 - Mass base
SUB102406,Hyderabad,Postpaid,4G Feature,Monthly,19,181.08,2.63,4,0,0,0.2574941077441077,559.5243963636364,Segment 0 - High risk
SUB101492,Kolkata,Prepaid,4G Feature,Monthly,15,186.08,0.75,0,0,1,0.2156759482061339,481.595765306369,Segment 1 - Mass base
SUB100387,Bengaluru,Postpaid,4G Smart,Annual,7,231.73,10.37,0,0,1,0.1153787647537647,320.8406538766788,Segment 1 - Mass base
SUB101587,Kolkata,Postpaid,4G Smart,Monthly,19,265.72,7.43,1,0,1,0.1709244030372615,545.0163885007337,Segment 1 - Mass base
SUB100750,Hyderabad,Prepaid,5G Smart,Monthly,33,316.8,13.65,0,0,2,0.1010139397639397,384.0145934065934,Segment 2 - High value
SUB103192,Bengaluru,Prepaid,4G Smart,Monthly,15,98.68,4.23,0,0,1,0.1690443718487876,200.17558336846037,Segment 1 - Mass base
SUB102370,Kolkata,Postpaid,4G Smart,Monthly,45,272.04,6.05,0,0,1,0.064084656084656,209.2030780952381,Segment 1 - Mass base
SUB100758,Mumbai,Postpaid,5G Smart,Monthly,24,515.83,7.285,0,1,2,0.4901931232347899,3034.27582509842,Segment 2 - High value
SUB100143,Kolkata,Postpaid,4G Smart,Monthly,13,294.74,11.51,1,0,2,0.2701875314856714,955.6208763610414,Segment 2 - High value
SUB101875,Mumbai,Postpaid,5G Smart,Annual,29,393.27,12.27,0,0,2,0.0469207551707551,221.43030463203465,Segment 2 - High value
SUB100451,Chennai,Prepaid,4G Smart,Monthly,35,164.61,4.6,2,0,1,0.1985675919940625,392.2345358177117,Segment 1 - Mass base
SUB102562,Hyderabad,Postpaid,4G Smart,Monthly,23,215.59,3.59,0,0,1,0.0621927146927147,160.89752832722837,Segment 1 - Mass base
SUB102431,Bengaluru,Prepaid,4G Feature,Monthly,14,162.59,1.2,0,0,1,0.1047534566050308,204.38237411294352,Segment 1 - Mass base
SUB100100,Kolkata,Postpaid,5G Smart,Annual,33,448.8,16.51,0,0,2,0.0533149651935366,287.1330765463108,Segment 2 - High value
SUB101948,Delhi,Prepaid,4G Smart,Monthly,23,165.2,7.285,5,0,0,0.2628792476586595,521.1318205585266,Segment 0 - High risk
SUB102402,Chennai,Prepaid,5G Smart,Monthly,10,322.83,16.15,6,1,0,0.7100357142857148,2750.6499557142874,Segment 0 - High risk
SUB100891,Hyderabad,Postpaid,4G Smart,Annual,24,389.4,13.62,0,1,2,0.5075675805675804,2371.7617904761896,Segment 2 - High value
SUB101196,Chennai,Prepaid,4G Smart,Monthly,20,152.08,6.34,0,0,1,0.1151200828157349,210.08954633540367,Segment 1 - Mass base
SUB102890,Kolkata,Prepaid,4G Feature,Monthly,49,122.71,2.14,1,1,1,0.4313196059139457,635.1267461004034,Segment 1 - Mass base
SUB102247,Kolkata,Prepaid,5G Smart,Monthly,16,305.34,7.62,0,0,1,0.1648471142384186,604.013014338705,Segment 1 - Mass base
SUB102055,Mumbai,Prepaid,4G Feature,Monthly,22,98.91,1.7,2,1,1,0.6660955879868923,790.6021752934021,Segment 1 - Mass base
SUB101585,Chennai,Postpaid,4G Feature,Monthly,46,162.61,1.29,2,0,1,0.1448905122655123,282.7277543939395,Segment 1 - Mass base
SUB100326,Mumbai,Prepaid,5G Smart,Monthly,15,379.66,20.62,0,0,2,0.1587095369486674,723.0679535751729,Segment 2 - High value
SUB102333,Hyderabad,Postpaid,4G Smart,Monthly,36,324.98,4.4,0,1,1,0.4216758213132893,1644.4345009247131,Segment 1 - Mass base
SUB102073,Hyderabad,Prepaid,4G Smart,Monthly,11,179.66,6.33,0,0,1,0.1175414662914662,253.409998007098,Segment 1 - Mass base
SUB102452,Kolkata,Prepaid,4G Smart,Monthly,15,159.98,9.34,0,0,1,0.270142083497568,518.6079662152912,Segment 1 - Mass base
SUB100457,Delhi,Postpaid,4G Smart,Annual,33,310.5,11.63,0,0,2,0.0892561327561327,332.5683506493506,Segment 2 - High value
SUB101003,Bengaluru,Prepaid,5G Smart,Monthly,21,459.98,31.71,1,0,2,0.1760491050343992,971.7488080046754,Segment 2 - High value
SUB100692,Kolkata,Prepaid,4G Feature,Monthly,3,163.39,1.99,1,1,1,0.599885024561495,1176.182569957232,Segment 1 - Mass base
SUB100739,Chennai,Prepaid,4G Smart,Monthly,38,239.44,7.68,3,0,0,0.1513858955150575,434.9740658655045,Segment 0 - High risk
SUB102318,Delhi,Prepaid,5G Smart,Monthly,39,407.45,16.37,5,1,0,0.6742760942760944,3296.805535353536,Segment 0 - High risk
SUB102208,Hyderabad,Prepaid,5G Smart,Monthly,36,271.27,12.5,3,0,0,0.1892111479502783,615.9276972536641,Segment 0 - High risk
SUB100604,Chennai,Prepaid,4G Smart,Monthly,8,218.9,7.42,0,0,1,0.1114291856596954,292.7021848908879,Segment 1 - Mass base
SUB100486,Hyderabad,Prepaid,5G Smart,Monthly,11,413.04,15.66,1,1,2,0.6266127083954494,3105.793356907877,Segment 2 - High value
SUB103033,Mumbai,Postpaid,4G Smart,Annual,15,314.51,12.43,1,0,2,0.0984411597174755,371.5287497129187,Segment 2 - High value
SUB102135,Kolkata,Prepaid,5G Smart,Monthly,9,348.68,8.79,0,0,2,0.1501572871572871,628.2821146320348,Segment 2 - High value
SUB100839,Chennai,Prepaid,5G Smart,Monthly,8,341.99,15.06,3,0,0,0.3127063214563214,1283.3092184981683,Segment 0 - High risk
SUB100401,Hyderabad,Postpaid,4G Smart,Monthly,30,381.98,7.61,1,0,2,0.0987996632996632,452.87394464646457,Segment 2 - High value
SUB101527,Bengaluru,Prepaid,4G Smart,Monthly,27,174.05,7.6,3,1,0,0.5116933391933394,1068.7227082392087,Segment 0 - High risk
SUB101581,Kolkata,Prepaid,5G Smart,Monthly,24,352.76,10.2,1,1,2,0.4901739099680273,2074.964981763856,Segment 2 - High value
SUB102075,Bengaluru,Postpaid,4G Smart,Monthly,8,229.04,3.87,3,1,0,0.5773386528456864,1586.803740573312,Segment 0 - High risk
SUB101164,Delhi,Prepaid,4G Feature,Monthly,42,124.38,1.88,0,0,1,0.1998305187469406,298.2590390609337,Segment 1 - Mass base
SUB100593,Delhi,Postpaid,5G Smart,Monthly,31,444.79,18.15,0,0,2,0.1448308882475549,773.0319694035593,Segment 2 - High value
SUB100944,Bengaluru,Postpaid,5G Smart,Monthly,24,399.31,7.79,0,1,2,0.4941584748584749,2367.869047148852,Segment 2 - High value
SUB102235,Bengaluru,Postpaid,4G Smart,Annual,14,386.25,19.22,1,0,2,0.088445328636505,409.9440982302011,Segment 2 - High value
SUB100037,Delhi,Postpaid,4G Smart,Annual,20,313.38,8.76,2,1,1,0.4962302293154224,1866.1035511544048,Segment 1 - Mass base
SUB102025,Delhi,Postpaid,4G Smart,Annual,54,254.65,4.61,0,0,1,0.058487256255159,178.72535766451506,Segment 1 - Mass base
SUB100644,Bengaluru,Postpaid,4G Feature,Monthly,17,172.75,4.06,0,0,1,0.0571071428571428,118.38310714285716,Segment 1 - Mass base
SUB101990,Delhi,Prepaid,5G Smart,Monthly,4,330.38,19.65,1,0,2,0.2840410443934303,1126.0977629604183,Segment 2 - High value
SUB102161,Chennai,Postpaid,5G Smart,Monthly,27,398.85,12.18,2,1,2,0.5799737068487065,2775.8701557192794,Segment 2 - High value
SUB102762,Chennai,Prepaid,5G Smart,Monthly,9,316.74,12.17,0,1,2,0.497723378045842,1891.7868331468803,Segment 2 - High value
SUB101006,Hyderabad,Prepaid,4G Smart,Monthly,19,167.45,7.75,1,0,1,0.2310800817783977,464.33231632551247,Segment 1 - Mass base
SUB100659,Chennai,Prepaid,5G Smart,Monthly,21,391.49,18.75,5,0,0,0.3304985708735705,1552.6426261355296,Segment 0 - High risk
SUB100984,Kolkata,Postpaid,4G Smart,Annual,16,291.04,4.93,1,0,1,0.0775198412698412,270.7364952380952,Segment 1 - Mass base
SUB102511,Mumbai,Prepaid,4G Smart,Monthly,21,161.2,3.31,1,1,1,0.5463386422136424,1056.8374694980698,Segment 1 - Mass base
SUB100583,Chennai,Prepaid,4G Smart,Monthly,22,220.6,7.2,0,1,1,0.4169110689110687,1103.6469816213812,Segment 1 - Mass base
SUB102819,Kolkata,Prepaid,4G Feature,Monthly,10,130.04,1.92,0,0,1,0.221843762508285,346.1827545189287,Segment 1 - Mass base
SUB102317,Hyderabad,Prepaid,4G Smart,Monthly,32,260.77,7.32,0,1,1,0.4410993101133764,1380.305605179182,Segment 1 - Mass base
SUB101512,Delhi,Prepaid,4G Smart,Monthly,21,148.27,1.94,0,0,1,0.1844879691871216,328.24837429649443,Segment 1 - Mass base
SUB102909,Delhi,Postpaid,4G Smart,Annual,24,295.83,6.18,1,0,1,0.048996123702006,173.93427929717342,Segment 1 - Mass base
SUB100738,Hyderabad,Prepaid,5G Smart,Monthly,35,356.69,20.47,2,1,2,0.5721157871918743,2448.815761601636,Segment 2 - High value
SUB101486,Bengaluru,Prepaid,4G Smart,Monthly,20,200.42,6.58,1,0,1,0.1924640018539794,462.8836230188948,Segment 1 - Mass base
SUB101307,Bengaluru,Prepaid,5G Smart,Monthly,12,362.65,17.92,1,0,2,0.1223896843896843,532.6154285270284,Segment 2 - High value
SUB101328,Mumbai,Prepaid,4G Smart,Monthly,21,217.52,7.76,0,0,1,0.1589837477337478,414.9857376845379,Segment 1 - Mass base
SUB102811,Kolkata,Prepaid,4G Smart,Monthly,41,220.5,6.57,0,0,1,0.0338885281385281,89.66904545454545,Segment 1 - Mass base
SUB101772,Mumbai,Prepaid,5G Smart,Monthly,17,396.66,20.04,0,0,2,0.1762868299172647,839.1112074597869,Segment 2 - High value
SUB101992,Kolkata,Postpaid,4G Feature,Monthly,10,178.18,1.58,0,0,1,0.233880972141034,500.0749393930734,Segment 1 - Mass base
SUB100420,Hyderabad,Postpaid,4G Smart,Monthly,10,249.49,6.71,0,0,1,0.0449667277167277,134.62498677655677,Segment 1 - Mass base
SUB100685,Bengaluru,Postpaid,5G Smart,Monthly,63,493.23,16.78,0,0,2,0.0512477152477152,303.322927099567,Segment 2 - High value
SUB101298,Bengaluru,Postpaid,4G Smart,Monthly,18,424.63,16.94,0,0,2,0.082540084999517,420.5879555201391,Segment 2 - High value
SUB101399,Hyderabad,Prepaid,4G Smart,Monthly,15,109.49,6.53,2,0,1,0.2142278335699388,281.4696659708712,Segment 1 - Mass base
SUB100751,Hyderabad,Prepaid,4G Smart,Monthly,8,174.93,5.74,0,0,1,0.1587815855168796,333.3079530536131,Segment 1 - Mass base
SUB101433,Hyderabad,Prepaid,5G Smart,Monthly,24,325.76,10.88,0,0,2,0.0934763722116663,365.410356140069,Segment 2 - High value
SUB101068,Hyderabad,Postpaid,4G Smart,Monthly,25,290.04,7.47,1,0,1,0.0783784271284271,272.794548051948,Segment 1 - Mass base
SUB101223,Hyderabad,Postpaid,4G Smart,Monthly,21,275.05,5.16,3,0,0,0.1267389395474502,418.3145438703142,Segment 0 - High risk
SUB100072,Hyderabad,Postpaid,4G Feature,Annual,29,202.1,1.89,1,0,1,0.0469238816738816,113.79979783549778,Segment 1 - Mass base
SUB100227,Bengaluru,Prepaid,4G Smart,Monthly,25,157.19,5.94,0,0,1,0.1031229663582605,194.5187889822596,Segment 1 - Mass base
SUB101850,Kolkata,Postpaid,4G Feature,Monthly,12,213.5,3.4,1,1,1,0.4364854027792075,1118.2756019203298,Segment 1 - Mass base
SUB101193,Mumbai,Postpaid,5G Smart,Monthly,38,421.26,15.13,1,0,2,0.1393919753086419,704.6431622222221,Segment 2 - High value
SUB102692,Kolkata,Postpaid,4G Feature,Annual,59,181.22,1.76,4,0,0,0.1995668148858938,433.9859783234601,Segment 0 - High risk
SUB102439,Chennai,Prepaid,4G Smart,Monthly,9,220.46,8.98,4,1,0,0.6920304674469928,1830.7804422403683,Segment 0 - High risk
SUB100469,Kolkata,Prepaid,4G Feature,Monthly,25,110.72,1.62,0,0,1,0.1487416147690916,197.62405904680583,Segment 1 - Mass base
SUB100733,Kolkata,Postpaid,4G Smart,Annual,18,230.87,8.0,0,0,1,0.098116402116402,271.825605079365,Segment 1 - Mass base
SUB102792,Bengaluru,Prepaid,5G Smart,Monthly,19,337.12,14.2,1,0,2,0.1854713296936298,750.3131359957979,Segment 2 - High value
SUB102467,Mumbai,Postpaid,4G Smart,Annual,18,239.47,5.39,0,1,1,0.5837483585745782,1677.4826331342506,Segment 1 - Mass base
SUB101962,Hyderabad,Prepaid,4G Smart,Monthly,38,152.67,11.76,1,0,1,0.1325962602212602,242.92165257575763,Segment 1 - Mass base
SUB102833,Delhi,Postpaid,5G Smart,Monthly,14,409.65,11.71,0,0,2,0.128035171261487,629.395294887218,Segment 2 - High value
SUB101976,Hyderabad,Prepaid,5G Smart,Monthly,40,349.52,13.38,0,0,2,0.0957310586575292,401.51903546375536,Segment 2 - High value
SUB102005,Bengaluru,Prepaid,5G Smart,Monthly,18,414.37,17.94,1,0,2,0.2517924876208628,1252.0230371454834,Segment 2 - High value
SUB101181,Delhi,Postpaid,4G Smart,Annual,10,294.84,4.61,0,0,1,0.0817110297110296,289.10015999999985,Segment 1 - Mass base
SUB102288,Delhi,Postpaid,4G Smart,Monthly,6,264.07,8.96,0,1,1,0.5757779893332965,1824.5483237189237,Segment 1 - Mass base
SUB102701,Mumbai,Postpaid,4G Smart,Monthly,41,421.11,21.12,2,0,2,0.1341709956709957,678.0089758441561,Segment 2 - High value
SUB102700,Mumbai,Postpaid,4G Smart,Monthly,32,238.11,6.22,0,0,1,0.0723070355570355,206.6043388378289,Segment 1 - Mass base
SUB102032,Kolkata,Prepaid,4G Feature,Monthly,16,95.12,1.83,0,1,1,0.499517701328046,570.169485003885,Segment 1 - Mass base
SUB101741,Delhi,Prepaid,4G Feature,Monthly,18,192.5,1.55,3,0,0,0.1989370012586332,459.5444729074427,Segment 0 - High risk
SUB102196,Delhi,Postpaid,4G Smart,Monthly,15,218.37,4.59,0,0,1,0.0999903198653198,262.0186337878787,Segment 1 - Mass base
SUB101698,Hyderabad,Postpaid,4G Smart,Monthly,50,386.06,20.44,3,1,2,0.5662162569184629,2623.121377751301,Segment 2 - High value
SUB102060,Bengaluru,Postpaid,5G Smart,Annual,8,483.31,20.73,0,0,2,0.0726177771963486,421.1627747612068,Segment 2 - High value
SUB102927,Bengaluru,Prepaid,4G Smart,Monthly,40,153.45,4.62,1,1,1,0.4836908779585729,890.6683826729163,Segment 1 - Mass base
SUB100242,Kolkata,Prepaid,5G Smart,Monthly,12,303.85,15.48,0,0,2,0.1539220779220779,561.2306805194808,Segment 2 - High value
SUB102723,Mumbai,Postpaid,5G Smart,Monthly,44,385.75,9.38,1,0,2,0.0504397639397639,233.48566727716724,Segment 2 - High value
SUB100527,Chennai,Prepaid,5G Smart,Monthly,19,257.21,7.72,0,0,1,0.1852072037557971,571.645738536343,Segment 1 - Mass base
SUB102187,Mumbai,Prepaid,4G Smart,Monthly,9,207.41,6.88,0,1,1,0.6058462473199315,1507.902841879524,Segment 1 - Mass base
SUB102746,Mumbai,Prepaid,4G Smart,Monthly,30,154.82,7.1,0,0,1,0.0977019211725093,181.5145372311348,Segment 1 - Mass base
SUB102731,Delhi,Prepaid,4G Feature,Monthly,12,164.14,1.88,5,1,0,0.7903256835756839,1556.6886924253529,Segment 0 - High risk
SUB100982,Kolkata,Prepaid,4G Smart,Monthly,21,228.84,6.77,0,1,1,0.6087019369519369,1671.544215024975,Segment 1 - Mass base
SUB101210,Bengaluru,Postpaid,4G Smart,Monthly,53,291.68,7.02,0,0,1,0.0618875661375661,216.6163834920635,Segment 1 - Mass base
SUB101618,Hyderabad,Postpaid,4G Feature,Annual,35,232.1,2.1,0,0,1,0.0536269841269841,149.36187619047618,Segment 1 - Mass base
SUB102364,Bengaluru,Prepaid,4G Feature,Monthly,4,176.88,1.57,1,0,1,0.1796664578921276,381.3528368635143,Segment 1 - Mass base
SUB102339,Delhi,Prepaid,4G Smart,Monthly,25,238.84,9.06,3,0,0,0.2791881181927234,800.1754817898006,Segment 0 - High risk
SUB100430,Delhi,Prepaid,4G Smart,Monthly,19,150.36,5.32,0,1,1,0.5456985122221,984.6147395725797,Segment 1 - Mass base
SUB102521,Kolkata,Postpaid,4G Feature,Annual,11,289.58,0.75,3,0,0,0.2710367317867317,941.8418014896214,Segment 0 - High risk
SUB102926,Bengaluru,Postpaid,4G Smart,Annual,13,245.98,4.61,0,0,1,0.0239511738261738,70.69811685314684,Segment 1 - Mass base
SUB102506,Hyderabad,Prepaid,4G Smart,Monthly,20,193.49,10.68,5,1,0,0.7552698455964587,1753.6459490935058,Segment 0 - High risk
SUB102284,Hyderabad,Postpaid,4G Smart,Monthly,11,214.8,7.285,1,0,1,0.2370376591054507,610.9882701102098,Segment 1 - Mass base
SUB100548,Bengaluru,Postpaid,4G Smart,Annual,27,242.46,7.13,0,0,1,0.0666626391038155,193.95628172533344,Segment 1 - Mass base
SUB100455,Delhi,Prepaid,4G Smart,Monthly,19,201.05,11.87,1,1,1,0.6521921779910907,1573.4788486213056,Segment 1 - Mass base
SUB100339,Bengaluru,Postpaid,5G Smart,Monthly,4,391.26,14.65,0,1,2,0.5022650368065695,2358.194619611261,Segment 2 - High value
SUB100027,Kolkata,Prepaid,5G Smart,Monthly,5,449.77,23.16,2,0,2,0.2013270783162088,1086.610560171375,Segment 2 - High value
SUB100537,Hyderabad,Prepaid,4G Smart,Monthly,32,182.92,4.25,1,0,1,0.2047715408482244,449.4817230234865,Segment 1 - Mass base
SUB101419,Chennai,Postpaid,5G Smart,Annual,22,442.5,18.73,1,0,2,0.0975818678679201,518.1597183786558,Segment 2 - High value
SUB102849,Delhi,Postpaid,5G Smart,Monthly,21,367.76,15.43,1,0,2,0.114825406075406,506.738296059496,Segment 2 - High value
SUB101732,Delhi,Prepaid,5G Smart,Monthly,10,353.85,10.39,1,1,2,0.6928123915134786,2941.819976844533,Segment 2 - High value
SUB100001,Hyderabad,Postpaid,4G Smart,Monthly,11,322.04,6.25,4,0,0,0.317113754367999,1225.479761480045,Segment 0 - High risk
SUB102393,Bengaluru,Prepaid,4G Feature,Monthly,19,85.07,2.63,0,0,1,0.2406795623375243,245.6953244166384,Segment 1 - Mass base
SUB101326,Kolkata,Postpaid,4G Smart,Annual,26,277.23,7.94,0,0,1,0.1092336129642631,363.394014264992,Segment 1 - Mass base
SUB101423,Hyderabad,Prepaid,4G Feature,Monthly,31,175.71,1.12,0,0,1,0.0969860961478608,204.4971234496876,Segment 1 - Mass base
SUB100061,Hyderabad,Prepaid,4G Smart,Monthly,11,236.63,10.31,0,0,1,0.1659307642386487,471.1703609014974,Segment 1 - Mass base
SUB100802,Mumbai,Postpaid,4G Smart,Monthly,28,264.62,6.24,0,0,1,0.0411214896214896,130.57882300366302,Segment 1 - Mass base
SUB101105,Delhi,Prepaid,4G Smart,Monthly,23,127.59,5.37,0,0,1,0.1183745215702416,181.24086248576552,Segment 1 - Mass base
SUB102295,Chennai,Postpaid,4G Smart,Annual,18,243.71,7.93,1,0,1,0.1426123737373737,417.0727392424243,Segment 1 - Mass base
SUB101154,Kolkata,Prepaid,4G Smart,Monthly,7,193.83,8.11,4,0,0,0.3449714688077858,802.3898375881577,Segment 0 - High risk
SUB102880,Delhi,Postpaid,5G Smart,Monthly,7,436.79,7.285,7,0,0,0.3942671957671957,2066.5436212698414,Segment 0 - High risk
SUB102204,Bengaluru,Prepaid,4G Smart,Monthly,17,183.01,16.06,0,0,1,0.1983261942735626,435.5481217680565,Segment 1 - Mass base
SUB101788,Hyderabad,Prepaid,4G Feature,Monthly,25,158.86,1.4,1,1,1,0.5239695543397591,998.8536408289696,Segment 1 - Mass base
SUB103093,Chennai,Postpaid,4G Smart,Monthly,18,338.82,10.15,1,1,2,0.5078309884559883,2064.7595461038954,Segment 2 - High value
SUB100700,Bengaluru,Prepaid,4G Smart,Monthly,59,300.62,14.57,1,0,2,0.0941809949309949,339.75228835386827,Segment 2 - High value
SUB101445,Delhi,Prepaid,4G Smart,Monthly,7,195.76,6.86,0,0,1,0.1132092639968837,265.9421462403594,Segment 1 - Mass base
SUB100171,Hyderabad,Prepaid,4G Feature,Monthly,21,156.4,1.79,0,1,1,0.5197900184324332,975.5419065939908,Segment 1 - Mass base
SUB101268,Kolkata,Prepaid,5G Smart,Monthly,35,370.69,14.57,2,0,2,0.1512304175293306,672.7152416873707,Segment 2 - High value
SUB101601,Mumbai,Prepaid,4G Feature,Monthly,10,202.93,0.82,0,0,1,0.1569859035653189,382.285792926122,Segment 1 - Mass base
SUB101719,Bengaluru,Postpaid,4G Smart,Monthly,14,352.27,15.44,1,1,2,0.4823665223665223,2039.0790580086575,Segment 2 - High value
SUB102057,Kolkata,Prepaid,5G Smart,Monthly,16,408.49,12.43,2,1,2,0.696574223898118,3414.523256641706,Segment 2 - High value
SUB100220,Mumbai,Prepaid,4G Feature,Monthly,15,123.01,2.15,2,0,1,0.3300948773448774,487.2596503463205,Segment 1 - Mass base
SUB101682,Kolkata,Prepaid,4G Feature,Monthly,10,75.0,2.22,1,0,1,0.2273219177824441,204.5897260041997,Segment 1 - Mass base
SUB102186,Chennai,Prepaid,4G Smart,Monthly,26,124.11,6.84,0,0,1,0.108739902114616,161.94851101733997,Segment 1 - Mass base
SUB101609,Mumbai,Prepaid,4G Smart,Monthly,34,188.69,9.43,0,1,1,0.3964492359492358,897.6720759751358,Segment 1 - Mass base
SUB101209,Delhi,Postpaid,4G Smart,Monthly,5,287.18,9.59,1,0,1,0.2811258647398354,968.8047100318312,Segment 1 - Mass base
SUB101907,Kolkata,Postpaid,5G Smart,Annual,9,449.54,16.23,0,0,2,0.0763735246235246,411.99545111111104,Segment 2 - High value
SUB102892,Kolkata,Postpaid,4G Feature,Monthly,16,204.58,2.12,0,0,1,0.1388819597757891,340.9496559711713,Segment 1 - Mass base
SUB101194,Bengaluru,Postpaid,5G Smart,Annual,39,466.49,22.11,1,0,2,0.039073790627362,218.73039107709752,Segment 2 - High value
SUB102082,Hyderabad,Prepaid,4G Smart,Monthly,31,212.32,6.85,0,0,1,0.054469887955182,138.78055932773108,Segment 1 - Mass base
SUB101727,Mumbai,Prepaid,5G Smart,Monthly,9,535.84,34.29,0,0,2,0.1786645931645932,1148.8276272157875,Segment 2 - High value
SUB101163,Kolkata,Postpaid,4G Feature,Annual,32,203.48,1.02,0,1,1,0.3672368626743626,896.7042818037517,Segment 1 - Mass base
SUB102970,Chennai,Prepaid,4G Smart,Monthly,14,279.93,8.28,1,1,1,0.6439212587282765,2163.0345354696774,Segment 1 - Mass base
SUB100254,Kolkata,Prepaid,4G Feature,Monthly,23,153.11,1.01,0,0,1,0.2690307878109735,494.29564706085785,Segment 1 - Mass base
SUB100978,Hyderabad,Postpaid,5G Smart,Annual,34,437.94,19.01,0,0,2,0.0551599095349095,289.88076938061937,Segment 2 - High value
SUB100843,Delhi,Postpaid,4G Feature,Annual,9,263.87,1.47,0,0,1,0.1238561124786615,392.1829487969329,Segment 1 - Mass base
SUB100638,Delhi,Prepaid,4G Smart,Monthly,39,125.29,6.09,1,0,1,0.1529984628897672,230.0301289855072,Segment 1 - Mass base
SUB103106,Mumbai,Prepaid,4G Smart,Monthly,31,204.06,9.01,0,0,1,0.1180712725971346,289.12348663405555,Segment 1 - Mass base
SUB100296,Chennai,Postpaid,5G Smart,Monthly,13,429.66,7.285,0,0,2,0.3379686147186146,1742.53914,Segment 2 - High value
SUB100960,Hyderabad,Prepaid,4G Smart,Monthly,31,233.3,3.96,1,1,1,0.5463729273134846,1529.6256473068315,Segment 1 - Mass base
SUB100054,Mumbai,Postpaid,5G Smart,Annual,22,415.91,8.44,0,0,2,0.0962623439362569,480.43765759834366,Segment 2 - High value
SUB102713,Delhi,Prepaid,5G Smart,Monthly,19,450.63,26.72,0,1,2,0.3944975129540345,2133.268971149719,Segment 2 - High value
SUB100329,Mumbai,Prepaid,4G Feature,Monthly,14,132.13,2.58,1,1,1,0.715210789662009,1134.009619656495,Segment 1 - Mass base
SUB101369,Kolkata,Postpaid,4G Feature,Annual,21,241.44,1.07,1,0,1,0.1229306411181411,356.1644878987679,Segment 1 - Mass base
SUB101233,Delhi,Postpaid,4G Feature,Annual,23,229.18,1.95,1,0,1,0.0856297198172198,235.4954302525253,Segment 1 - Mass base
SUB100271,Chennai,Postpaid,4G Smart,Monthly,36,327.66,8.99,0,0,1,0.1342085044585045,527.697102850483,Segment 1 - Mass base
SUB100302,Hyderabad,Postpaid,4G Smart,Annual,17,258.63,5.68,0,0,1,0.0965128575128574,299.5334440626039,Segment 1 - Mass base
SUB100366,Hyderabad,Prepaid,4G Smart,Monthly,8,215.83,12.2,0,0,1,0.2010693440495593,520.7615583145966,Segment 1 - Mass base
SUB101832,Mumbai,Prepaid,4G Smart,Monthly,4,150.92,6.35,0,1,1,0.6141785344285344,1112.3018929914529,Segment 1 - Mass base
SUB101380,Hyderabad,Postpaid,4G Feature,Monthly,47,207.09,1.21,0,0,1,0.0591880421018159,147.08701966638066,Segment 1 - Mass base
SUB102684,Delhi,Prepaid,5G Smart,Monthly,17,352.94,14.5,0,0,2,0.0567528992273237,240.3644190394998,Segment 2 - High value
SUB100641,Chennai,Postpaid,5G Smart,Annual,20,428.31,13.87,1,1,2,0.4986700761112523,2563.0245635905258,Segment 2 - High value
SUB100837,Hyderabad,Postpaid,4G Feature,Monthly,7,206.75,1.45,0,0,1,0.1424526769526769,353.42509151959155,Segment 1 - Mass base
SUB102303,Bengaluru,Postpaid,4G Smart,Monthly,44,299.02,9.09,0,0,1,0.0578610278610278,207.61925461205465,Segment 1 - Mass base
SUB100675,Hyderabad,Postpaid,4G Smart,Monthly,25,300.82,6.0,0,1,1,0.5513425348874267,1990.258336138028,Segment 1 - Mass base
SUB100192,Kolkata,Prepaid,4G Feature,Monthly,52,121.18,1.83,0,0,1,0.1574729960056047,228.9909318715102,Segment 1 - Mass base
SUB102778,Hyderabad,Prepaid,5G Smart,Monthly,26,292.79,14.09,0,0,2,0.1831792915145856,643.5967771506664,Segment 2 - High value
SUB101037,Hyderabad,Postpaid,4G Feature,Annual,7,258.11,1.01,1,0,1,0.2078263588263588,643.7047377200579,Segment 1 - Mass base
SUB101078,Bengaluru,Prepaid,4G Feature,Monthly,27,114.16,0.91,1,1,1,0.62356240234749,854.2306062238736,Segment 1 - Mass base
SUB100375,Bengaluru,Postpaid,4G Feature,Annual,9,172.29,1.08,2,0,1,0.1782993025493026,368.63024203463215,Segment 1 - Mass base
SUB102829,Bengaluru,Postpaid,5G Smart,Annual,19,475.83,19.95,1,0,2,0.1474788535927192,842.0983548602828,Segment 2 - High value
SUB100695,Kolkata,Prepaid,4G Feature,Monthly,6,130.07,2.09,0,0,1,0.1936867240003912,302.3139862887707,Segment 1 - Mass base
SUB103028,Chennai,Prepaid,4G Smart,Monthly,45,238.22,5.29,0,0,1,0.098926087051087,282.7940694877194,Segment 1 - Mass base
SUB100292,Mumbai,Prepaid,5G Smart,Monthly,8,308.95,14.14,1,0,2,0.2439938383188595,904.58275618334,Segment 2 - High value
SUB101491,Kolkata,Postpaid,4G Smart,Monthly,25,298.68,6.45,0,0,1,0.0597966961183646,214.32092635959785,Segment 1 - Mass base
SUB103181,Mumbai,Postpaid,5G Smart,Monthly,19,280.9,6.3,0,1,1,0.5129019291968205,1728.8898229366423,Segment 1 - Mass base
SUB102752,Bengaluru,Prepaid,5G Smart,Monthly,9,208.26,5.5,0,1,1,0.5195096873738176,1298.3170499096552,Segment 1 - Mass base
SUB100721,Kolkata,Postpaid,4G Smart,Annual,9,442.32,21.48,0,0,2,0.073790980267296,391.6707167019645,Segment 2 - High value
SUB101182,Chennai,Postpaid,4G Feature,Annual,19,217.19,1.15,0,0,1,0.0995686227352893,259.50371006253,Segment 1 - Mass base
SUB101648,Bengaluru,Postpaid,4G Feature,Monthly,12,203.27,3.07,1,0,1,0.1012385577385577,246.9451395781996,Segment 1 - Mass base
SUB101597,Mumbai,Postpaid,4G Smart,Monthly,14,273.44,5.7,0,0,1,0.3011831224331224,988.266155977356,Segment 1 - Mass base
SUB102882,Delhi,Prepaid,5G Smart,Monthly,9,373.15,16.03,0,0,2,0.1641394914073942,734.9838146240298,Segment 2 - High value
SUB101855,Kolkata,Postpaid,4G Feature,Monthly,12,253.89,2.35,1,0,1,0.2679217741323005,816.2719108133973,Segment 1 - Mass base
SUB102085,Delhi,Postpaid,4G Feature,Annual,11,213.08,1.69,0,0,1,0.0987820767195767,252.58181888888885,Segment 1 - Mass base
SUB101643,Delhi,Prepaid,5G Smart,Monthly,6,354.55,15.92,3,0,0,0.2815376066428698,1197.8299012227542,Segment 0 - High risk
SUB101280,Chennai,Prepaid,4G Smart,Monthly,26,272.23,10.45,4,0,0,0.2692941167443454,879.719248815758,Segment 0 - High risk
SUB100820,Bengaluru,Prepaid,4G Smart,Monthly,14,245.66,7.72,0,1,1,0.4567615666468607,1346.4965575496135,Segment 1 - Mass base
SUB102444,Bengaluru,Prepaid,5G Smart,Monthly,42,386.37,17.39,0,0,2,0.156504862287471,725.6254037041224,Segment 2 - High value
SUB100180,Hyderabad,Prepaid,4G Smart,Monthly,44,164.13,7.87,1,1,1,0.516539001245444,1017.3545552929768,Segment 1 - Mass base
SUB100865,Delhi,Prepaid,5G Smart,Monthly,6,462.15,20.64,3,1,2,0.5875721033352616,3258.5573706766936,Segment 2 - High value
SUB100471,Kolkata,Prepaid,5G Smart,Monthly,23,282.75,15.33,0,0,2,0.1061819999304519,360.2755257640233,Segment 2 - High value
SUB101651,Mumbai,Prepaid,4G Smart,Monthly,43,223.34,4.24,0,1,1,0.4022041148191783,1077.9392040445834,Segment 1 - Mass base
SUB100489,Kolkata,Prepaid,4G Smart,Monthly,40,113.26,4.05,0,0,1,0.0874426990079163,118.84512107563933,Segment 1 - Mass base
SUB101922,Bengaluru,Prepaid,4G Smart,Monthly,30,205.32,12.41,1,0,1,0.1212423848862528,298.72183757814514,Segment 1 - Mass base
SUB101136,Bengaluru,Prepaid,4G Smart,Monthly,8,195.74,6.86,0,0,1,0.1945061742414682,456.8716625523,Segment 1 - Mass base
SUB101348,Kolkata,Prepaid,5G Smart,Monthly,20,477.29,23.05,0,1,2,0.4801585605427711,2750.0985523375107,Segment 2 - High value
SUB100052,Chennai,Postpaid,4G Feature,Annual,52,244.12,1.1,0,1,1,0.3796688492063491,1112.2171136190475,Segment 1 - Mass base
SUB100992,Bengaluru,Prepaid,5G Smart,Monthly,3,316.11,20.57,0,0,2,0.168665814390239,639.8034070427815,Segment 2 - High value
SUB102338,Delhi,Prepaid,4G Smart,Monthly,4,75.0,2.1,0,1,1,0.5498117690619689,494.8305921557721,Segment 1 - Mass base
SUB101981,Kolkata,Postpaid,4G Smart,Monthly,23,348.13,11.02,0,0,2,0.1909314944314945,797.6277738772344,Segment 2 - High value
SUB102238,Kolkata,Prepaid,4G Smart,Monthly,49,371.54,22.42,0,1,2,0.5497918977631255,2451.23618033894,Segment 2 - High value
SUB100884,Chennai,Prepaid,4G Smart,Monthly,11,120.92,5.88,1,1,1,0.6358633829938182,922.66320325935,Segment 1 - Mass base
SUB100064,Hyderabad,Prepaid,4G Feature,Monthly,36,143.4,1.53,0,0,1,0.1398650800991256,240.67982983457532,Segment 1 - Mass base
SUB101039,Kolkata,Prepaid,5G Smart,Monthly,37,313.78,20.24,2,0,2,0.1152458282458282,433.9420318437118,Segment 2 - High value
SUB102029,Mumbai,Prepaid,4G Smart,Monthly,20,163.32,12.43,0,0,1,0.1073207687812149,210.3315354881764,Segment 1 - Mass base
SUB100853,Kolkata,Prepaid,4G Smart,Monthly,5,158.6,6.11,1,1,1,0.6737583157583155,1282.296826551226,Segment 1 - Mass base
SUB102694,Chennai,Postpaid,4G Smart,Monthly,43,347.45,10.03,0,0,2,0.0940330374134722,392.061346191731,Segment 2 - High value
SUB100211,Chennai,Postpaid,5G Smart,Annual,20,373.56,13.63,2,1,2,0.5327312866871692,2388.085193458307,Segment 2 - High value
SUB101059,Kolkata,Postpaid,5G Smart,Monthly,5,353.75,7.45,0,0,1,0.2373086325439268,1007.3751451489696,Segment 1 - Mass base
SUB100965,Delhi,Prepaid,4G Feature,Monthly,35,130.26,2.2,0,1,1,0.5444912711650831,851.1051957835647,Segment 1 - Mass base
SUB102379,Chennai,Postpaid,5G Smart,Annual,19,391.79,6.56,0,0,2,0.0853841615900439,401.4319280323598,Segment 2 - High value
SUB100796,Bengaluru,Prepaid,5G Smart,Monthly,23,320.23,10.93,2,0,2,0.1905894992370964,732.3897040883448,Segment 2 - High value
SUB102885,Chennai,Prepaid,5G Smart,Monthly,16,232.4,8.17,2,1,1,0.6024558769547159,1680.1289496513118,Segment 1 - Mass base
SUB101096,Chennai,Postpaid,4G Smart,Monthly,11,264.09,7.35,1,0,1,0.1417341263808655,449.1667852310733,Segment 1 - Mass base
SUB102496,Delhi,Postpaid,4G Smart,Annual,12,309.7,7.9,0,1,1,0.4036028067792773,1499.9494711145062,Segment 1 - Mass base
SUB101476,Bengaluru,Prepaid,4G Smart,Monthly,20,258.39,7.99,0,0,1,0.1336497126203008,414.4049909275143,Segment 1 - Mass base
SUB101190,Delhi,Prepaid,4G Smart,Monthly,16,216.57,11.13,0,1,1,0.4180347731019637,1086.4054897283072,Segment 1 - Mass base
SUB100340,Chennai,Postpaid,4G Feature,Monthly,26,288.12,1.23,0,0,1,0.1663398897322987,575.1101883560391,Segment 1 - Mass base
SUB102448,Mumbai,Postpaid,5G Smart,Monthly,72,367.84,9.44,0,0,2,0.0730569523069522,322.4792320390719,Segment 2 - High value
SUB102396,Mumbai,Postpaid,5G Smart,Annual,38,326.11,8.03,0,0,1,0.0309230769230769,121.01189538461536,Segment 1 - Mass base
SUB101277,Kolkata,Prepaid,4G Smart,Monthly,17,177.09,7.01,0,0,1,0.1074711511373915,228.38479385904805,Segment 1 - Mass base
SUB102294,Chennai,Postpaid,4G Feature,Monthly,38,203.02,1.51,0,0,1,0.0668329004329004,162.82098535064938,Segment 1 - Mass base
SUB100880,Chennai,Prepaid,5G Smart,Monthly,25,436.13,18.16,0,0,2,0.1235583419490742,646.6499960909968,Segment 2 - High value
SUB101063,Chennai,Prepaid,4G Smart,Monthly,59,220.78,7.5,0,0,1,0.05960286010286,157.90943344211342,Segment 1 - Mass base
SUB102291,Chennai,Postpaid,4G Feature,Monthly,43,172.21,1.35,1,0,1,0.1396026334776335,288.4916341341992,Segment 1 - Mass base
SUB102133,Hyderabad,Postpaid,4G Feature,Annual,27,235.56,7.285,1,0,1,0.0747521581732107,211.3034205513784,Segment 1 - Mass base
SUB102343,Kolkata,Postpaid,5G Smart,Annual,65,589.71,24.58,0,0,2,0.066907497661069,473.47224534850864,Segment 2 - High value
SUB102426,Kolkata,Prepaid,4G Smart,Monthly,5,183.45,6.08,1,0,1,0.3096650074187622,681.6965473316629,Segment 1 - Mass base
SUB101085,Delhi,Prepaid,4G Smart,Monthly,10,203.1,9.74,0,0,1,0.1879407617227813,458.0492244707627,Segment 1 - Mass base
SUB101152,Mumbai,Postpaid,4G Feature,Monthly,2,245.23,1.67,0,0,1,0.1360823840647369,400.4577965303453,Segment 1 - Mass base
SUB100021,Delhi,Prepaid,4G Smart,Monthly,12,172.26,8.53,1,0,1,0.1998543294376627,413.1228814671815,Segment 1 - Mass base
SUB102076,Delhi,Prepaid,4G Smart,Monthly,19,120.82,6.49,2,0,1,0.2307155437155436,334.50062390054376,Segment 1 - Mass base
SUB101958,Mumbai,Postpaid,4G Smart,Annual,5,319.48,12.1,0,0,2,0.0749344065757109,287.2805305536976,Segment 2 - High value
SUB102607,Hyderabad,Postpaid,4G Smart,Monthly,23,381.25,7.54,0,0,2,0.1277091427091427,584.2693278943281,Segment 2 - High value
SUB102004,Delhi,Prepaid,5G Smart,Monthly,22,424.65,26.67,0,0,2,0.1645388834806993,838.4572424409474,Segment 2 - High value
SUB101437,Bengaluru,Postpaid,5G Smart,Monthly,38,428.9,12.51,0,0,2,0.0406103063603063,209.0131247752247,Segment 2 - High value
SUB100355,Mumbai,Prepaid,4G Smart,Monthly,31,157.2,4.06,1,0,1,0.1510994468494469,285.0339965367966,Segment 1 - Mass base
SUB102982,Bengaluru,Postpaid,4G Smart,Monthly,19,293.96,5.74,0,0,1,0.1461684704184704,515.6122027705627,Segment 1 - Mass base
SUB101041,Chennai,Postpaid,5G Smart,Annual,8,331.29,7.17,1,0,1,0.1392934906921648,553.7584863768875,Segment 1 - Mass base
SUB102863,Delhi,Prepaid,5G Smart,Monthly,13,475.08,29.47,2,1,2,0.5862941571099468,3342.439537917522,Segment 2 - High value
SUB102666,Hyderabad,Prepaid,5G Smart,Monthly,19,257.61,8.59,0,0,1,0.2048512238081204,633.2606851825187,Segment 1 - Mass base
SUB102183,Mumbai,Prepaid,5G Smart,Monthly,26,324.51,16.15,0,0,2,0.1420254345591157,553.0640852253437,Segment 2 - High value
SUB100890,Mumbai,Prepaid,5G Smart,Monthly,17,242.91,7.49,0,0,1,0.1172486531010872,341.7704438974212,Segment 1 - Mass base
SUB102280,Mumbai,Prepaid,5G Smart,Monthly,18,437.01,32.92,2,1,2,0.5647272444904027,2961.4974373770106,Segment 2 - High value
SUB102412,Bengaluru,Postpaid,4G Smart,Monthly,25,268.03,13.59,1,0,1,0.1035600960342339,333.0865504806687,Segment 1 - Mass base
SUB100059,Kolkata,Prepaid,4G Smart,Monthly,5,293.5,10.98,0,0,1,0.1830111832611833,644.5653874458878,Segment 1 - Mass base
SUB102803,Mumbai,Postpaid,4G Feature,Annual,5,286.13,1.09,0,0,1,0.1662219416386082,570.7330099326598,Segment 1 - Mass base
SUB102194,Bengaluru,Prepaid,5G Smart,Monthly,23,459.23,19.17,1,0,2,0.1990641525466087,1096.9947692877497,Segment 2 - High value
SUB102153,Hyderabad,Postpaid,4G Smart,Annual,21,476.96,18.22,2,0,2,0.1527392168677883,874.2059625271238,Segment 2 - High value
SUB101276,Bengaluru,Prepaid,5G Smart,Monthly,38,230.65,5.94,1,0,1,0.1426926615104475,394.94474852861686,Segment 1 - Mass base
SUB101388,Chennai,Prepaid,4G Smart,Monthly,16,122.48,7.285,1,0,1,0.2187515632515632,321.5122976046175,Segment 1 - Mass base
SUB100215,Kolkata,Prepaid,4G Smart,Monthly,33,157.31,5.1,2,0,1,0.146789257039257,277.0970162981464,Segment 1 - Mass base
SUB101496,Delhi,Prepaid,4G Feature,Monthly,24,143.62,2.46,2,0,1,0.1897169049274311,326.965702628132,Segment 1 - Mass base
SUB102859,Delhi,Prepaid,4G Smart,Monthly,6,104.55,7.285,2,0,1,0.3241309893809893,406.6547392773893,Segment 1 - Mass base
SUB101538,Delhi,Prepaid,4G Smart,Monthly,44,205.77,11.34,0,0,1,0.1325496109987635,327.2968014625868,Segment 1 - Mass base
SUB102908,Mumbai,Postpaid,4G Feature,Monthly,36,225.54,2.07,0,0,1,0.0753121718706824,203.8308869245647,Segment 1 - Mass base
SUB101941,Mumbai,Prepaid,4G Smart,Monthly,15,236.2,6.87,0,0,1,0.1347712842712843,381.99572813852825,Segment 1 - Mass base
SUB101675,Delhi,Prepaid,4G Smart,Monthly,8,166.29,8.78,0,0,1,0.0923818342151675,184.3461025396825,Segment 1 - Mass base
SUB101033,Bengaluru,Prepaid,4G Feature,Monthly,12,75.0,1.75,1,1,1,0.6831790506248713,614.8611455623841,Segment 1 - Mass base
SUB101515,Chennai,Postpaid,4G Smart,Monthly,28,298.35,7.14,2,1,1,0.5623186166760088,2013.213111423447,Segment 1 - Mass base
SUB100454,Kolkata,Prepaid,4G Smart,Monthly,39,211.5,12.49,1,1,1,0.4181471036243049,1061.257348998486,Segment 1 - Mass base
SUB101865,Mumbai,Prepaid,4G Feature,Monthly,4,190.12,4.21,4,1,0,0.7162582375945546,1634.1001935777208,Segment 0 - High risk
SUB102418,Mumbai,Postpaid,4G Feature,Annual,27,255.4,0.94,0,0,1,0.103139149430816,316.1008651755651,Segment 1 - Mass base
SUB101577,Delhi,Postpaid,4G Smart,Monthly,24,312.56,5.47,0,0,1,0.1948777657527658,730.931933564214,Segment 1 - Mass base
SUB100214,Kolkata,Postpaid,4G Feature,Annual,11,225.24,3.23,0,0,1,0.1217272634772634,329.01418590742594,Segment 1 - Mass base
SUB101287,Bengaluru,Postpaid,4G Smart,Monthly,12,316.86,7.8,1,0,1,0.0769232804232804,292.4869276190477,Segment 1 - Mass base
SUB103047,Delhi,Postpaid,5G Smart,Monthly,10,370.5,9.42,0,0,2,0.277392692590061,1233.2879112554117,Segment 2 - High value
SUB102586,Chennai,Prepaid,4G Smart,Monthly,40,166.34,8.02,1,0,1,0.0940411278099957,187.7136143989763,Segment 1 - Mass base
SUB100342,Mumbai,Prepaid,4G Smart,Monthly,12,149.09,3.7,0,0,1,0.1206948051948052,215.93266207792212,Segment 1 - Mass base
SUB100148,Hyderabad,Postpaid,5G Smart,Annual,44,317.13,7.46,0,0,1,0.0362341269841269,137.8911442857143,Segment 1 - Mass base
SUB103114,Mumbai,Prepaid,4G Feature,Monthly,10,142.06,2.96,1,1,1,0.6353128547080164,1083.0305296778497,Segment 1 - Mass base
SUB102614,Chennai,Prepaid,4G Smart,Monthly,49,361.55,11.54,2,1,2,0.6579153531653532,2854.4315512432017,Segment 2 - High value
SUB101432,Kolkata,Postpaid,4G Smart,Annual,19,328.12,5.76,0,0,1,0.0707568989890971,278.6010443556306,Segment 1 - Mass base
SUB102967,Chennai,Postpaid,5G Smart,Annual,36,294.56,7.53,0,1,1,0.4771267949631118,1686.509624692011,Segment 1 - Mass base
SUB100218,Kolkata,Postpaid,4G Feature,Annual,41,212.88,1.53,4,0,0,0.2139644883625146,546.5851233913454,Segment 0 - High risk
SUB102747,Kolkata,Postpaid,5G Smart,Monthly,16,508.58,11.21,0,0,2,0.1570782957782958,958.6425560031082,Segment 2 - High value
SUB101464,Kolkata,Prepaid,4G Smart,Monthly,7,183.79,5.63,0,0,1,0.1770695045695046,390.5232509379509,Segment 1 - Mass base
SUB100453,Kolkata,Postpaid,5G Smart,Monthly,25,434.83,15.15,0,0,2,0.1603335835348031,836.6142255412612,Segment 2 - High value
SUB101555,Hyderabad,Postpaid,4G Smart,Monthly,40,271.36,6.36,1,1,1,0.5040843394355191,1641.4599161906697,Segment 1 - Mass base
SUB101687,Bengaluru,Postpaid,5G Smart,Annual,10,377.85,11.38,2,0,2,0.1914069264069264,867.8772857142858,Segment 2 - High value
SUB101365,Bengaluru,Postpaid,4G Smart,Monthly,42,340.34,11.89,0,0,2,0.110622759141627,451.79219815513625,Segment 2 - High value
SUB101759,Mumbai,Prepaid,4G Smart,Monthly,12,223.26,9.2,0,0,1,0.1079424090171216,289.190666845951,Segment 1 - Mass base
SUB102787,Delhi,Prepaid,4G Smart,Monthly,10,205.38,7.97,1,0,1,0.2453211339432567,604.6086538711929,Segment 1 - Mass base
SUB100770,Chennai,Prepaid,4G Feature,Monthly,11,88.82,1.11,1,1,1,0.6823512506012509,727.2772569408372,Segment 1 - Mass base
SUB101168,Kolkata,Prepaid,4G Smart,Monthly,19,99.62,3.42,1,0,1,0.2523998430248431,301.7288683456185,Segment 1 - Mass base
SUB101671,Hyderabad,Prepaid,5G Smart,Monthly,38,250.69,9.97,0,0,1,0.094204569939864,283.39372365869417,Segment 1 - Mass base
SUB102720,Bengaluru,Prepaid,4G Feature,Monthly,33,230.21,0.95,0,0,1,0.2359541817659464,651.8281462120625,Segment 1 - Mass base
SUB102131,Kolkata,Prepaid,4G Smart,Monthly,32,178.09,3.22,1,0,1,0.1523152083590229,325.5097854799007,Segment 1 - Mass base
SUB100033,Kolkata,Prepaid,4G Feature,Monthly,7,138.26,1.21,0,1,1,0.4877746410795951,809.2766625079778,Segment 1 - Mass base
SUB101544,Bengaluru,Prepaid,5G Smart,Monthly,8,161.3,9.34,2,0,1,0.286215591096026,553.998898125468,Segment 1 - Mass base
SUB102651,Delhi,Prepaid,4G Smart,Monthly,13,133.48,5.96,1,0,1,0.178595713867453,286.0674706443316,Segment 1 - Mass base
SUB102266,Kolkata,Prepaid,4G Smart,Monthly,12,134.99,4.11,0,0,1,0.0631615323059631,102.31410295178355,Segment 1 - Mass base
SUB102234,Delhi,Prepaid,4G Smart,Monthly,29,229.09,7.04,0,0,1,0.0842740082695496,231.67599065365343,Segment 1 - Mass base
SUB101590,Hyderabad,Postpaid,5G Smart,Monthly,14,374.71,10.77,0,0,2,0.1866531786115119,839.2897506902358,Segment 2 - High value
SUB100627,Chennai,Postpaid,4G Smart,Monthly,17,345.95,12.38,2,1,2,0.6113369408369405,2537.9041761904746,Segment 2 - High value
SUB102224,Hyderabad,Prepaid,4G Smart,Monthly,17,102.34,7.285,1,0,1,0.2055161290206268,252.3902477276514,Segment 1 - Mass base
SUB102582,Chennai,Postpaid,5G Smart,Annual,43,433.39,19.9,0,0,2,0.0565450937950937,294.0729383982684,Segment 2 - High value
SUB102652,Kolkata,Postpaid,4G Feature,Annual,12,221.24,1.77,0,0,1,0.0768597883597883,204.0535149206349,Segment 1 - Mass base
SUB100076,Chennai,Prepaid,4G Feature,Monthly,10,91.65,0.8,0,0,1,0.2370702955944891,260.7299110948192,Segment 1 - Mass base
SUB102432,Mumbai,Prepaid,5G Smart,Monthly,56,383.37,7.285,0,0,2,0.0917154134654134,421.9312567228266,Segment 2 - High value
SUB102479,Delhi,Prepaid,4G Smart,Monthly,26,240.44,9.48,1,0,1,0.2583839153883911,745.5099433918172,Segment 1 - Mass base
SUB102271,Kolkata,Prepaid,4G Smart,Monthly,23,196.39,3.94,2,0,1,0.2413936389809849,568.8875611137076,Segment 1 - Mass base
SUB100872,Delhi,Postpaid,4G Smart,Annual,12,345.24,11.43,0,0,2,0.0932708032708033,386.4097454545456,Segment 2 - High value
SUB101147,Kolkata,Postpaid,4G Smart,Annual,26,306.89,12.85,0,0,2,0.1452310891722657,534.8396274729195,Segment 2 - High value
SUB100151,Hyderabad,Prepaid,5G Smart,Monthly,12,257.46,12.21,3,0,0,0.2565162519113926,792.5120906052856,Segment 0 - High risk
SUB102526,Mumbai,Postpaid,4G Smart,Annual,35,304.0,11.91,0,1,1,0.3397441708854751,1239.3867353902133,Segment 1 - Mass base
SUB103092,Kolkata,Prepaid,4G Feature,Monthly,21,138.19,1.81,3,0,0,0.2084102301207564,345.602516404648,Segment 0 - High risk
SUB103143,Delhi,Prepaid,4G Smart,Monthly,21,224.45,6.52,0,0,1,0.1879028000030719,506.09740152827385,Segment 1 - Mass base
SUB102520,Kolkata,Prepaid,4G Smart,Monthly,17,217.32,6.86,0,0,1,0.193792097035518,505.3787823331054,Segment 1 - Mass base
SUB100485,Hyderabad,Prepaid,4G Feature,Monthly,15,119.81,0.8,1,0,1,0.2367443901632356,340.3721446254872,Segment 1 - Mass base
SUB102929,Chennai,Prepaid,4G Feature,Monthly,17,75.0,1.35,0,0,1,0.2005770057828881,180.51930520459933,Segment 1 - Mass base
SUB101082,Kolkata,Prepaid,5G Smart,Monthly,55,522.39,36.27,0,0,2,0.1611964886964887,1010.4892047619052,Segment 2 - High value
SUB100841,Chennai,Prepaid,4G Feature,Monthly,18,166.35,2.36,2,0,1,0.2289328346182567,456.995724464964,Segment 1 - Mass base
SUB103008,Bengaluru,Prepaid,4G Smart,Monthly,10,183.61,2.91,4,0,0,0.2835422584238373,624.7343288304091,Segment 0 - High risk
SUB100650,Kolkata,Postpaid,5G Smart,Monthly,6,485.78,16.7,1,1,2,0.4951098161098161,2886.173357637917,Segment 2 - High value
SUB101097,Hyderabad,Prepaid,5G Smart,Monthly,15,228.99,9.13,2,1,1,0.6046488318731745,1661.5024321276592,Segment 1 - Mass base
SUB102715,Delhi,Postpaid,4G Smart,Monthly,43,372.07,9.91,2,0,2,0.1147685181097544,512.4230703971559,Segment 2 - High value
SUB101224,Delhi,Postpaid,4G Feature,Annual,12,202.6,1.48,2,0,1,0.1905033705401353,463.15179445717695,Segment 1 - Mass base
SUB100570,Hyderabad,Prepaid,4G Smart,Monthly,18,248.21,8.04,0,1,1,0.4928006612124259,1467.816625434435,Segment 1 - Mass base
SUB100855,Bengaluru,Prepaid,4G Feature,Monthly,30,168.3,2.47,4,0,0,0.4389382551000199,886.4797000000003,Segment 0 - High risk
SUB102538,Bengaluru,Postpaid,4G Smart,Monthly,9,239.92,4.95,3,0,0,0.2285464113181504,657.9942600414079,Segment 0 - High risk
SUB100518,Hyderabad,Prepaid,5G Smart,Monthly,25,258.54,10.29,2,0,1,0.2415641278655985,749.4478754204621,Segment 1 - Mass base
SUB101284,Chennai,Prepaid,4G Feature,Monthly,19,87.55,1.95,2,1,1,0.6343136123136122,666.4098810966809,Segment 1 - Mass base
SUB102093,Hyderabad,Prepaid,5G Smart,Monthly,38,203.04,6.42,1,0,1,0.053300542050542,129.8657046953047,Segment 1 - Mass base
SUB101076,Delhi,Postpaid,5G Smart,Annual,44,429.9,25.66,0,0,2,0.0753124617098301,388.5219274686715,Segment 2 - High value
SUB102346,Hyderabad,Postpaid,4G Feature,Annual,22,257.51,2.07,0,0,1,0.1092436267436267,337.5759158730159,Segment 1 - Mass base
SUB102104,Chennai,Postpaid,5G Smart,Monthly,19,347.16,7.285,3,0,0,0.2218473091956612,924.1981423243892,Segment 0 - High risk
SUB100193,Delhi,Prepaid,4G Smart,Monthly,28,149.36,7.8,0,0,1,0.0925088892588892,165.80553239649242,Segment 1 - Mass base
SUB102906,Chennai,Prepaid,4G Smart,Monthly,11,206.28,5.04,0,0,1,0.0705323720557233,174.5930124918553,Segment 1 - Mass base
SUB102256,Hyderabad,Prepaid,4G Smart,Monthly,22,189.88,6.16,0,1,1,0.4528054475521554,1031.7443805744392,Segment 1 - Mass base
SUB102310,Bengaluru,Postpaid,4G Smart,Annual,26,252.16,7.33,1,0,1,0.0840066137566137,254.1972926984127,Segment 1 - Mass base
SUB102894,Hyderabad,Prepaid,4G Feature,Monthly,35,161.78,1.19,0,0,1,0.114069345578169,221.4496647316344,Segment 1 - Mass base
SUB100073,Bengaluru,Postpaid,5G Smart,Annual,16,459.83,15.39,1,0,2,0.1500266966435697,827.8413110113522,Segment 2 - High value
SUB102987,Hyderabad,Prepaid,4G Smart,Monthly,20,301.99,15.53,0,0,2,0.1338248418248418,484.9651677922078,Segment 2 - High value
SUB101333,Kolkata,Postpaid,4G Smart,Monthly,8,273.26,8.06,0,0,1,0.116687268508937,382.6315559130257,Segment 1 - Mass base
SUB100763,Mumbai,Prepaid,4G Smart,Monthly,15,253.11,13.08,0,0,1,0.2216832298136646,673.3229075776397,Segment 1 - Mass base
SUB102901,Mumbai,Postpaid,4G Smart,Monthly,26,369.9,15.03,0,0,2,0.0671975709475709,298.27657792207793,Segment 2 - High value
SUB100090,Mumbai,Prepaid,5G Smart,Monthly,23,306.21,7.285,0,0,1,0.1686167628667629,619.5856674891777,Segment 1 - Mass base
SUB101079,Mumbai,Prepaid,4G Smart,Monthly,5,154.69,2.83,2,0,1,0.2810551948051949,521.7171370129872,Segment 1 - Mass base
SUB100980,Delhi,Prepaid,5G Smart,Monthly,37,332.61,14.19,0,0,2,0.1373756613756613,548.3102247619048,Segment 2 - High value
SUB100018,Kolkata,Postpaid,4G Smart,Annual,5,306.19,5.85,1,0,1,0.1311196760755584,481.7704034109028,Segment 1 - Mass base
SUB101814,Delhi,Postpaid,5G Smart,Annual,7,334.7,7.71,0,1,1,0.4002475209975209,1607.554143334443,Segment 1 - Mass base
SUB101847,Hyderabad,Prepaid,4G Feature,Monthly,21,161.44,1.07,0,0,1,0.162862145439087,315.50957711623454,Segment 1 - Mass base
SUB100665,Mumbai,Prepaid,4G Smart,Monthly,24,226.27,10.13,1,0,1,0.1506303233803234,408.9974792551893,Segment 1 - Mass base
SUB102203,Delhi,Postpaid,4G Feature,Monthly,21,298.27,1.35,1,0,1,0.2051528663831294,734.2913454731523,Segment 1 - Mass base
SUB102086,Kolkata,Postpaid,4G Feature,Monthly,13,233.85,1.41,1,0,1,0.171707610907611,481.845897728938,Segment 1 - Mass base
SUB100116,Chennai,Postpaid,5G Smart,Annual,30,394.75,10.97,1,0,2,0.0500223665223665,236.95595021645025,Segment 2 - High value
SUB102313,Bengaluru,Prepaid,4G Feature,Monthly,9,124.3,0.95,1,0,1,0.3188119027976006,475.539834212901,Segment 1 - Mass base
SUB101858,Kolkata,Prepaid,4G Feature,Monthly,39,135.98,2.27,0,0,1,0.1287659377659377,210.11510660894663,Segment 1 - Mass base
SUB102611,Hyderabad,Postpaid,4G Feature,Monthly,53,284.98,1.69,0,0,1,0.1123001152138889,384.03944200384905,Segment 1 - Mass base
SUB100752,Delhi,Prepaid,5G Smart,Monthly,6,312.81,9.22,1,0,1,0.1095715488215488,411.30091424242426,Segment 1 - Mass base
SUB102167,Delhi,Prepaid,4G Feature,Monthly,20,90.32,1.1,2,1,1,0.643339419204408,697.2769961105055,Segment 1 - Mass base
SUB101304,Hyderabad,Prepaid,4G Smart,Monthly,13,341.37,21.35,3,0,2,0.17540576417047,718.5391885784802,Segment 2 - High value
SUB102210,Bengaluru,Postpaid,4G Smart,Monthly,35,247.98,3.78,1,0,1,0.1673784592600382,498.0781239276513,Segment 1 - Mass base
SUB100263,Hyderabad,Prepaid,4G Smart,Monthly,4,158.74,4.51,2,1,1,0.5794303058171344,1103.745200944943,Segment 1 - Mass base
SUB100525,Mumbai,Prepaid,5G Smart,Monthly,27,337.4,7.285,0,0,1,0.069031746031746,279.4957333333333,Segment 1 - Mass base
SUB102767,Kolkata,Postpaid,4G Feature,Monthly,29,219.61,0.99,3,0,0,0.237587542087542,626.1192014141415,Segment 0 - High risk
SUB102387,Mumbai,Prepaid,4G Feature,Monthly,23,173.79,1.13,1,0,1,0.2376275946275946,495.56759604395614,Segment 1 - Mass base
SUB101525,Mumbai,Postpaid,4G Smart,Annual,28,274.83,6.96,0,1,1,0.4256000090953649,1403.6118059961495,Segment 1 - Mass base
SUB102195,Kolkata,Prepaid,5G Smart,Monthly,29,248.7,8.03,1,0,1,0.0829268324268324,247.48683869463864,Segment 1 - Mass base
SUB100299,Bengaluru,Postpaid,4G Smart,Annual,11,198.31,4.11,0,0,1,0.0300978835978836,71.62453555555555,Segment 1 - Mass base
SUB103064,Hyderabad,Prepaid,4G Feature,Monthly,47,123.28,2.61,1,0,1,0.0911587870031266,134.8566631409454,Segment 1 - Mass base
SUB101236,Bengaluru,Prepaid,5G Smart,Monthly,20,254.43,9.45,0,1,1,0.6103842399430632,1863.6007460245637,Segment 1 - Mass base
SUB100963,Mumbai,Postpaid,4G Smart,Annual,18,315.23,13.74,1,0,2,0.1570082477435418,593.9245192343604,Segment 2 - High value
SUB101385,Chennai,Prepaid,4G Smart,Monthly,19,165.33,6.27,1,0,1,0.1615926286676286,320.59331157142856,Segment 1 - Mass base
SUB100761,Mumbai,Prepaid,4G Smart,Monthly,25,196.7,9.44,1,0,1,0.1863796388796388,439.9304996114996,Segment 1 - Mass base
SUB100513,Delhi,Postpaid,4G Smart,Annual,26,404.59,13.96,1,0,2,0.1805329013092171,876.5016784883537,Segment 2 - High value
SUB100038,Mumbai,Prepaid,4G Smart,Monthly,14,173.55,14.22,1,0,1,0.1272236144736145,264.9558995027496,Segment 1 - Mass base
SUB103133,Delhi,Prepaid,4G Smart,Monthly,41,158.93,2.47,4,1,0,0.7349858706108706,1401.735652994228,Segment 0 - High risk
SUB101708,Mumbai,Prepaid,4G Feature,Monthly,10,190.22,0.78,1,1,1,0.6758981888481891,1542.8322417924303,Segment 1 - Mass base
SUB100859,Mumbai,Prepaid,4G Smart,Monthly,47,220.75,7.05,0,0,1,0.1168389380275467,309.5063468349712,Segment 1 - Mass base
SUB100399,Hyderabad,Prepaid,5G Smart,Monthly,10,360.62,14.59,0,0,2,0.1915803041139852,829.0522712350243,Segment 2 - High value
SUB101620,Hyderabad,Postpaid,4G Smart,Monthly,45,248.39,3.88,1,0,1,0.1307584452584452,389.7490826129426,Segment 1 - Mass base
SUB100929,Chennai,Prepaid,5G Smart,Monthly,28,358.97,16.12,0,0,2,0.1578274471100558,679.8638242691609,Segment 2 - High value
SUB102117,Bengaluru,Prepaid,4G Smart,Monthly,47,177.05,7.43,4,0,0,0.2631546416546417,559.0983516594517,Segment 0 - High risk
SUB101610,Mumbai,Prepaid,4G Feature,Monthly,20,150.43,2.2,1,1,1,0.5643011849261848,1018.6539269813516,Segment 1 - Mass base
SUB101451,Bengaluru,Prepaid,4G Feature,Monthly,21,124.6,7.285,0,1,1,0.6257284698297962,935.5892080895112,Segment 1 - Mass base
SUB102557,Bengaluru,Postpaid,4G Smart,Annual,36,284.05,11.21,1,0,1,0.1184194609856374,403.6445747156439,Segment 1 - Mass base
SUB101366,Bengaluru,Postpaid,4G Smart,Monthly,35,223.69,4.94,2,0,1,0.1935817808140324,519.6277026034909,Segment 1 - Mass base
SUB100396,Mumbai,Postpaid,5G Smart,Monthly,33,436.85,9.35,0,0,2,0.0417304362304362,218.7592928071928,Segment 2 - High value
SUB100095,Kolkata,Postpaid,4G Smart,Monthly,69,266.25,6.42,3,0,0,0.1438789042341673,459.6930990281648,Segment 0 - High risk
SUB101565,Chennai,Prepaid,5G Smart,Monthly,26,377.85,21.58,1,1,2,0.498670089170089,2261.0699183150173,Segment 2 - High value
SUB101521,Delhi,Prepaid,4G Feature,Monthly,18,160.09,1.79,0,0,1,0.1665395437895439,319.93578678321705,Segment 1 - Mass base
SUB102675,Kolkata,Prepaid,4G Smart,Monthly,13,107.27,4.71,0,0,1,0.0840570651491703,108.2016165426181,Segment 1 - Mass base
SUB101716,Bengaluru,Postpaid,4G Smart,Monthly,62,265.32,3.13,2,0,1,0.1195398885165619,380.59587865457047,Segment 1 - Mass base
SUB101781,Chennai,Prepaid,4G Smart,Monthly,9,141.62,6.21,1,0,1,0.2265858338284809,385.0690294414737,Segment 1 - Mass base
SUB101924,Chennai,Prepaid,4G Smart,Monthly,8,117.48,3.99,0,0,1,0.1525033697476152,214.9931505353981,Segment 1 - Mass base
SUB100010,Chennai,Postpaid,4G Feature,Annual,20,241.08,1.23,0,0,1,0.161474321974322,467.1387544988347,Segment 1 - Mass base
SUB101848,Hyderabad,Postpaid,4G Smart,Annual,11,358.69,12.07,2,0,2,0.2475277502138958,1065.4287446906674,Segment 2 - High value
SUB101611,Bengaluru,Postpaid,4G Smart,Monthly,33,251.92,8.88,0,0,1,0.0756737363943245,228.764732069499,Segment 1 - Mass base
SUB102828,Chennai,Postpaid,4G Smart,Monthly,14,346.93,6.93,0,0,1,0.122287037037037,509.10050111111104,Segment 1 - Mass base
SUB101135,Hyderabad,Postpaid,4G Feature,Monthly,49,259.4,1.47,2,1,1,0.4574847567150198,1424.058550702514,Segment 1 - Mass base
SUB101103,Delhi,Prepaid,5G Smart,Monthly,40,352.41,16.96,3,1,0,0.531119729685519,2246.0628472616854,Segment 0 - High risk
SUB100197,Hyderabad,Postpaid,4G Smart,Annual,9,275.04,6.0,1,1,1,0.4141554926554925,1366.9119203996,Segment 1 - Mass base
SUB102124,Hyderabad,Prepaid,4G Smart,Monthly,16,192.48,6.39,1,0,1,0.1924189969816905,444.4417024684294,Segment 1 - Mass base
SUB100408,Bengaluru,Postpaid,4G Smart,Annual,15,404.82,11.78,0,1,2,0.4337954035128958,2107.3086630010857,Segment 2 - High value
SUB101594,Chennai,Postpaid,5G Smart,Annual,38,406.42,15.28,1,0,2,0.0395804473304473,193.0354248484848,Segment 2 - High value
SUB100662,Mumbai,Prepaid,5G Smart,Monthly,34,229.21,4.35,2,0,1,0.2689855912061794,739.8502483244207,Segment 1 - Mass base
SUB100579,Bengaluru,Prepaid,5G Smart,Monthly,20,333.72,17.63,1,0,2,0.167687950937951,671.5298758441561,Segment 2 - High value
SUB101123,Kolkata,Postpaid,4G Smart,Annual,30,287.31,5.54,0,0,1,0.034545695045695,119.10388372294372,Segment 1 - Mass base
SUB101584,Chennai,Prepaid,5G Smart,Monthly,15,587.84,41.38,0,0,2,0.2261375810793969,1595.1925879405526,Segment 2 - High value
SUB102572,Chennai,Prepaid,4G Smart,Monthly,24,203.54,3.64,0,0,1,0.0726064476064476,177.33979614979617,Segment 1 - Mass base
SUB103075,Chennai,Prepaid,5G Smart,Monthly,22,213.6,11.5,0,0,1,0.140123136123136,359.16362251082234,Segment 1 - Mass base
SUB100318,Mumbai,Prepaid,5G Smart,Monthly,36,310.97,19.36,0,1,2,0.4963567326393411,1852.2246377862712,Segment 2 - High value
SUB101700,Delhi,Prepaid,5G Smart,Monthly,24,369.36,18.72,0,0,2,0.1511828753104497,670.0908818960125,Segment 2 - High value
SUB101488,Delhi,Postpaid,4G Smart,Annual,38,325.31,9.96,0,0,2,0.0185966810966811,72.59623593073594,Segment 2 - High value
SUB102385,Bengaluru,Prepaid,5G Smart,Monthly,35,339.74,17.74,3,0,0,0.1107937505328809,451.6928256724917,Segment 0 - High risk
SUB102438,Hyderabad,Postpaid,4G Smart,Monthly,6,186.77,4.75,0,0,1,0.1084812047855525,243.1324154135719,Segment 1 - Mass base
SUB100771,Chennai,Prepaid,4G Smart,Monthly,49,100.7,5.48,0,0,1,0.0803207131033217,97.05954971405404,Segment 1 - Mass base
SUB100986,Bengaluru,Prepaid,4G Smart,Monthly,27,265.96,8.61,1,0,1,0.1034444444444444,330.1450133333333,Segment 1 - Mass base
SUB101456,Bengaluru,Prepaid,4G Feature,Monthly,29,124.44,2.21,1,0,1,0.1635907781302518,244.2868371663424,Segment 1 - Mass base
SUB102814,Mumbai,Postpaid,4G Smart,Monthly,13,362.36,19.53,0,0,2,0.1183913787865693,514.8036002052154,Segment 2 - High value
SUB100545,Kolkata,Postpaid,5G Smart,Annual,25,450.03,15.49,2,0,2,0.113654644031579,613.7759934423782,Segment 2 - High value
SUB102130,Bengaluru,Prepaid,4G Feature,Monthly,29,117.44,2.12,0,0,1,0.1369638955749019,193.0204787557978,Segment 1 - Mass base
SUB100993,Kolkata,Postpaid,4G Smart,Monthly,51,275.92,4.82,0,0,1,0.119562049062049,395.874726926407,Segment 1 - Mass base
SUB102757,Bengaluru,Prepaid,4G Smart,Monthly,20,301.59,9.01,0,0,1,0.1388084011123227,502.3587082975848,Segment 1 - Mass base
SUB100547,Bengaluru,Prepaid,5G Smart,Monthly,31,328.75,11.65,0,0,2,0.1044859122359122,412.19692377067366,Segment 2 - High value
SUB102165,Kolkata,Prepaid,4G Smart,Monthly,28,145.21,5.01,0,0,1,0.1051082966670247,183.153309108224,Segment 1 - Mass base
SUB102355,Delhi,Postpaid,4G Feature,Annual,19,267.24,0.81,0,0,1,0.1863841049382716,597.7114584444444,Segment 1 - Mass base
SUB101560,Hyderabad,Postpaid,4G Feature,Annual,37,260.93,3.81,7,0,0,0.1754414888230678,549.3353721432371,Segment 0 - High risk
SUB102717,Chennai,Prepaid,4G Smart,Monthly,14,181.45,11.14,0,0,1,0.1521899775003223,331.3784570092017,Segment 1 - Mass base
SUB102374,Hyderabad,Postpaid,4G Smart,Annual,8,291.41,8.53,3,1,0,0.6554058766390654,2291.9019181366807,Segment 0 - High risk
SUB102874,Chennai,Prepaid,5G Smart,Monthly,18,240.58,9.96,0,0,1,0.1577322588582853,455.3667220335154,Segment 1 - Mass base
SUB100636,Kolkata,Prepaid,4G Smart,Monthly,26,208.28,7.27,0,0,1,0.0901362570128554,225.2829553276504,Segment 1 - Mass base
SUB103136,Delhi,Prepaid,4G Smart,Monthly,58,221.65,5.16,0,0,1,0.0951369282836359,253.04520184881483,Segment 1 - Mass base
SUB100591,Bengaluru,Postpaid,4G Smart,Monthly,4,285.86,9.13,0,0,1,0.2119712027103332,727.1290560813103,Segment 1 - Mass base
SUB101376,Chennai,Postpaid,4G Smart,Monthly,32,329.04,8.46,0,1,1,0.4666649373338051,1842.617171763783,Segment 1 - Mass base
SUB101513,Bengaluru,Postpaid,4G Smart,Annual,10,274.81,5.09,0,0,1,0.0323181818181818,106.57631454545457,Segment 1 - Mass base
SUB102301,Bengaluru,Prepaid,4G Smart,Monthly,7,172.48,3.11,6,1,0,0.6474919108669109,1340.1528574358977,Segment 0 - High risk
SUB100109,Hyderabad,Prepaid,5G Smart,Monthly,8,327.28,16.14,1,0,2,0.289556092056092,1137.1910136974134,Segment 2 - High value
SUB101789,Hyderabad,Postpaid,5G Smart,Annual,12,343.59,12.62,0,0,2,0.0595301132040262,245.44741914925652,Segment 2 - High value
SUB101229,Bengaluru,Prepaid,4G Feature,Monthly,31,75.0,1.73,0,0,1,0.175627181187465,158.0644630687185,Segment 1 - Mass base
SUB100719,Mumbai,Prepaid,4G Feature,Monthly,33,139.64,2.41,0,0,1,0.2117217289824492,354.77786682131057,Segment 1 - Mass base
SUB101600,Mumbai,Prepaid,4G Feature,Monthly,18,144.27,1.14,4,1,0,0.6661226921226925,1153.2182495104903,Segment 0 - High risk
SUB101599,Hyderabad,Postpaid,4G Feature,Annual,20,161.94,7.285,0,0,1,0.1304077589077589,253.4187897302698,Segment 1 - Mass base
SUB102624,Hyderabad,Prepaid,5G Smart,Monthly,15,225.39,11.95,0,0,1,0.1100580221183669,297.6717312631046,Segment 1 - Mass base
SUB101652,Kolkata,Prepaid,4G Smart,Monthly,16,218.5,7.39,1,1,1,0.3846873404373404,1008.6502066267064,Segment 1 - Mass base
SUB102592,Kolkata,Prepaid,4G Smart,Monthly,31,136.12,2.58,2,0,1,0.2388947522103453,390.2202440504665,Segment 1 - Mass base
SUB102509,Chennai,Prepaid,4G Smart,Monthly,7,133.41,5.17,0,0,1,0.0922741702741702,147.72356467532464,Segment 1 - Mass base
SUB102784,Kolkata,Postpaid,5G Smart,Monthly,19,482.45,23.45,0,0,2,0.163612197062197,947.2164536718836,Segment 2 - High value
SUB101802,Kolkata,Prepaid,4G Feature,Monthly,16,134.69,2.27,0,1,1,0.5525775654084479,893.1200674183663,Segment 1 - Mass base
SUB100713,Kolkata,Prepaid,4G Smart,Monthly,15,160.67,4.69,0,0,1,0.1189091189352383,229.2615376718969,Segment 1 - Mass base
SUB101644,Bengaluru,Prepaid,4G Smart,Monthly,28,234.13,7.02,0,0,1,0.1639106318117512,460.516754713024,Segment 1 - Mass base
SUB100288,Chennai,Prepaid,4G Feature,Monthly,9,146.05,1.12,2,0,1,0.2201326113923368,385.80441472620953,Segment 1 - Mass base
SUB102427,Hyderabad,Postpaid,5G Smart,Annual,42,385.49,11.09,0,0,2,0.1108386752136752,512.7264108974359,Segment 2 - High value
SUB102738,Hyderabad,Prepaid,4G Feature,Monthly,9,130.86,1.34,1,1,1,0.5879214396714402,923.224795144856,Segment 1 - Mass base
SUB103031,Bengaluru,Prepaid,4G Smart,Monthly,16,191.3,3.7,2,1,1,0.5346013233649187,1227.2307979165075,Segment 1 - Mass base
SUB101125,Kolkata,Prepaid,4G Feature,Monthly,30,182.07,3.98,0,0,1,0.1752425235512516,382.8768751557166,Segment 1 - Mass base
SUB101916,Hyderabad,Prepaid,4G Smart,Monthly,18,236.9,8.43,0,0,1,0.1345274895274895,382.43474722874737,Segment 1 - Mass base
SUB101796,Bengaluru,Postpaid,5G Smart,Monthly,27,561.13,27.44,2,0,2,0.1014868927368927,683.3680814574312,Segment 2 - High value
SUB102410,Mumbai,Prepaid,5G Smart,Monthly,32,311.22,18.94,0,0,2,0.1422150072150072,531.1218545454545,Segment 2 - High value
SUB101383,Chennai,Prepaid,5G Smart,Monthly,51,177.24,6.54,2,0,1,0.1308400673400673,278.2811224242424,Segment 1 - Mass base
SUB102021,Kolkata,Prepaid,4G Feature,Monthly,18,155.41,1.26,3,1,0,0.5807000601314104,1082.95915614027,Segment 0 - High risk
SUB100745,Hyderabad,Postpaid,4G Feature,Monthly,3,202.0,1.06,1,0,1,0.3219957824470021,780.517776651533,Segment 1 - Mass base
SUB101303,Chennai,Postpaid,4G Smart,Annual,4,222.64,8.54,3,0,0,0.2695801790801791,720.231972844933,Segment 0 - High risk
SUB102847,Delhi,Postpaid,5G Smart,Annual,25,412.22,11.75,0,0,2,0.0660292207792208,326.6227846753248,Segment 2 - High value
SUB100994,Kolkata,Prepaid,4G Smart,Monthly,31,147.89,3.26,0,0,1,0.1059884308683872,188.09554849350943,Segment 1 - Mass base
SUB100201,Bengaluru,Postpaid,5G Smart,Annual,24,623.63,42.66,1,0,2,0.1078610061781224,807.1843113943503,Segment 2 - High value
SUB103139,Kolkata,Prepaid,4G Smart,Monthly,22,191.22,7.53,0,0,1,0.1796104709560592,412.1413710746119,Segment 1 - Mass base
SUB103148,Chennai,Prepaid,4G Smart,Monthly,26,192.62,6.05,4,0,0,0.2372308954661897,548.3449810163695,Segment 0 - High risk
SUB102337,Kolkata,Prepaid,4G Smart,Monthly,18,194.14,3.64,1,0,1,0.1986823229679507,462.8662341719755,Segment 1 - Mass base
SUB101058,Mumbai,Postpaid,4G Feature,Annual,49,256.25,1.26,0,0,1,0.0690213163379829,212.24054773929768,Segment 1 - Mass base
SUB101893,Delhi,Postpaid,4G Smart,Annual,6,226.26,5.19,1,0,1,0.1157011621276326,314.14253931597807,Segment 1 - Mass base
SUB103054,Mumbai,Postpaid,5G Smart,Annual,9,534.22,11.53,1,0,2,0.1368264587109125,877.1451692705243,Segment 2 - High value
SUB100526,Chennai,Postpaid,4G Feature,Monthly,21,278.98,4.6,2,0,1,0.2405061830279221,805.1569792935567,Segment 1 - Mass base
SUB101532,Kolkata,Prepaid,4G Feature,Monthly,18,164.99,2.71,1,1,1,0.5142777075865311,1018.2081476964212,Segment 1 - Mass base
SUB101872,Bengaluru,Postpaid,4G Smart,Annual,9,233.12,5.85,0,0,1,0.09302405002405,260.2291984992785,Segment 1 - Mass base
SUB102777,Kolkata,Prepaid,4G Smart,Monthly,15,206.39,11.71,2,0,1,0.2959710567210566,733.0255967599064,Segment 1 - Mass base
SUB100808,Delhi,Postpaid,4G Smart,Annual,42,364.74,7.34,4,0,0,0.1651809764309764,722.9773121212124,Segment 0 - High risk
SUB100507,Delhi,Postpaid,5G Smart,Monthly,63,425.2,7.285,0,0,2,0.0595700503200503,303.9502247530248,Segment 2 - High value
SUB100480,Chennai,Prepaid,4G Smart,Monthly,25,187.17,5.06,0,0,1,0.0691610598437223,155.3385068513942,Segment 1 - Mass base
SUB100688,Kolkata,Prepaid,4G Smart,Monthly,24,194.44,9.23,3,1,0,0.5297754304519013,1236.1144163648123,Segment 0 - High risk
SUB101257,Delhi,Prepaid,5G Smart,Monthly,6,329.96,13.76,0,1,2,0.4178609261109261,1654.5286941547342,Segment 2 - High value
SUB102677,Mumbai,Prepaid,4G Smart,Monthly,30,217.41,10.1,0,0,1,0.129091953524616,336.79057938944123,Segment 1 - Mass base
SUB100397,Hyderabad,Postpaid,4G Smart,Annual,13,242.09,6.95,0,0,1,0.0815286935286935,236.847376996337,Segment 1 - Mass base
SUB102348,Chennai,Prepaid,4G Feature,Monthly,25,130.34,1.38,0,0,1,0.1567609940687204,245.1867356030043,Segment 1 - Mass base
SUB101559,Chennai,Prepaid,4G Feature,Monthly,45,149.74,2.35,0,0,1,0.1159482290425686,208.34505380201085,Segment 1 - Mass base
SUB102920,Delhi,Prepaid,5G Smart,Monthly,18,307.6,13.59,0,0,2,0.1027241427353871,379.1753556648609,Segment 2 - High value
SUB100493,Delhi,Postpaid,4G Smart,Annual,28,240.87,6.52,1,0,1,0.1200556758056757,347.0137275757575,Segment 1 - Mass base
SUB102491,Hyderabad,Prepaid,5G Smart,Monthly,28,293.8,9.27,1,0,1,0.1632574859902446,575.5805926072064,Segment 1 - Mass base
SUB101436,Kolkata,Postpaid,4G Smart,Annual,35,285.01,3.61,0,0,1,0.0489450686052853,167.39800803830843,Segment 1 - Mass base
SUB100892,Mumbai,Prepaid,4G Smart,Monthly,34,214.49,4.62,1,0,1,0.1415224682724682,364.2618506371405,Segment 1 - Mass base
SUB100603,Chennai,Prepaid,4G Feature,Monthly,72,104.39,3.61,0,0,1,0.0686015366015365,85.93577287001285,Segment 1 - Mass base
SUB100241,Hyderabad,Prepaid,4G Smart,Monthly,19,165.16,8.25,1,0,1,0.186999988426459,370.6190170621677,Segment 1 - Mass base
SUB100898,Kolkata,Postpaid,5G Smart,Annual,57,471.3,25.68,1,0,2,0.0407649281934996,230.55012789115648,Segment 2 - High value
SUB101278,Mumbai,Postpaid,4G Smart,Annual,25,225.79,6.97,0,0,1,0.0443966218966219,120.2917590964591,Segment 1 - Mass base
SUB100878,Chennai,Prepaid,5G Smart,Monthly,53,232.87,8.0,2,0,1,0.1026200794950794,286.76565494422977,Segment 1 - Mass base
SUB100449,Hyderabad,Postpaid,4G Smart,Monthly,20,232.75,3.36,2,0,1,0.1146578884078884,320.2394823232323,Segment 1 - Mass base
SUB101808,Chennai,Prepaid,4G Smart,Monthly,12,122.93,6.11,0,0,1,0.2210585826263745,326.0967787471227,Segment 1 - Mass base
SUB102621,Mumbai,Postpaid,4G Smart,Monthly,11,307.68,6.94,0,0,1,0.0876350408850409,323.5625925541126,Segment 1 - Mass base
SUB100014,Hyderabad,Postpaid,4G Feature,Annual,36,270.04,0.87,0,0,1,0.1121925925925925,363.55785244444434,Segment 1 - Mass base
SUB103154,Kolkata,Postpaid,4G Feature,Monthly,23,234.31,0.66,1,0,1,0.1633436332186333,459.2765603934956,Segment 1 - Mass base
SUB101309,Kolkata,Postpaid,4G Smart,Annual,27,283.34,5.95,0,0,1,0.0547724867724867,186.2308368253968,Segment 1 - Mass base
SUB102259,Bengaluru,Postpaid,4G Smart,Annual,20,336.22,7.285,1,0,1,0.1145282587782587,462.0802939971138,Segment 1 - Mass base
SUB101160,Bengaluru,Prepaid,4G Smart,Monthly,20,100.98,8.15,1,1,1,0.5969394812112206,723.3473857525087,Segment 1 - Mass base
SUB102755,Kolkata,Postpaid,4G Feature,Annual,41,309.34,1.61,2,0,1,0.1284545824545825,476.8336864380065,Segment 1 - Mass base
SUB102174,Chennai,Postpaid,4G Smart,Monthly,16,319.9,4.41,0,0,1,0.0593374218374218,227.7844949494949,Segment 1 - Mass base
SUB100377,Mumbai,Postpaid,5G Smart,Monthly,15,402.56,12.95,0,0,2,0.0778289210789211,375.9697256343658,Segment 2 - High value
SUB101338,Hyderabad,Prepaid,4G Smart,Monthly,10,158.76,4.32,0,0,1,0.2151537103247629,409.89363661391246,Segment 1 - Mass base
SUB100264,Bengaluru,Prepaid,4G Feature,Monthly,20,206.47,2.58,2,0,1,0.1623565416065416,402.26106174603166,Segment 1 - Mass base
SUB100616,Chennai,Prepaid,4G Smart,Monthly,30,126.05,4.89,1,0,1,0.0881984126984126,133.408919047619,Segment 1 - Mass base
SUB100858,Hyderabad,Prepaid,4G Feature,Monthly,12,106.44,2.78,2,0,1,0.3198017353017353,408.4763604662005,Segment 1 - Mass base
SUB100504,Delhi,Postpaid,4G Smart,Monthly,27,384.72,4.89,0,0,1,0.0645304232804232,297.91373333333337,Segment 1 - Mass base
SUB100058,Chennai,Postpaid,4G Smart,Monthly,24,185.03,7.285,0,0,1,0.0717447872281968,159.29925576999912,Segment 1 - Mass base
SUB100047,Bengaluru,Prepaid,5G Smart,Monthly,12,230.85,5.73,0,0,1,0.1501844582808071,416.040986329492,Segment 1 - Mass base
SUB102282,Mumbai,Prepaid,5G Smart,Monthly,22,254.6,12.54,0,0,1,0.0526758684149988,160.9353131815045,Segment 1 - Mass base
SUB102440,Mumbai,Prepaid,4G Smart,Monthly,11,206.93,7.93,0,1,1,0.4822001211789173,1197.3800529066402,Segment 1 - Mass base
SUB100267,Chennai,Postpaid,5G Smart,Monthly,26,348.84,6.8,0,1,1,0.6170378512812725,2582.9698084915094,Segment 1 - Mass base
SUB101603,Delhi,Prepaid,4G Smart,Monthly,28,208.07,5.7,2,0,1,0.2368083986649991,591.2726821227166,Segment 1 - Mass base
SUB102853,Delhi,Prepaid,5G Smart,Monthly,14,376.12,17.01,1,0,2,0.244822596343261,1104.9920992395282,Segment 2 - High value
SUB101733,Kolkata,Prepaid,4G Feature,Monthly,25,175.99,0.85,0,1,1,0.489074609486374,1032.8668862820837,Segment 1 - Mass base
SUB100233,Chennai,Prepaid,4G Smart,Monthly,32,187.31,5.37,2,1,1,0.53998506753294,1213.7352359951396,Segment 1 - Mass base
SUB102619,Kolkata,Postpaid,4G Feature,Annual,10,238.31,1.08,0,1,1,0.4907833379497467,1403.50292720165,Segment 1 - Mass base
SUB102772,Hyderabad,Prepaid,4G Smart,Monthly,34,141.62,3.75,0,0,1,0.1211109498314426,205.8207925815468,Segment 1 - Mass base
SUB102408,Kolkata,Prepaid,5G Smart,Monthly,15,321.23,6.25,0,0,1,0.112301273203447,432.8944558937197,Segment 1 - Mass base
SUB101773,Mumbai,Prepaid,4G Feature,Monthly,45,130.54,1.86,0,0,1,0.1706792551836426,267.36563966007253,Segment 1 - Mass base
SUB102347,Bengaluru,Prepaid,4G Feature,Monthly,38,145.52,2.43,0,1,1,0.5072326858433179,885.7500053270355,Segment 1 - Mass base
SUB101645,Kolkata,Prepaid,4G Smart,Monthly,32,258.05,11.05,7,1,0,0.721677124253344,2234.745382962905,Segment 0 - High risk
SUB101292,Kolkata,Prepaid,4G Smart,Monthly,17,193.03,6.37,1,0,1,0.1484828236279849,343.9396733389193,Segment 1 - Mass base
SUB102260,Chennai,Postpaid,5G Smart,Annual,7,395.43,14.25,0,0,2,0.0379722222222222,180.18427000000003,Segment 2 - High value
SUB101715,Delhi,Prepaid,4G Smart,Monthly,25,245.32,8.67,2,1,1,0.6492879778703696,1911.399920773909,Segment 1 - Mass base
SUB103074,Mumbai,Prepaid,4G Smart,Monthly,28,186.41,12.04,0,0,1,0.0901852131196597,201.73710693162937,Segment 1 - Mass base
SUB100786,Kolkata,Postpaid,4G Smart,Annual,15,278.5,5.08,2,1,1,0.4280236985236984,1430.4552004662005,Segment 1 - Mass base
SUB102963,Kolkata,Prepaid,4G Smart,Monthly,9,192.66,7.91,0,1,1,0.6033997288845693,1395.0119012028133,Segment 1 - Mass base
SUB100174,Chennai,Prepaid,4G Feature,Monthly,10,161.38,1.36,1,0,1,0.1444104588695381,279.6595182283928,Segment 1 - Mass base
SUB100142,Kolkata,Postpaid,4G Feature,Monthly,12,212.98,0.96,1,0,1,0.145502405002405,371.8692266089468,Segment 1 - Mass base
SUB100205,Bengaluru,Prepaid,4G Smart,Monthly,15,237.41,6.68,0,0,1,0.2120447289615371,604.0984692331023,Segment 1 - Mass base
SUB102163,Kolkata,Postpaid,5G Smart,Annual,17,407.46,15.83,0,0,2,0.0847557903969668,414.4151322617773,Segment 2 - High value
SUB101843,Bengaluru,Prepaid,4G Smart,Monthly,26,175.56,5.61,1,0,1,0.1448145710498651,305.0837531221719,Segment 1 - Mass base
SUB101402,Chennai,Prepaid,4G Smart,Monthly,41,263.97,14.29,4,0,0,0.3638086177598373,1152.4147299607714,Segment 0 - High risk
SUB102176,Mumbai,Postpaid,4G Smart,Annual,63,330.85,7.47,0,0,1,0.0656399303311068,260.6036514005602,Segment 1 - Mass base
SUB100864,Delhi,Postpaid,4G Feature,Monthly,37,169.73,1.27,2,0,1,0.1182920884734386,240.9325941191608,Segment 1 - Mass base
SUB101071,Delhi,Prepaid,4G Smart,Monthly,26,270.47,12.39,0,0,1,0.1387665369718,450.3862230571533,Segment 1 - Mass base
SUB101696,Chennai,Prepaid,5G Smart,Monthly,15,351.94,17.29,0,0,2,0.1626413678913679,686.8800361882563,Segment 2 - High value
SUB101831,Kolkata,Prepaid,4G Feature,Monthly,12,142.61,1.02,1,0,1,0.2184684491921334,373.86942647148175,Segment 1 - Mass base
SUB100682,Hyderabad,Prepaid,4G Smart,Monthly,29,111.37,1.86,0,0,1,0.1476942026306474,197.3844401637025,Segment 1 - Mass base
SUB102437,Hyderabad,Prepaid,4G Smart,Monthly,26,229.7,4.66,1,0,1,0.1184853872181458,326.5931213280971,Segment 1 - Mass base
SUB103146,Mumbai,Prepaid,4G Smart,Monthly,15,184.81,7.61,3,1,0,0.6308315550696132,1399.0077563089826,Segment 0 - High risk
SUB103170,Hyderabad,Postpaid,4G Feature,Annual,42,177.97,0.91,1,0,1,0.1653595177970178,353.14840058802304,Segment 1 - Mass base
SUB100846,Kolkata,Prepaid,4G Smart,Monthly,5,162.75,5.92,1,1,1,0.6656115609283186,1299.9393784930062,Segment 1 - Mass base
SUB102475,Delhi,Prepaid,5G Smart,Monthly,17,458.0,29.89,0,0,2,0.1745799663299663,959.4914949494952,Segment 2 - High value
SUB101842,Chennai,Prepaid,4G Feature,Monthly,32,135.14,2.35,0,1,1,0.4415024367985029,715.9756717073961,Segment 1 - Mass base
SUB101295,Bengaluru,Prepaid,5G Smart,Monthly,24,285.25,10.18,1,0,1,0.1982506130780126,678.611848566037,Segment 1 - Mass base
SUB100940,Chennai,Postpaid,5G Smart,Monthly,34,427.77,15.55,0,0,2,0.0880489417989418,451.9763499999999,Segment 2 - High value
SUB103065,Delhi,Prepaid,4G Feature,Monthly,24,151.86,2.91,0,0,1,0.1577380772821949,287.4492529928895,Segment 1 - Mass base
SUB100790,Kolkata,Prepaid,4G Feature,Monthly,8,166.94,1.93,7,1,0,0.7538951140623137,1510.263004098752,Segment 0 - High risk
SUB101062,Bengaluru,Prepaid,4G Smart,Monthly,30,182.18,4.25,3,1,0,0.6602545417545419,1443.4220690021093,Segment 0 - High risk
SUB101612,Chennai,Postpaid,4G Smart,Annual,40,239.31,3.92,0,0,1,0.0367900432900432,105.65070311688312,Segment 1 - Mass base
SUB101145,Bengaluru,Prepaid,5G Smart,Monthly,19,245.64,6.17,1,0,1,0.160957815212163,474.4521327445888,Segment 1 - Mass base
SUB103164,Kolkata,Postpaid,4G Smart,Annual,25,229.32,7.61,4,0,0,0.2195943600746233,604.2885438277514,Segment 0 - High risk
SUB103096,Hyderabad,Postpaid,5G Smart,Annual,51,465.9,20.09,0,0,2,0.0360691609977324,201.6554653061225,Segment 2 - High value
SUB102807,Mumbai,Prepaid,4G Smart,Monthly,47,259.07,9.61,0,0,1,0.1242725715414394,386.3435413108887,Segment 1 - Mass base
SUB100269,Delhi,Prepaid,4G Smart,Monthly,44,173.11,7.41,3,0,0,0.1370854193354194,284.7702832938534,Segment 0 - High risk
SUB100904,Delhi,Prepaid,5G Smart,Monthly,41,364.61,15.67,0,1,2,0.4742477723477724,2074.985763308656,Segment 2 - High value
SUB103076,Chennai,Postpaid,4G Smart,Annual,16,326.1,6.66,0,0,1,0.1059755799755799,414.7036395604396,Segment 1 - Mass base
SUB103141,Hyderabad,Prepaid,5G Smart,Monthly,6,314.18,15.06,1,0,2,0.2632971664157424,992.6724449339756,Segment 2 - High value
SUB100512,Bengaluru,Prepaid,4G Smart,Monthly,26,139.19,6.98,0,0,1,0.1389018336518337,232.0049547119848,Segment 1 - Mass base
SUB102457,Chennai,Prepaid,4G Smart,Monthly,47,183.43,8.31,0,0,1,0.1061242474001095,233.5964484072251,Segment 1 - Mass base
SUB101803,Kolkata,Prepaid,4G Smart,Monthly,48,170.69,12.8,1,0,1,0.0886826529646787,181.64690441449227,Segment 1 - Mass base
SUB102390,Delhi,Prepaid,5G Smart,Monthly,21,416.61,25.32,2,1,2,0.6654550366363867,3326.822673757021,Segment 2 - High value
SUB100101,Chennai,Prepaid,5G Smart,Monthly,46,290.71,10.95,1,0,1,0.1146756422589755,400.04827153328137,Segment 1 - Mass base
SUB100013,Bengaluru,Prepaid,4G Smart,Monthly,8,340.61,19.17,1,1,2,0.6543541707074603,2674.5548890160167,Segment 2 - High value
SUB100645,Mumbai,Postpaid,5G Smart,Annual,35,403.38,10.8,1,0,2,0.0673665038665038,326.09160395604385,Segment 2 - High value
SUB101762,Chennai,Prepaid,5G Smart,Monthly,12,342.73,14.68,0,1,2,0.4444072084675533,1827.740190697015,Segment 2 - High value
SUB100779,Kolkata,Prepaid,4G Smart,Monthly,21,138.93,5.63,1,1,1,0.6454751209013946,1076.110302561969,Segment 1 - Mass base
SUB101055,Chennai,Prepaid,4G Smart,Monthly,27,256.73,8.79,0,0,1,0.1055929533429533,325.30654694083705,Segment 1 - Mass base
SUB101871,Kolkata,Postpaid,5G Smart,Monthly,17,730.12,49.5,0,0,2,0.1226056998556998,1074.2024829437228,Segment 2 - High value
SUB102329,Chennai,Prepaid,4G Smart,Monthly,29,171.11,7.285,1,0,1,0.1364327239994642,280.14004084257994,Segment 1 - Mass base
SUB103189,Mumbai,Prepaid,4G Feature,Monthly,6,135.61,0.75,0,1,1,0.5787874627279663,941.8724138464744,Segment 1 - Mass base
SUB102480,Kolkata,Prepaid,4G Smart,Monthly,14,198.68,15.08,0,0,1,0.13824185999186,329.59071291819293,Segment 1 - Mass base
SUB101494,Bengaluru,Prepaid,4G Smart,Monthly,10,245.77,12.29,1,0,1,0.1290969215969216,380.73780505050513,Segment 1 - Mass base
SUB101540,Kolkata,Prepaid,4G Smart,Monthly,9,207.12,10.18,0,1,1,0.5079544694435999,1262.490356533901,Segment 1 - Mass base
SUB101171,Delhi,Postpaid,4G Smart,Monthly,13,427.52,21.26,1,0,2,0.1953455882352941,1002.1697505882352,Segment 2 - High value
SUB100118,Delhi,Prepaid,5G Smart,Monthly,4,335.73,16.78,0,0,2,0.1847733878786511,744.4076341499946,Segment 2 - High value
SUB103109,Chennai,Prepaid,4G Feature,Monthly,9,84.22,1.86,1,1,1,0.6330644731085907,639.8002791024661,Segment 1 - Mass base
SUB102450,Kolkata,Postpaid,5G Smart,Monthly,32,375.54,15.46,0,0,2,0.1364378306878307,614.8543552380952,Segment 2 - High value
SUB100564,Mumbai,Prepaid,4G Smart,Monthly,7,151.3,6.1,1,1,1,0.5437655460008401,987.2607253191256,Segment 1 - Mass base
SUB103070,Kolkata,Prepaid,4G Smart,Monthly,20,202.31,2.66,1,1,1,0.4952363814401099,1202.2952679497837,Segment 1 - Mass base
SUB100491,Chennai,Postpaid,5G Smart,Monthly,17,396.17,13.97,0,0,2,0.1139988714988714,541.9551950604949,Segment 2 - High value
SUB101870,Mumbai,Prepaid,4G Smart,Monthly,12,256.7,13.37,1,0,1,0.1812872427137133,558.4372224553224,Segment 1 - Mass base
SUB101902,Chennai,Postpaid,4G Smart,Monthly,41,240.34,7.285,0,0,1,0.0708751490055838,204.4095997440241,Segment 1 - Mass base
SUB102110,Mumbai,Prepaid,4G Feature,Monthly,51,161.08,4.15,1,0,1,0.0585876623376623,113.24760779220782,Segment 1 - Mass base
SUB101817,Bengaluru,Prepaid,4G Smart,Monthly,16,226.7,7.92,0,0,1,0.1522765105265105,414.2530192363191,Segment 1 - Mass base
SUB102319,Kolkata,Prepaid,4G Feature,Monthly,14,80.45,0.95,1,0,1,0.3827712974626019,369.5274105703959,Segment 1 - Mass base
SUB101114,Kolkata,Prepaid,4G Feature,Monthly,35,204.15,1.31,1,1,1,0.3952156624478604,968.1993298647684,Segment 1 - Mass base
SUB101167,Delhi,Prepaid,4G Smart,Monthly,56,183.4,5.65,4,0,0,0.2105862193362193,463.4581515151515,Segment 0 - High risk
SUB102632,Hyderabad,Prepaid,4G Smart,Monthly,26,184.87,4.03,1,0,1,0.1545193531958238,342.7919139037434,Segment 1 - Mass base
SUB100610,Mumbai,Postpaid,4G Smart,Monthly,20,260.01,7.52,5,0,0,0.2704496521996522,843.8353688211789,Segment 0 - High risk
SUB102679,Bengaluru,Postpaid,4G Smart,Annual,35,340.6,9.32,0,0,1,0.106560576701881,435.5343890959282,Segment 1 - Mass base
SUB102514,Kolkata,Prepaid,4G Feature,Monthly,34,100.86,2.47,1,0,1,0.1932424494924495,233.88520146970157,Segment 1 - Mass base
SUB101940,Chennai,Prepaid,4G Smart,Monthly,21,191.01,5.19,0,0,1,0.06353922003922,145.63951703629698,Segment 1 - Mass base
SUB100998,Delhi,Prepaid,4G Smart,Monthly,65,191.45,6.22,3,0,0,0.1211943241943242,278.4318404040405,Segment 0 - High risk
SUB100577,Mumbai,Postpaid,4G Feature,Monthly,13,172.04,1.42,3,0,0,0.1826590832204644,377.0960241269844,Segment 0 - High risk
SUB102222,Hyderabad,Prepaid,4G Feature,Monthly,11,150.66,1.94,0,0,1,0.1771172875000723,320.2138864171309,Segment 1 - Mass base
SUB101807,Kolkata,Postpaid,4G Smart,Monthly,33,260.66,4.72,0,0,1,0.0791954788842266,247.71712231155007,Segment 1 - Mass base
SUB102529,Kolkata,Prepaid,4G Smart,Monthly,8,125.16,3.68,0,0,1,0.1202249765407561,180.5682967660925,Segment 1 - Mass base
SUB101359,Hyderabad,Prepaid,5G Smart,Monthly,20,456.1,22.74,3,0,2,0.248230338904252,1358.6142908907525,Segment 2 - High value
SUB100756,Chennai,Postpaid,4G Feature,Monthly,21,239.12,2.32,1,0,1,0.1471238483738484,422.16305547785566,Segment 1 - Mass base
SUB102974,Delhi,Postpaid,5G Smart,Annual,34,459.34,16.77,1,0,2,0.1365919252704966,752.9056194449994,Segment 2 - High value
SUB102943,Chennai,Postpaid,5G Smart,Annual,12,577.49,30.53,0,0,2,0.0933492143751541,646.8988537140934,Segment 2 - High value
SUB100640,Delhi,Postpaid,4G Smart,Annual,12,277.87,11.81,1,0,1,0.103127303051216,343.8718043860969,Segment 1 - Mass base
SUB102356,Kolkata,Prepaid,4G Smart,Monthly,28,205.09,11.51,1,0,1,0.1334688459688459,328.4775074370074,Segment 1 - Mass base
SUB100044,Chennai,Prepaid,5G Smart,Monthly,17,387.23,16.58,1,1,2,0.5640237522541868,2620.883011024665,Segment 2 - High value
SUB100008,Chennai,Postpaid,5G Smart,Annual,32,471.15,19.27,2,1,2,0.4913241513777224,2777.848487059367,Segment 2 - High value
SUB102515,Kolkata,Postpaid,4G Smart,Annual,65,298.97,6.81,1,0,1,0.1048608801043011,376.2030878973951,Segment 1 - Mass base
SUB102995,Kolkata,Postpaid,4G Feature,Monthly,36,185.6,1.44,1,0,1,0.1766091871091871,393.3439815295817,Segment 1 - Mass base
SUB100472,Chennai,Prepaid,5G Smart,Monthly,24,289.22,8.98,3,1,0,0.616851195101195,2140.868431766012,Segment 0 - High risk
SUB100422,Mumbai,Prepaid,4G Smart,Monthly,36,167.14,3.4,2,0,1,0.2339433066933068,469.2154113686315,Segment 1 - Mass base
SUB101923,Hyderabad,Postpaid,4G Feature,Annual,19,227.79,1.07,0,0,1,0.0970005517358458,265.14906815889987,Segment 1 - Mass base
SUB102361,Hyderabad,Prepaid,4G Smart,Monthly,25,284.99,5.68,1,0,1,0.1532640404820932,524.144626763901,Segment 1 - Mass base
SUB102550,Hyderabad,Prepaid,4G Smart,Monthly,32,180.69,3.89,0,0,1,0.1467132324630361,318.11536768495193,Segment 1 - Mass base
SUB102922,Kolkata,Prepaid,4G Smart,Monthly,24,145.56,6.01,0,0,1,0.0710477947977948,124.1006041292042,Segment 1 - Mass base
SUB100906,Mumbai,Prepaid,4G Smart,Monthly,47,137.45,3.3,1,0,1,0.1129771638215034,186.34453400718772,Segment 1 - Mass base
SUB101207,Hyderabad,Prepaid,4G Smart,Monthly,9,194.73,5.17,2,1,1,0.6548165538165538,1530.1491302963702,Segment 1 - Mass base
SUB101833,Bengaluru,Prepaid,4G Smart,Monthly,22,188.26,6.57,1,0,1,0.0844202741702741,190.71552978354973,Segment 1 - Mass base
SUB101226,Bengaluru,Postpaid,5G Smart,Monthly,16,458.3,24.21,0,0,2,0.0998886483886483,549.3476106782107,Segment 2 - High value
SUB100465,Bengaluru,Postpaid,4G Smart,Monthly,23,248.69,6.62,3,1,0,0.4517684676434677,1348.2036026190476,Segment 0 - High risk
SUB101128,Bengaluru,Prepaid,5G Smart,Monthly,27,281.89,15.48,5,1,0,0.7522300888132811,2544.55367682691,Segment 0 - High risk
SUB101158,Mumbai,Prepaid,5G Smart,Monthly,56,296.76,9.34,3,0,0,0.1507101972101972,536.6970974891776,Segment 0 - High risk
SUB102403,Mumbai,Postpaid,4G Smart,Monthly,18,310.99,5.36,0,0,1,0.0446621341621341,166.6737252369852,Segment 1 - Mass base
SUB102761,Chennai,Postpaid,4G Smart,Monthly,40,278.94,7.39,0,0,1,0.0616357623857623,206.31215471861472,Segment 1 - Mass base
SUB103151,Bengaluru,Postpaid,4G Feature,Monthly,41,187.39,1.66,0,0,1,0.0770247879800511,173.20410023498135,Segment 1 - Mass base
SUB101458,Kolkata,Postpaid,5G Smart,Annual,24,288.99,6.32,0,0,1,0.0302822740866219,105.01529265951442,Segment 1 - Mass base
SUB100066,Bengaluru,Postpaid,4G Smart,Monthly,33,325.97,7.44,0,0,1,0.0827407407407407,323.65199111111104,Segment 1 - Mass base
SUB101141,Delhi,Prepaid,5G Smart,Monthly,35,383.61,21.27,2,1,2,0.4791652356352011,2205.7509125042343,Segment 2 - High value
SUB100433,Chennai,Prepaid,5G Smart,Monthly,30,384.9,23.21,1,0,2,0.1109010843755089,512.2299285136007,Segment 2 - High value
SUB101623,Kolkata,Prepaid,4G Feature,Monthly,5,177.35,2.14,1,1,1,0.6075186156436156,1292.9211178127428,Segment 1 - Mass base
SUB100049,Chennai,Prepaid,5G Smart,Monthly,34,235.56,6.03,6,0,0,0.3027399000518071,855.7609302744443,Segment 0 - High risk
SUB102683,Bengaluru,Postpaid,4G Feature,Annual,56,228.82,1.79,0,0,1,0.0544245754245754,149.44117618381617,Segment 1 - Mass base
SUB102893,Delhi,Prepaid,4G Feature,Monthly,21,122.61,1.85,1,1,1,0.6357037120373034,935.3235855947252,Segment 1 - Mass base
SUB101950,Kolkata,Prepaid,4G Smart,Monthly,20,122.88,4.51,3,1,0,0.713176119877733,1051.62097932691,Segment 0 - High risk
SUB102189,Bengaluru,Prepaid,4G Smart,Monthly,17,103.56,5.82,0,0,1,0.1078323225823225,134.00538391950386,Segment 1 - Mass base
SUB102306,Bengaluru,Postpaid,5G Smart,Annual,10,355.74,12.43,0,0,2,0.0546613756613756,233.34285333333327,Segment 2 - High value
SUB102465,Chennai,Postpaid,4G Feature,Monthly,15,220.86,2.93,0,0,1,0.1156789675702719,306.5862813308431,Segment 1 - Mass base
SUB101352,Delhi,Prepaid,4G Smart,Monthly,29,164.29,3.17,1,1,1,0.5650195165458322,1113.9246764797772,Segment 1 - Mass base
SUB100829,Chennai,Prepaid,4G Smart,Monthly,29,136.14,3.75,1,1,1,0.4840974567801193,790.8603331925452,Segment 1 - Mass base
SUB101996,Mumbai,Prepaid,4G Feature,Monthly,37,109.7,1.25,0,0,1,0.1474225260864705,194.0670133402299,Segment 1 - Mass base
SUB100130,Hyderabad,Postpaid,5G Smart,Monthly,23,430.43,14.03,4,1,0,0.5095094720094718,2631.697944444444,Segment 0 - High risk
SUB102997,Kolkata,Prepaid,4G Feature,Monthly,15,144.85,1.8,3,1,0,0.620617303992304,1078.7569977994226,Segment 0 - High risk
SUB102695,Kolkata,Postpaid,4G Smart,Monthly,17,299.06,5.25,0,0,1,0.119457003508474,428.6977376309311,Segment 1 - Mass base
SUB101699,Mumbai,Prepaid,5G Smart,Monthly,10,344.85,16.85,0,0,2,0.1242187950014037,514.0422174748089,Segment 2 - High value
SUB101448,Hyderabad,Prepaid,5G Smart,Monthly,11,334.96,17.5,0,0,2,0.1432125060929409,575.6455324906977,Segment 2 - High value
SUB102999,Delhi,Postpaid,4G Feature,Annual,35,259.59,1.29,0,0,1,0.1494342231842231,465.49955995670985,Segment 1 - Mass base
SUB103182,Kolkata,Prepaid,4G Smart,Monthly,29,113.58,5.61,0,0,1,0.1814363956663727,247.29054983743936,Segment 1 - Mass base
SUB100238,Mumbai,Prepaid,5G Smart,Monthly,27,249.5,8.58,0,0,1,0.0863795721187025,258.6204389233954,Segment 1 - Mass base
SUB101917,Hyderabad,Postpaid,5G Smart,Annual,54,584.03,34.3,1,0,2,0.0538656218468248,377.5096695264134,Segment 2 - High value
SUB102547,Chennai,Prepaid,4G Smart,Monthly,9,104.72,6.68,1,1,1,0.639747261997262,803.9319993162393,Segment 1 - Mass base
SUB102078,Kolkata,Prepaid,5G Smart,Monthly,3,396.55,7.285,0,0,2,0.1823173276276724,867.5752352490423,Segment 2 - High value
SUB102375,Chennai,Prepaid,4G Smart,Monthly,11,234.61,4.71,1,0,1,0.2377752136208019,669.4133144109161,Segment 1 - Mass base
SUB100523,Hyderabad,Postpaid,5G Smart,Annual,27,471.02,15.8,4,1,0,0.5723093004878724,3234.829520589572,Segment 0 - High risk
SUB102726,Delhi,Prepaid,4G Smart,Monthly,18,229.89,9.28,1,1,1,0.5879806512513162,1622.0504629939803,Segment 1 - Mass base
SUB100055,Chennai,Prepaid,5G Smart,Monthly,31,393.07,20.47,1,0,2,0.1761027919448972,830.6486931573689,Segment 2 - High value
SUB102771,Hyderabad,Postpaid,5G Smart,Annual,10,441.45,9.68,0,1,2,0.4849820827320827,2569.144085064934,Segment 2 - High value
SUB101846,Hyderabad,Prepaid,4G Feature,Monthly,9,175.67,3.04,0,0,1,0.1297938281255654,273.61058144181686,Segment 1 - Mass base
SUB101110,Kolkata,Prepaid,4G Smart,Monthly,17,180.82,6.94,0,0,1,0.0891758471611412,193.4973202041308,Segment 1 - Mass base
SUB102941,Bengaluru,Prepaid,4G Smart,Monthly,12,216.94,10.19,0,0,1,0.1127503364494889,293.5206958722257,Segment 1 - Mass base
SUB100383,Hyderabad,Prepaid,5G Smart,Monthly,14,289.79,4.79,0,0,1,0.0764007361398665,265.6820319116631,Segment 1 - Mass base
SUB102504,Mumbai,Postpaid,4G Smart,Monthly,16,320.34,3.12,1,0,1,0.2494519700572333,958.9133290576094,Segment 1 - Mass base
SUB100158,Delhi,Prepaid,4G Smart,Monthly,5,224.7,10.12,1,0,1,0.2215053566559652,597.2670436871446,Segment 1 - Mass base
SUB102988,Bengaluru,Prepaid,4G Smart,Monthly,24,257.18,14.19,0,0,1,0.1650111832611832,509.2509133333332,Segment 1 - Mass base
SUB102453,Chennai,Prepaid,4G Feature,Monthly,18,127.45,1.11,1,0,1,0.2667242608268924,407.9280845086493,Segment 1 - Mass base
SUB103107,Mumbai,Prepaid,4G Smart,Monthly,6,212.16,8.05,2,1,1,0.6011593993767905,1530.5037380613585,Segment 1 - Mass base
SUB100836,Kolkata,Postpaid,5G Smart,Monthly,16,380.54,13.65,1,0,2,0.2467819447058577,1126.9248148604054,Segment 2 - High value
SUB103091,Kolkata,Prepaid,4G Smart,Monthly,29,333.28,21.61,1,1,2,0.508484167248873,2033.6112391284528,Segment 2 - High value
SUB100464,Mumbai,Postpaid,5G Smart,Annual,6,418.94,10.58,1,0,2,0.1911788975558326,961.1098481044862,Segment 2 - High value
SUB102219,Bengaluru,Postpaid,5G Smart,Monthly,22,494.57,22.11,3,1,2,0.4583520159034863,2720.2458780646466,Segment 2 - High value
SUB102889,Delhi,Prepaid,5G Smart,Monthly,26,300.85,14.61,0,1,2,0.5018430735930738,1811.7538642857155,Segment 2 - High value
SUB102944,Chennai,Prepaid,4G Feature,Monthly,16,75.76,1.35,1,1,1,0.6023597815905597,547.6173246396097,Segment 1 - Mass base
SUB103198,Mumbai,Postpaid,4G Feature,Monthly,21,264.89,1.72,0,0,1,0.0823214211714211,261.67345504917307,Segment 1 - Mass base
SUB101514,Bengaluru,Postpaid,5G Smart,Annual,11,492.02,26.55,1,0,2,0.0585850340136054,345.9001012244898,Segment 2 - High value
SUB101243,Bengaluru,Prepaid,4G Feature,Monthly,34,127.24,1.28,0,0,1,0.1625636170132495,248.21513554519044,Segment 1 - Mass base
SUB101258,Hyderabad,Postpaid,4G Smart,Annual,17,235.54,5.19,0,0,1,0.0263533209946253,74.48713472488865,Segment 1 - Mass base
SUB101313,Hyderabad,Postpaid,5G Smart,Monthly,26,335.54,6.32,1,0,1,0.0526774059274059,212.10452141858144,Segment 1 - Mass base
SUB100596,Delhi,Postpaid,4G Smart,Monthly,14,400.16,10.99,2,1,2,0.5125154323645698,2461.058104980075,Segment 2 - High value
SUB101086,Bengaluru,Postpaid,4G Smart,Monthly,27,319.42,8.67,1,1,1,0.45911655011655,1759.812101258741,Segment 1 - Mass base
SUB103059,Mumbai,Postpaid,4G Feature,Annual,10,287.91,2.61,0,0,1,0.0547061457061457,189.00535692307693,Segment 1 - Mass base
SUB102202,Kolkata,Prepaid,4G Smart,Monthly,45,263.34,14.73,0,0,2,0.0944468864468864,298.4597169230768,Segment 2 - High value
SUB101306,Kolkata,Prepaid,4G Smart,Monthly,18,112.44,8.29,1,0,1,0.2169096575727011,292.67186276969414,Segment 1 - Mass base
SUB102268,Bengaluru,Prepaid,4G Smart,Monthly,14,202.57,9.18,0,0,1,0.2094040327531852,509.0276989777527,Segment 1 - Mass base
SUB101764,Bengaluru,Postpaid,4G Feature,Annual,29,250.52,2.43,1,0,1,0.0555892255892255,167.11455353535354,Segment 1 - Mass base
SUB100368,Hyderabad,Prepaid,4G Smart,Monthly,16,227.25,4.67,0,0,1,0.1345138123085491,366.8191661654136,Segment 1 - Mass base
SUB102750,Chennai,Prepaid,4G Smart,Monthly,10,175.36,8.74,0,1,1,0.4411638731075851,928.3499614577536,Segment 1 - Mass base
SUB101184,Kolkata,Postpaid,4G Smart,Annual,12,267.2,7.28,0,0,1,0.122904423735306,394.08074426488537,Segment 1 - Mass base
SUB101390,Bengaluru,Prepaid,5G Smart,Monthly,31,313.3,16.2,0,0,2,0.16006760020315,601.7901497237629,Segment 2 - High value
SUB101239,Bengaluru,Prepaid,4G Smart,Monthly,19,247.17,15.43,0,0,1,0.0994426116667495,294.950763908046,Segment 1 - Mass base
SUB100098,Bengaluru,Prepaid,4G Smart,Monthly,16,176.37,6.5,0,1,1,0.4897089299589303,1036.4395677222783,Segment 1 - Mass base
SUB101911,Hyderabad,Prepaid,5G Smart,Monthly,45,526.34,44.59,0,0,2,0.1531268750742434,967.1615931189276,Segment 2 - High value
SUB102037,Delhi,Prepaid,4G Smart,Monthly,25,135.37,9.85,0,0,1,0.1696837561963421,275.641080915586,Segment 1 - Mass base
SUB101883,Mumbai,Postpaid,4G Smart,Monthly,7,242.91,8.07,0,1,1,0.5922075807334427,1726.2377212315268,Segment 1 - Mass base
SUB100382,Delhi,Prepaid,4G Smart,Monthly,41,206.91,8.97,1,0,1,0.0786054593554593,195.1710671428572,Segment 1 - Mass base
SUB103095,Hyderabad,Prepaid,4G Smart,Monthly,33,193.2,7.285,0,0,1,0.0704444444444444,163.31840000000005,Segment 1 - Mass base
SUB101959,Delhi,Prepaid,4G Feature,Monthly,20,130.67,0.86,1,0,1,0.3860212468309722,605.2967558808376,Segment 1 - Mass base
SUB100029,Delhi,Postpaid,5G Smart,Annual,37,402.58,11.5,0,1,2,0.4799340936840934,2318.542409224108,Segment 2 - High value
SUB101099,Chennai,Prepaid,5G Smart,Monthly,15,303.94,13.71,0,0,2,0.1728548256651705,630.4499485520631,Segment 2 - High value
SUB100448,Kolkata,Prepaid,5G Smart,Monthly,54,597.37,39.5,1,0,2,0.1316278073778073,943.5660395193694,Segment 2 - High value
SUB102420,Bengaluru,Postpaid,4G Smart,Annual,27,295.63,9.67,0,0,1,0.1180743367256525,418.87579399445593,Segment 1 - Mass base
SUB100821,Hyderabad,Prepaid,4G Smart,Monthly,48,186.88,6.58,0,0,1,0.071674492904756,160.73435080848972,Segment 1 - Mass base
SUB102816,Mumbai,Postpaid,4G Smart,Monthly,32,309.58,9.89,0,0,1,0.122099449118317,453.5945694965831,Segment 1 - Mass base
SUB102066,Delhi,Prepaid,4G Feature,Monthly,18,153.37,0.78,1,0,1,0.353777093958673,651.1055148053002,Segment 1 - Mass base
SUB101377,Bengaluru,Prepaid,4G Feature,Monthly,15,147.13,1.51,1,0,1,0.2573922106109143,454.4413913662057,Segment 1 - Mass base
SUB101998,Mumbai,Postpaid,4G Smart,Annual,57,364.31,9.59,3,1,0,0.4722183187183188,2064.406268307249,Segment 0 - High risk
SUB102711,Hyderabad,Prepaid,4G Smart,Monthly,27,131.69,4.92,2,0,1,0.1712041488160414,270.550492291014,Segment 1 - Mass base
SUB100722,Kolkata,Prepaid,4G Smart,Monthly,7,233.63,10.2,1,1,1,0.5952812257663518,1668.9066333095134,Segment 1 - Mass base
SUB101588,Mumbai,Postpaid,4G Smart,Annual,35,288.34,10.87,1,0,2,0.2098825243462925,726.2103248401197,Segment 2 - High value
SUB102501,Mumbai,Prepaid,4G Smart,Monthly,59,172.04,6.12,1,0,1,0.1545771543271543,319.1214435653236,Segment 1 - Mass base
SUB102164,Chennai,Prepaid,4G Feature,Monthly,42,75.0,2.59,0,0,1,0.1225896320106979,110.3306688096282,Segment 1 - Mass base
SUB102590,Kolkata,Postpaid,4G Feature,Monthly,19,163.48,1.26,0,0,1,0.1245649318752767,244.3665007556429,Segment 1 - Mass base
SUB101771,Hyderabad,Prepaid,5G Smart,Monthly,11,318.35,12.79,0,1,2,0.4512200652004999,1723.75089307895,Segment 2 - High value
SUB100780,Delhi,Postpaid,4G Smart,Annual,15,259.4,7.71,1,0,1,0.0828757816257816,257.975733044733,Segment 1 - Mass base
SUB101731,Chennai,Postpaid,5G Smart,Monthly,22,393.09,12.2,0,0,2,0.1020527065527065,481.390781025641,Segment 2 - High value
SUB101024,Chennai,Prepaid,4G Smart,Monthly,17,176.07,9.88,0,1,1,0.4383902036073088,926.2483577896664,Segment 1 - Mass base
SUB100005,Chennai,Prepaid,5G Smart,Monthly,14,335.52,13.69,2,0,2,0.133755476005476,538.5316477122876,Segment 2 - High value
SUB101722,Kolkata,Postpaid,5G Smart,Monthly,38,435.53,18.59,0,0,2,0.1652358721525388,863.5821527831426,Segment 2 - High value
SUB101444,Kolkata,Postpaid,4G Smart,Annual,22,341.82,6.62,0,0,1,0.0861554454317612,353.39585228981537,Segment 1 - Mass base
SUB103124,Kolkata,Postpaid,5G Smart,Monthly,20,441.82,9.88,0,0,2,0.1433225575078516,759.8732682974282,Segment 2 - High value
SUB100517,Chennai,Prepaid,4G Feature,Monthly,29,146.91,1.31,1,0,1,0.1909944305207463,336.7079014536341,Segment 1 - Mass base
SUB101926,Delhi,Postpaid,4G Smart,Annual,8,309.02,6.86,4,1,0,0.5728936988936988,2124.427329985569,Segment 0 - High risk
SUB102615,Mumbai,Prepaid,4G Smart,Monthly,7,129.54,2.17,1,0,1,0.2465264811677856,383.22048444569936,Segment 1 - Mass base
SUB103025,Mumbai,Prepaid,4G Smart,Monthly,25,217.63,7.52,0,0,1,0.2243255330905216,585.8395891978827,Segment 1 - Mass base
SUB100351,Kolkata,Prepaid,5G Smart,Monthly,57,218.73,8.36,2,0,1,0.1211233735400401,317.91978593295585,Segment 1 - Mass base
SUB102028,Hyderabad,Prepaid,4G Feature,Monthly,19,149.03,2.41,0,0,1,0.195889153731259,350.32032696683444,Segment 1 - Mass base
SUB102727,Bengaluru,Postpaid,4G Smart,Monthly,37,332.3,8.17,0,0,1,0.1330882173382173,530.7025754578756,Segment 1 - Mass base
SUB102503,Chennai,Postpaid,5G Smart,Monthly,12,412.65,11.08,0,0,2,0.0649563492063492,321.65084999999993,Segment 2 - High value
SUB100661,Chennai,Prepaid,4G Smart,Monthly,7,142.47,3.86,3,1,0,0.7825420875420874,1337.8652545454545,Segment 0 - High risk
SUB102925,Hyderabad,Postpaid,4G Smart,Monthly,25,385.59,14.01,0,0,2,0.1077676683768015,498.64962299293086,Segment 2 - High value
SUB102320,Chennai,Prepaid,5G Smart,Monthly,5,282.35,11.29,1,0,1,0.1105250747642052,374.4810583160802,Segment 1 - Mass base
SUB100900,Kolkata,Postpaid,4G Smart,Annual,34,246.52,3.16,0,0,1,0.0354848484848484,104.97269818181816,Segment 1 - Mass base
SUB101421,Bengaluru,Prepaid,4G Smart,Monthly,42,218.95,5.09,1,0,1,0.0587420634920634,154.3388976190476,Segment 1 - Mass base
SUB103050,Bengaluru,Postpaid,5G Smart,Monthly,23,498.41,15.87,2,0,2,0.1565733386983387,936.452612887668,Segment 2 - High value
SUB100159,Delhi,Prepaid,4G Smart,Monthly,59,156.98,7.285,3,1,0,0.5689761904761903,1071.814588571428,Segment 0 - High risk
SUB100384,Kolkata,Postpaid,4G Smart,Monthly,39,302.9,8.33,1,1,1,0.4027727931207774,1463.998548435402,Segment 1 - Mass base
SUB102254,Chennai,Postpaid,4G Smart,Annual,61,367.81,11.77,5,0,0,0.1941107928019693,856.7506884059081,Segment 0 - High risk
SUB100141,Chennai,Postpaid,4G Smart,Monthly,21,273.56,7.285,1,0,1,0.2143733465608466,703.7276722222225,Segment 1 - Mass base
SUB100466,Hyderabad,Prepaid,5G Smart,Monthly,26,294.45,12.65,0,0,1,0.0672355133972781,237.56996303794244,Segment 1 - Mass base
SUB102371,Mumbai,Prepaid,4G Smart,Monthly,30,186.14,4.12,0,0,1,0.0496545255510772,110.91232063293027,Segment 1 - Mass base
SUB103178,Mumbai,Postpaid,4G Smart,Monthly,20,290.05,7.08,2,0,1,0.0823698893698893,286.6966369408369,Segment 1 - Mass base
SUB100300,Mumbai,Postpaid,4G Smart,Monthly,28,229.29,6.28,1,1,1,0.5645196552959716,1553.2645411537596,Segment 1 - Mass base
SUB102042,Chennai,Prepaid,5G Smart,Monthly,17,387.19,19.17,0,0,2,0.0776301082755854,360.6912194786871,Segment 2 - High value
SUB100398,Mumbai,Prepaid,4G Smart,Monthly,32,222.38,11.94,1,0,1,0.1399651482340161,373.50539597136606,Segment 1 - Mass base
SUB100935,Mumbai,Prepaid,4G Smart,Monthly,8,276.52,12.27,0,0,1,0.1507858235733412,500.3435512140036,Segment 1 - Mass base
SUB102024,Mumbai,Postpaid,4G Smart,Monthly,27,249.78,3.95,0,0,1,0.0476592635688745,142.85197025080183,Segment 1 - Mass base
SUB101877,Kolkata,Postpaid,4G Feature,Annual,24,175.47,1.04,0,0,1,0.0764015652557319,160.87419186507935,Segment 1 - Mass base
SUB102980,Chennai,Prepaid,4G Smart,Monthly,32,258.08,12.29,2,0,1,0.1993532853585663,617.3891506240656,Segment 1 - Mass base
SUB101034,Chennai,Prepaid,4G Smart,Monthly,10,126.88,3.71,1,0,1,0.2818995112930874,429.2089199144031,Segment 1 - Mass base
SUB102495,Delhi,Prepaid,4G Feature,Monthly,8,108.92,1.53,5,1,0,0.7809936349541615,1020.7899206304874,Segment 0 - High risk
SUB102565,Chennai,Postpaid,4G Smart,Annual,17,239.69,4.57,1,0,1,0.0823809523809523,236.9506857142857,Segment 1 - Mass base
SUB101211,Mumbai,Prepaid,5G Smart,Monthly,16,275.47,8.49,2,1,1,0.7055093650311044,2332.15997742142,Segment 1 - Mass base
SUB101049,Mumbai,Prepaid,5G Smart,Monthly,72,337.77,23.78,0,0,2,0.2487647591200222,1008.3032722556388,Segment 2 - High value
SUB102179,Delhi,Prepaid,4G Smart,Monthly,58,161.95,5.66,1,0,1,0.0832576307194942,161.8028795402652,Segment 1 - Mass base
SUB102801,Hyderabad,Postpaid,5G Smart,Annual,36,515.49,21.34,0,0,2,0.0591176347462061,365.6945944238618,Segment 2 - High value
SUB100847,Mumbai,Postpaid,5G Smart,Annual,11,539.4,29.49,6,0,0,0.282372975407805,1827.74379521964,Segment 0 - High risk
SUB100252,Delhi,Prepaid,4G Feature,Monthly,22,162.33,1.48,3,0,0,0.1664754704359968,324.2875573905044,Segment 0 - High risk
SUB101510,Delhi,Prepaid,4G Feature,Monthly,8,128.04,0.57,0,0,1,0.2350192126618273,361.10231987064446,Segment 1 - Mass base
SUB102217,Chennai,Prepaid,4G Feature,Monthly,5,130.45,1.32,0,1,1,0.4563418481160417,714.3575290408517,Segment 1 - Mass base
SUB100807,Hyderabad,Prepaid,4G Feature,Monthly,60,150.86,1.74,1,0,1,0.1174552754552754,212.63163426219424,Segment 1 - Mass base
SUB102541,Bengaluru,Prepaid,4G Smart,Monthly,32,199.56,7.59,0,0,1,0.0429903381642512,102.94982260869564,Segment 1 - Mass base
SUB100716,Chennai,Postpaid,4G Smart,Annual,17,243.86,5.71,0,0,1,0.0360083443126921,105.37193812911728,Segment 1 - Mass base
SUB100337,Kolkata,Prepaid,4G Feature,Monthly,44,149.54,0.97,1,0,1,0.1742497543681754,312.68769921860337,Segment 1 - Mass base
SUB101230,Hyderabad,Prepaid,4G Feature,Monthly,6,236.44,0.95,0,1,1,0.6746834244660331,1914.2657865689864,Segment 1 - Mass base
SUB100988,Bengaluru,Postpaid,4G Feature,Annual,34,148.93,1.3,0,0,1,0.1293556174489998,231.17918528015463,Segment 1 - Mass base
SUB102813,Hyderabad,Postpaid,4G Feature,Annual,4,223.59,4.74,1,0,1,0.206576584141653,554.2615013787864,Segment 1 - Mass base
SUB100196,Hyderabad,Postpaid,4G Smart,Monthly,29,349.27,7.285,0,0,1,0.0398469215969216,167.0080116738817,Segment 1 - Mass base
SUB103078,Kolkata,Prepaid,4G Smart,Monthly,22,218.79,7.27,0,0,1,0.1658929926282867,435.5487342857142,Segment 1 - Mass base
SUB101045,Kolkata,Prepaid,4G Feature,Monthly,32,84.3,2.18,1,1,1,0.5564783257677998,562.9334743467062,Segment 1 - Mass base
SUB100280,Bengaluru,Postpaid,5G Smart,Monthly,23,370.45,9.84,0,0,2,0.2536058136155587,1127.3792838466045,Segment 2 - High value
SUB100097,Delhi,Postpaid,5G Smart,Monthly,31,592.23,29.33,1,0,2,0.0719880952380952,511.6021157142856,Segment 2 - High value
SUB100442,Chennai,Prepaid,5G Smart,Monthly,69,262.85,10.73,0,0,1,0.051374363613494,162.04501770968295,Segment 1 - Mass base
SUB101197,Mumbai,Postpaid,4G Smart,Annual,43,263.65,3.56,1,0,1,0.0766595719095719,242.5355536075036,Segment 1 - Mass base
SUB101339,Mumbai,Prepaid,5G Smart,Monthly,28,293.02,13.11,0,0,2,0.1040878340046421,365.9978054404829,Segment 2 - High value
SUB101043,Bengaluru,Prepaid,4G Smart,Monthly,23,271.37,8.6,1,0,1,0.1924911495911496,626.8358791746034,Segment 1 - Mass base
SUB102507,Chennai,Postpaid,5G Smart,Annual,15,516.95,23.48,1,0,2,0.090026755146503,558.4719728758171,Segment 2 - High value
SUB103034,Mumbai,Prepaid,4G Smart,Monthly,34,170.06,4.75,0,0,1,0.0575761722313446,117.49684619594964,Segment 1 - Mass base
SUB101630,Delhi,Postpaid,4G Smart,Monthly,18,214.09,4.84,1,0,1,0.089825517075517,230.7689394083694,Segment 1 - Mass base
SUB100331,Delhi,Prepaid,4G Smart,Monthly,16,187.58,6.17,2,1,1,0.6711948332209527,1510.8327217870358,Segment 1 - Mass base
SUB101579,Chennai,Prepaid,4G Smart,Monthly,26,230.38,7.76,0,0,1,0.1161833661539543,321.1958867345761,Segment 1 - Mass base
SUB100862,Kolkata,Prepaid,4G Smart,Monthly,8,202.75,6.08,1,0,1,0.190890426022779,464.4364065134214,Segment 1 - Mass base
SUB100746,Hyderabad,Prepaid,4G Smart,Monthly,18,162.15,4.01,0,1,1,0.5138466058963096,999.8427257530392,Segment 1 - Mass base
SUB102854,Bengaluru,Prepaid,4G Feature,Monthly,15,158.8,1.86,0,1,1,0.5825818475310003,1110.1679686550742,Segment 1 - Mass base
SUB101392,Hyderabad,Prepaid,5G Smart,Monthly,22,574.53,47.5,1,0,2,0.1445718051441735,996.7300705137844,Segment 2 - High value
SUB101112,Hyderabad,Prepaid,4G Smart,Monthly,62,229.53,5.93,0,0,1,0.0959600538350538,264.3085338811188,Segment 1 - Mass base
SUB100328,Bengaluru,Prepaid,4G Smart,Monthly,25,113.26,3.64,0,0,1,0.1309604188868895,177.99092451754927,Segment 1 - Mass base
SUB101691,Delhi,Prepaid,5G Smart,Monthly,23,528.97,7.285,1,1,2,0.5930250626566418,3764.3096087218055,Segment 2 - High value
SUB101569,Hyderabad,Prepaid,5G Smart,Monthly,19,255.75,11.23,0,0,1,0.1714387926887927,526.1456547619049,Segment 1 - Mass base
SUB102054,Kolkata,Postpaid,4G Smart,Annual,12,325.39,10.45,1,0,1,0.1108986641440201,433.0237959098727,Segment 1 - Mass base
SUB102780,Kolkata,Postpaid,4G Smart,Monthly,11,261.73,5.28,0,1,1,0.5639510767010771,1771.234983659675,Segment 1 - Mass base
SUB101963,Delhi,Prepaid,4G Smart,Monthly,14,201.37,5.45,1,1,1,0.4118531338732952,995.2183868167856,Segment 1 - Mass base
SUB101676,Delhi,Postpaid,4G Smart,Annual,10,295.36,13.65,1,0,2,0.0987022052022051,349.83219994227983,Segment 2 - High value
SUB100595,Mumbai,Prepaid,4G Smart,Monthly,12,212.25,4.75,1,0,1,0.0985192585192585,250.92855144855147,Segment 1 - Mass base
SUB101294,Hyderabad,Postpaid,4G Feature,Annual,13,266.85,1.16,1,0,1,0.1408795932381458,451.12463346719073,Segment 1 - Mass base
SUB101705,Chennai,Prepaid,4G Feature,Monthly,24,94.5,1.18,0,0,1,0.1721448444343181,195.2122535885168,Segment 1 - Mass base
SUB102593,Chennai,Postpaid,4G Smart,Monthly,6,386.07,6.53,0,0,2,0.0881732711732711,408.4926576223776,Segment 2 - High value
SUB100550,Chennai,Prepaid,4G Smart,Monthly,14,242.26,4.81,0,0,1,0.148467073775196,431.611599513348,Segment 1 - Mass base
SUB100557,Hyderabad,Postpaid,5G Smart,Annual,47,375.91,14.48,1,0,2,0.0680075757575757,306.7767336363636,Segment 2 - High value
SUB102703,Delhi,Postpaid,4G Smart,Monthly,6,245.46,5.61,1,0,1,0.1669147285176697,491.65067114336665,Segment 1 - Mass base
SUB100542,Delhi,Prepaid,4G Smart,Monthly,15,226.1,10.69,1,1,1,0.5913709469542803,1604.507653276353,Segment 1 - Mass base
SUB101930,Hyderabad,Prepaid,4G Smart,Monthly,21,204.86,10.96,0,0,1,0.200964712340473,494.0355716408318,Segment 1 - Mass base
SUB100265,Kolkata,Postpaid,4G Smart,Annual,24,328.87,4.28,0,0,1,0.0463222425722425,182.80795097680095,Segment 1 - Mass base
SUB101293,Mumbai,Postpaid,4G Smart,Monthly,30,240.11,4.28,0,0,1,0.1129030501089324,325.30981633986937,Segment 1 - Mass base
SUB101235,Bengaluru,Postpaid,5G Smart,Monthly,23,558.91,25.6,1,0,2,0.0895566979316979,600.6496084920633,Segment 2 - High value
SUB101891,Delhi,Postpaid,4G Smart,Monthly,28,305.72,5.59,0,1,1,0.4326420708920711,1587.208006957488,Segment 1 - Mass base
SUB101372,Bengaluru,Prepaid,4G Smart,Monthly,54,208.95,9.2,0,0,1,0.1283430842147549,321.8074493600766,Segment 1 - Mass base
SUB103168,Hyderabad,Postpaid,5G Smart,Monthly,50,499.23,36.52,2,0,2,0.1664205146705147,996.9853624675328,Segment 2 - High value
SUB100919,Hyderabad,Prepaid,4G Feature,Monthly,36,118.42,1.33,4,1,0,0.6935951361017154,985.6264322059816,Segment 0 - High risk
SUB101543,Mumbai,Prepaid,4G Feature,Monthly,17,118.19,1.74,0,0,1,0.1847051309887224,261.96359317868524,Segment 1 - Mass base
SUB101065,Bengaluru,Prepaid,4G Smart,Monthly,14,154.11,4.66,2,0,1,0.2749088050539663,508.3943513624012,Segment 1 - Mass base
SUB102213,Kolkata,Prepaid,4G Feature,Monthly,3,150.5,3.72,0,0,1,0.1172939531455273,211.8328793808224,Segment 1 - Mass base
SUB100301,Delhi,Postpaid,4G Feature,Monthly,34,215.86,1.72,1,0,1,0.1841159408934345,476.9192040150814,Segment 1 - Mass base
SUB102324,Mumbai,Postpaid,4G Feature,Monthly,19,283.35,1.45,0,0,1,0.1445420089170088,491.47173871961365,Segment 1 - Mass base
SUB100554,Delhi,Prepaid,4G Feature,Monthly,27,158.94,2.03,0,0,1,0.1879888101687503,358.5472978586542,Segment 1 - Mass base
SUB100468,Kolkata,Postpaid,5G Smart,Monthly,9,422.36,15.59,0,1,2,0.5059234403997562,2564.1818914468927,Segment 2 - High value
SUB100345,Chennai,Prepaid,4G Smart,Monthly,11,162.0,5.56,0,0,1,0.1956983351897145,380.43756360880514,Segment 1 - Mass base
SUB102862,Delhi,Postpaid,5G Smart,Annual,40,453.43,15.56,2,0,2,0.101584656084656,552.7383673015873,Segment 2 - High value
SUB101960,Kolkata,Postpaid,4G Smart,Monthly,31,283.88,3.25,0,1,1,0.3213257298812994,1094.6153783844393,Segment 1 - Mass base
SUB103057,Hyderabad,Prepaid,4G Smart,Monthly,22,266.68,13.16,4,1,0,0.6316128515733775,2021.26218309106,Segment 0 - High risk
SUB102290,Bengaluru,Prepaid,4G Smart,Monthly,14,266.13,10.8,1,0,1,0.2477027214599677,791.0535031456945,Segment 1 - Mass base
SUB102415,Hyderabad,Prepaid,4G Feature,Monthly,32,99.39,1.71,0,0,1,0.1574719838163235,187.81368565805275,Segment 1 - Mass base
SUB102020,Delhi,Prepaid,4G Smart,Monthly,29,148.25,7.285,0,0,1,0.2725699800216589,484.9019944585312,Segment 1 - Mass base
SUB102096,Delhi,Postpaid,4G Feature,Monthly,13,199.17,2.45,0,1,1,0.5314450345406226,1270.1748903534697,Segment 1 - Mass base
SUB101921,Delhi,Prepaid,4G Feature,Monthly,23,139.83,0.71,0,1,1,0.5514277532010549,925.2737127612422,Segment 1 - Mass base
SUB103072,Mumbai,Prepaid,4G Smart,Monthly,17,224.27,6.51,0,0,1,0.093993587839176,252.95930333630423,Segment 1 - Mass base
SUB102751,Chennai,Prepaid,4G Smart,Monthly,3,168.19,5.06,1,0,1,0.2091998504715896,422.2238742097999,Segment 1 - Mass base
SUB100440,Mumbai,Prepaid,5G Smart,Monthly,21,367.68,10.21,3,0,0,0.1474234509234509,650.4558532264133,Segment 0 - High risk
SUB100022,Hyderabad,Postpaid,4G Smart,Monthly,41,324.33,6.77,0,0,1,0.1670319865319865,650.0818103030304,Segment 1 - Mass base
SUB102699,Hyderabad,Postpaid,4G Smart,Annual,26,297.95,5.31,3,1,0,0.4026160413660414,1439.513394300145,Segment 0 - High risk
SUB101468,Delhi,Prepaid,4G Smart,Monthly,44,172.61,6.29,1,1,1,0.6648198016938938,1377.054551644596,Segment 1 - Mass base
SUB101080,Kolkata,Postpaid,5G Smart,Monthly,28,370.05,12.72,0,0,2,0.0793298983902432,352.272346791714,Segment 2 - High value
SUB101424,Hyderabad,Postpaid,4G Smart,Annual,32,361.67,14.06,0,0,2,0.0610212552453931,264.8346886152162,Segment 2 - High value
SUB101553,Hyderabad,Postpaid,5G Smart,Monthly,21,471.7,20.23,1,0,2,0.1305569960833118,739.0048206299784,Segment 2 - High value
SUB101228,Bengaluru,Postpaid,4G Smart,Monthly,17,242.77,5.44,0,0,1,0.1292744032130441,376.6073624163688,Segment 1 - Mass base
SUB102490,Hyderabad,Prepaid,4G Smart,Monthly,26,241.99,15.34,0,0,1,0.1030570324475248,299.2652553837184,Segment 1 - Mass base
SUB102391,Delhi,Prepaid,4G Feature,Monthly,28,114.16,0.84,0,1,1,0.4744843304843305,650.0055740170941,Segment 1 - Mass base
SUB101214,Hyderabad,Prepaid,4G Smart,Monthly,6,240.92,10.56,1,1,1,0.6206010609878901,1794.1824913584296,Segment 1 - Mass base
SUB102659,Delhi,Postpaid,4G Smart,Monthly,23,281.97,5.04,0,0,1,0.0661470658970659,223.8178580519481,Segment 1 - Mass base
SUB100488,Chennai,Postpaid,4G Smart,Annual,29,325.73,8.45,0,0,1,0.045785113035113,178.96301842712847,Segment 1 - Mass base
SUB100230,Mumbai,Prepaid,4G Smart,Monthly,46,312.11,18.0,4,0,0,0.3644442640692639,1364.9603911038955,Segment 0 - High risk
SUB101490,Kolkata,Prepaid,4G Feature,Monthly,23,150.72,1.45,0,0,1,0.1742095608095608,315.08238006260416,Segment 1 - Mass base
SUB101470,Delhi,Prepaid,4G Smart,Monthly,21,257.15,11.35,1,1,1,0.5367477614118483,1656.2962421646814,Segment 1 - Mass base
SUB102074,Delhi,Postpaid,4G Feature,Annual,22,220.84,2.44,0,0,1,0.0617484955664303,163.63845313068578,Segment 1 - Mass base
SUB100287,Delhi,Prepaid,4G Feature,Monthly,19,144.92,1.79,0,1,1,0.4627023523454704,804.6578988228669,Segment 1 - Mass base
SUB101615,Hyderabad,Prepaid,4G Smart,Monthly,30,230.04,4.36,1,0,1,0.1412611539923646,389.9485903728428,Segment 1 - Mass base
SUB101410,Mumbai,Prepaid,4G Smart,Monthly,19,222.99,12.27,0,0,1,0.1728385503385502,462.49522007991993,Segment 1 - Mass base
SUB100811,Chennai,Prepaid,5G Smart,Monthly,28,305.46,13.59,0,0,2,0.1086099086099085,398.111792207792,Segment 2 - High value
SUB102398,Delhi,Prepaid,5G Smart,Monthly,35,317.81,14.11,0,0,2,0.0971577681577681,370.53252357864335,Segment 2 - High value
SUB100432,Mumbai,Prepaid,5G Smart,Monthly,20,362.08,14.34,0,0,2,0.1220138411388411,530.1452591946193,Segment 2 - High value
SUB101938,Hyderabad,Prepaid,4G Smart,Monthly,23,244.34,10.87,0,0,1,0.1471161786768194,431.3564051747287,Segment 1 - Mass base
SUB102549,Chennai,Postpaid,5G Smart,Monthly,15,504.94,22.78,0,1,2,0.4336073038073038,2627.34806381352,Segment 2 - High value
SUB103150,Bengaluru,Postpaid,4G Smart,Annual,56,250.69,5.62,0,0,1,0.079785276317885,240.0164510415672,Segment 1 - Mass base
SUB100621,Chennai,Prepaid,4G Smart,Monthly,17,134.46,5.62,1,0,1,0.1913771043771044,308.7907854545456,Segment 1 - Mass base
SUB103080,Delhi,Postpaid,4G Smart,Annual,37,366.64,12.16,1,0,2,0.0906192326192325,398.6956253701852,Segment 2 - High value
SUB100937,Kolkata,Prepaid,5G Smart,Monthly,44,323.77,15.48,2,0,2,0.1664894205047714,646.8513561219582,Segment 2 - High value
SUB101206,Kolkata,Prepaid,4G Smart,Monthly,31,292.42,16.37,1,0,2,0.1246078783173103,437.25402933057467,Segment 2 - High value
SUB101203,Mumbai,Prepaid,4G Smart,Monthly,72,142.15,3.01,0,0,1,0.0688098832463281,117.37589884158656,Segment 1 - Mass base
SUB103188,Bengaluru,Postpaid,5G Smart,Monthly,6,413.0,8.27,1,0,2,0.18789296473507,931.1975332270072,Segment 2 - High value
SUB101322,Kolkata,Prepaid,4G Smart,Monthly,41,272.01,20.01,3,0,0,0.2416606331034141,788.8093057255162,Segment 0 - High risk
SUB101899,Chennai,Prepaid,4G Smart,Monthly,35,167.33,3.1,0,0,1,0.085843314093314,172.36994096681093,Segment 1 - Mass base
SUB100131,Chennai,Prepaid,4G Feature,Monthly,38,166.7,1.89,0,0,1,0.1347235221145699,269.5009336379858,Segment 1 - Mass base
SUB101697,Kolkata,Postpaid,4G Feature,Monthly,25,227.06,4.63,1,0,1,0.1059351282246019,288.6435625761373,Segment 1 - Mass base
SUB100956,Hyderabad,Prepaid,4G Smart,Monthly,28,364.24,19.41,0,0,2,0.1149412203187946,502.39428106701325,Segment 2 - High value
SUB100914,Hyderabad,Prepaid,4G Feature,Monthly,14,223.0,3.86,3,0,0,0.1586300796153738,424.4940930507404,Segment 0 - High risk
SUB100860,Hyderabad,Prepaid,5G Smart,Monthly,18,465.16,24.44,0,0,2,0.1342177966487429,749.1930034695511,Segment 2 - High value
SUB101316,Hyderabad,Prepaid,4G Smart,Monthly,37,196.51,6.53,1,0,1,0.1176333394754447,277.3935304838358,Segment 1 - Mass base
SUB101616,Hyderabad,Postpaid,4G Smart,Monthly,4,308.11,4.47,1,0,1,0.1167011759908179,431.481592014371,Segment 1 - Mass base
SUB101449,Delhi,Prepaid,4G Feature,Monthly,63,173.53,1.53,1,0,1,0.1086511991906728,226.25091114668956,Segment 1 - Mass base
SUB100128,Delhi,Prepaid,5G Smart,Monthly,19,371.5,7.87,0,0,2,0.1798162578162578,801.6208773448775,Segment 2 - High value
SUB100285,Delhi,Prepaid,4G Smart,Monthly,41,175.71,7.3,3,0,0,0.1506073686115307,317.5586488647848,Segment 0 - High risk
SUB102372,Chennai,Prepaid,5G Smart,Monthly,11,330.16,13.65,0,0,2,0.11257953007953,446.0310918126916,Segment 2 - High value
SUB100979,Delhi,Prepaid,5G Smart,Monthly,10,282.78,8.73,1,0,1,0.0909699374699374,308.693747012987,Segment 1 - Mass base
SUB100624,Hyderabad,Prepaid,4G Smart,Monthly,24,205.78,7.87,0,0,1,0.0735679417201156,181.66573256598463,Segment 1 - Mass base
SUB100689,Mumbai,Postpaid,4G Smart,Monthly,24,317.47,18.49,0,1,2,0.4700224195487353,1790.616210409644,Segment 2 - High value
SUB102014,Hyderabad,Postpaid,4G Feature,Annual,19,292.87,2.9,0,0,1,0.064804353054353,227.75101054834053,Segment 1 - Mass base
SUB102145,Delhi,Prepaid,4G Feature,Monthly,46,181.76,1.67,1,0,1,0.1142913642748034,249.28318044705924,Segment 1 - Mass base
SUB100996,Chennai,Postpaid,4G Smart,Annual,38,221.51,4.89,0,0,1,0.0739654817333845,196.6091263051441,Segment 1 - Mass base
SUB102959,Mumbai,Prepaid,4G Feature,Monthly,20,156.33,1.17,1,1,1,0.6487471073337207,1217.0236234737667,Segment 1 - Mass base
SUB103052,Bengaluru,Postpaid,5G Smart,Monthly,13,406.33,17.79,1,0,2,0.1818783068783069,886.8313492063494,Segment 2 - High value
SUB100611,Mumbai,Postpaid,5G Smart,Monthly,31,399.01,7.6,0,0,2,0.0714150016650016,341.9435977722276,Segment 2 - High value
SUB100459,Mumbai,Prepaid,5G Smart,Monthly,72,258.31,7.95,0,0,1,0.1130519855778476,350.42950073536593,Segment 1 - Mass base
SUB102389,Kolkata,Prepaid,5G Smart,Monthly,25,341.88,12.59,0,0,2,0.1567666962666962,643.1447774358974,Segment 2 - High value
SUB102965,Hyderabad,Prepaid,4G Smart,Monthly,11,203.33,8.09,1,0,1,0.2637288645049896,643.4878802375946,Segment 1 - Mass base
SUB100463,Delhi,Postpaid,5G Smart,Annual,41,445.76,15.4,4,0,0,0.1999224989280053,1069.409437465772,Segment 0 - High risk
SUB100793,Delhi,Postpaid,5G Smart,Monthly,30,376.22,10.68,1,1,2,0.5267175249148933,2377.9400066817743,Segment 2 - High value
SUB100505,Mumbai,Prepaid,5G Smart,Monthly,8,248.14,6.26,3,0,0,0.2196961156443254,654.184729631795,Segment 0 - High risk
SUB100309,Bengaluru,Prepaid,4G Smart,Monthly,12,252.35,6.36,2,1,1,0.6611939822283646,2002.227616983933,Segment 1 - Mass base
SUB102682,Mumbai,Prepaid,5G Smart,Monthly,13,302.12,7.53,0,1,1,0.553735804252108,2007.5359341677624,Segment 1 - Mass base
SUB100364,Bengaluru,Prepaid,4G Smart,Monthly,14,106.51,3.81,0,0,1,0.0440509743009743,56.30243127356129,Segment 1 - Mass base
SUB100580,Bengaluru,Prepaid,5G Smart,Monthly,28,504.33,31.86,1,1,2,0.5808455433455435,3515.2539945054955,Segment 2 - High value
SUB100106,Chennai,Prepaid,4G Smart,Monthly,31,145.75,5.86,0,0,1,0.128228835978836,224.2722341269842,Segment 1 - Mass base
SUB102456,Delhi,Prepaid,4G Smart,Monthly,28,158.78,8.01,0,0,1,0.0953812420108192,181.73560327773453,Segment 1 - Mass base
SUB101133,Delhi,Postpaid,4G Feature,Annual,8,180.34,1.59,1,0,1,0.0997150072150072,215.7912528138528,Segment 1 - Mass base
SUB100508,Hyderabad,Prepaid,4G Feature,Monthly,16,174.97,3.32,0,0,1,0.1344721772219808,282.3431621823599,Segment 1 - Mass base
SUB101012,Mumbai,Prepaid,4G Smart,Monthly,22,185.29,7.285,1,0,1,0.1162480634833576,258.475244193976,Segment 1 - Mass base
SUB101980,Kolkata,Prepaid,4G Smart,Monthly,40,147.45,4.18,0,0,1,0.0681206206206206,120.5326261261261,Segment 1 - Mass base
SUB100947,Bengaluru,Prepaid,4G Smart,Monthly,28,234.6,7.61,0,0,1,0.158526712793096,446.284401855124,Segment 1 - Mass base
SUB102818,Chennai,Prepaid,4G Smart,Monthly,14,217.8,4.95,0,0,1,0.0819941987441987,214.30003783783783,Segment 1 - Mass base
SUB101378,Kolkata,Prepaid,4G Smart,Monthly,14,153.1,7.26,0,1,1,0.4913745353962747,902.753296430036,Segment 1 - Mass base
SUB102446,Bengaluru,Prepaid,5G Smart,Monthly,15,342.83,21.74,9,1,0,0.7197357176873309,2960.963953136972,Segment 0 - High risk
SUB101337,Kolkata,Postpaid,5G Smart,Annual,27,384.02,14.15,0,1,2,0.4149694675410788,1912.2788991015009,Segment 2 - High value
SUB102092,Chennai,Prepaid,4G Smart,Monthly,14,169.29,8.85,0,1,1,0.4758796388796388,966.7399687912086,Segment 1 - Mass base
SUB101418,Kolkata,Postpaid,4G Feature,Monthly,39,215.59,1.64,2,0,1,0.1397760711510711,361.611878153513,Segment 1 - Mass base
SUB101562,Kolkata,Prepaid,4G Feature,Monthly,8,192.31,2.85,0,1,1,0.4218309459603578,973.4677106116368,Segment 1 - Mass base
SUB102933,Mumbai,Prepaid,4G Feature,Monthly,31,80.16,7.285,1,0,1,0.1134879262379262,109.16630600678604,Segment 1 - Mass base
SUB100189,Kolkata,Prepaid,4G Smart,Monthly,34,206.32,7.02,0,0,1,0.1017334077522756,251.8756402493941,Segment 1 - Mass base
SUB103118,Bengaluru,Prepaid,4G Smart,Monthly,24,225.28,8.68,0,0,1,0.0735102125102125,198.7245680916081,Segment 1 - Mass base
SUB102277,Bengaluru,Postpaid,5G Smart,Annual,11,398.49,7.285,0,0,2,0.1227341839447102,586.9001395215313,Segment 2 - High value
SUB102190,Mumbai,Prepaid,5G Smart,Monthly,8,236.26,8.26,0,0,1,0.1998020432661884,566.462768904836,Segment 1 - Mass base
SUB103048,Bengaluru,Prepaid,4G Feature,Monthly,6,159.97,2.52,1,0,1,0.3177923394688101,610.0468865379066,Segment 1 - Mass base
SUB102512,Bengaluru,Postpaid,4G Smart,Monthly,37,325.21,7.03,1,0,1,0.047063492063492,183.66621904761905,Segment 1 - Mass base
SUB101443,Kolkata,Postpaid,4G Smart,Monthly,15,330.99,9.28,8,1,0,0.6917369433685223,2747.4961306265664,Segment 0 - High risk
SUB102581,Delhi,Prepaid,4G Feature,Monthly,36,140.4,2.12,1,1,1,0.5733518483150838,965.9831940412532,Segment 1 - Mass base
SUB102672,Kolkata,Prepaid,4G Feature,Monthly,19,174.15,1.34,4,1,0,0.7202181737344784,1505.1119394703128,Segment 0 - High risk
SUB101961,Bengaluru,Prepaid,5G Smart,Monthly,11,295.19,15.15,1,0,2,0.1909374051874052,676.3537516472418,Segment 2 - High value
SUB102527,Delhi,Postpaid,5G Smart,Annual,15,552.62,23.05,1,0,2,0.1185932534630013,786.4440447446858,Segment 2 - High value
SUB101826,Bengaluru,Postpaid,5G Smart,Annual,21,372.11,10.17,0,0,2,0.1754963836976032,783.6475120525818,Segment 2 - High value
SUB100863,Bengaluru,Prepaid,5G Smart,Monthly,15,226.26,9.52,0,0,1,0.1087248019208288,295.2008841912808,Segment 1 - Mass base
SUB101174,Delhi,Postpaid,5G Smart,Monthly,55,586.47,38.99,0,0,2,0.0787442246608913,554.1735052424751,Segment 2 - High value
SUB101341,Hyderabad,Prepaid,5G Smart,Monthly,15,632.32,49.82,0,0,2,0.1480551220116437,1123.418577004831,Segment 2 - High value
SUB102623,Delhi,Postpaid,4G Feature,Annual,3,206.54,1.97,5,0,0,0.3387279942279942,839.5305591341992,Segment 0 - High risk
SUB102774,Mumbai,Prepaid,5G Smart,Monthly,7,395.23,29.08,0,0,2,0.280852225228992,1332.014699727054,Segment 2 - High value
SUB101116,Mumbai,Postpaid,4G Smart,Annual,15,196.57,5.46,0,0,1,0.0511451662372715,120.6432639271255,Segment 1 - Mass base
SUB100354,Hyderabad,Prepaid,4G Feature,Monthly,40,190.84,0.51,0,0,1,0.1699773924591537,389.2618269228586,Segment 1 - Mass base
SUB101035,Mumbai,Prepaid,5G Smart,Monthly,9,446.39,23.27,0,0,2,0.2533182147287411,1356.9446144731528,Segment 2 - High value
SUB102940,Mumbai,Postpaid,4G Feature,Monthly,11,273.88,1.69,1,1,1,0.6520828419946065,2143.109385185794,Segment 1 - Mass base
SUB100732,Chennai,Postpaid,4G Feature,Monthly,30,231.49,4.23,0,0,1,0.0452668286878813,125.7458180754918,Segment 1 - Mass base
SUB100703,Bengaluru,Prepaid,4G Smart,Monthly,31,199.14,11.45,1,0,1,0.0888776593776593,212.389165061605,Segment 1 - Mass base
SUB103103,Hyderabad,Postpaid,5G Smart,Annual,8,438.99,17.06,0,0,2,0.0499470899470899,263.11527619047627,Segment 2 - High value
SUB102544,Delhi,Prepaid,4G Smart,Monthly,21,191.38,5.95,1,0,1,0.2188550558276165,502.613767011471,Segment 1 - Mass base
SUB102730,Kolkata,Postpaid,4G Smart,Monthly,47,203.59,2.74,0,0,1,0.1008134618105206,246.2953522800467,Segment 1 - Mass base
SUB100161,Hyderabad,Prepaid,4G Smart,Monthly,16,214.19,4.56,0,0,1,0.1632755872880553,419.6639764947429,Segment 1 - Mass base
SUB102696,Delhi,Postpaid,4G Smart,Monthly,13,245.38,5.32,1,1,1,0.449492528551039,1323.5577198702476,Segment 1 - Mass base
SUB102144,Hyderabad,Prepaid,5G Smart,Monthly,29,371.21,21.74,0,0,2,0.1351061929214103,601.8332384922805,Segment 2 - High value
SUB102012,Delhi,Postpaid,4G Smart,Annual,20,326.97,7.285,0,0,1,0.0348594347066214,136.77587239228802,Segment 1 - Mass base
SUB101988,Bengaluru,Prepaid,4G Smart,Monthly,25,142.42,5.26,1,0,1,0.1729627354127354,295.60023332978136,Segment 1 - Mass base
SUB101138,Bengaluru,Prepaid,4G Smart,Monthly,24,127.89,2.97,0,0,1,0.0717195767195767,110.0666,Segment 1 - Mass base
SUB101386,Bengaluru,Prepaid,5G Smart,Monthly,46,482.3,26.66,1,0,2,0.164341425955461,951.1424368598266,Segment 2 - High value
SUB101199,Chennai,Prepaid,4G Smart,Monthly,7,283.07,10.08,1,0,1,0.2799752653057215,951.0311802010872,Segment 1 - Mass base
SUB102835,Mumbai,Prepaid,4G Feature,Monthly,16,179.08,2.8,0,1,1,0.6713619394381589,1442.729953375026,Segment 1 - Mass base
SUB102113,Kolkata,Postpaid,5G Smart,Annual,19,524.7,24.99,3,0,2,0.1208629663639062,761.0015814136991,Segment 2 - High value
SUB100163,Delhi,Postpaid,5G Smart,Annual,19,432.6,16.89,1,0,2,0.1270057198092912,659.3120926739927,Segment 2 - High value
SUB102468,Bengaluru,Postpaid,4G Smart,Annual,7,350.14,13.51,2,0,2,0.1016071428571428,426.9207,Segment 2 - High value
SUB101654,Chennai,Prepaid,5G Smart,Monthly,6,429.71,24.57,0,1,2,0.570443256060304,2941.5020587400786,Segment 2 - High value
SUB102850,Kolkata,Postpaid,4G Smart,Annual,19,319.48,10.76,2,0,1,0.129833213083213,497.749378989899,Segment 1 - Mass base
SUB100186,Hyderabad,Postpaid,5G Smart,Annual,39,453.42,17.39,4,0,0,0.2160507627293342,1175.5408420408169,Segment 0 - High risk
SUB100460,Hyderabad,Postpaid,4G Smart,Monthly,18,316.91,13.97,1,0,2,0.1796660953425659,683.255787300151,Segment 2 - High value
SUB101524,Hyderabad,Prepaid,5G Smart,Monthly,19,292.82,8.47,2,0,1,0.1162053666944971,408.3270657057918,Segment 1 - Mass base
SUB102044,Hyderabad,Prepaid,5G Smart,Monthly,4,394.41,25.22,2,0,2,0.3287288206750449,1555.8472099493338,Segment 2 - High value
SUB101008,Mumbai,Prepaid,4G Feature,Monthly,15,165.09,3.22,0,0,1,0.1450020742348328,287.2607092251427,Segment 1 - Mass base
SUB101009,Mumbai,Prepaid,4G Smart,Monthly,17,158.1,5.64,0,0,1,0.1691541845094477,320.91931885132414,Segment 1 - Mass base
SUB102996,Chennai,Prepaid,4G Smart,Monthly,14,148.34,7.91,0,0,1,0.1456914931473755,259.34251312178026,Segment 1 - Mass base
SUB101889,Hyderabad,Postpaid,5G Smart,Monthly,32,314.72,3.79,1,0,1,0.0597786131996658,225.76230175438596,Segment 1 - Mass base
SUB101602,Bengaluru,Postpaid,4G Smart,Annual,23,264.31,3.68,1,0,1,0.0919642857142856,291.68496428571416,Segment 1 - Mass base
SUB103005,Kolkata,Postpaid,4G Smart,Monthly,18,286.49,10.17,1,0,1,0.0744659877159876,256.00512984903975,Segment 1 - Mass base
SUB101288,Delhi,Postpaid,4G Smart,Annual,7,229.77,2.64,5,0,0,0.243198343079922,670.5561994736843,Segment 0 - High risk
SUB100369,Bengaluru,Prepaid,5G Smart,Monthly,30,307.41,15.59,0,0,2,0.0985401912901912,363.5068824542124,Segment 2 - High value
SUB101169,Mumbai,Prepaid,5G Smart,Monthly,17,480.89,34.96,1,1,2,0.535366770091445,3089.4303128312995,Segment 2 - High value
SUB101403,Hyderabad,Prepaid,4G Smart,Monthly,26,123.16,4.53,1,0,1,0.1536536784785423,227.08784449700727,Segment 1 - Mass base
SUB101429,Chennai,Postpaid,4G Smart,Monthly,27,222.89,5.6,2,0,1,0.235778104561271,630.6309807079404,Segment 1 - Mass base
SUB101319,Delhi,Prepaid,5G Smart,Monthly,26,392.65,10.18,2,0,2,0.2404950772099894,1133.164704798028,Segment 2 - High value
SUB100494,Chennai,Prepaid,5G Smart,Monthly,11,283.05,7.49,0,0,1,0.1561063558918256,530.2308484221747,Segment 1 - Mass base
SUB100232,Delhi,Postpaid,5G Smart,Annual,3,392.93,13.96,0,0,2,0.0573266640766641,270.3043933877235,Segment 2 - High value
SUB102248,Mumbai,Prepaid,5G Smart,Monthly,32,292.65,13.71,1,1,2,0.401318348616736,1409.3497766722533,Segment 2 - High value
SUB100334,Hyderabad,Prepaid,4G Smart,Monthly,14,227.88,11.56,0,0,1,0.1148389607881133,314.03402861274327,Segment 1 - Mass base
SUB102773,Delhi,Prepaid,4G Smart,Monthly,7,261.36,13.32,0,0,1,0.1852588541088541,581.0310493186814,Segment 1 - Mass base
SUB100789,Delhi,Prepaid,4G Smart,Monthly,8,174.07,5.7,0,0,1,0.117329788568919,245.0831555543008,Segment 1 - Mass base
SUB102627,Hyderabad,Prepaid,4G Smart,Monthly,9,198.25,10.26,0,0,1,0.2338764116988754,556.3919834316247,Segment 1 - Mass base
SUB101471,Bengaluru,Prepaid,5G Smart,Monthly,24,266.85,19.17,1,0,2,0.1422562125530516,455.5328438373821,Segment 2 - High value
SUB102461,Delhi,Prepaid,4G Smart,Monthly,44,224.22,9.01,6,0,0,0.3470591630591628,933.8112664935056,Segment 0 - High risk
SUB100381,Kolkata,Postpaid,5G Smart,Monthly,26,466.16,20.11,4,0,0,0.3332622655122655,1864.242452294372,Segment 0 - High risk
SUB102994,Delhi,Prepaid,4G Smart,Monthly,29,162.03,2.63,0,1,1,0.4528084610544747,880.4226593358786,Segment 1 - Mass base
SUB100068,Kolkata,Prepaid,4G Smart,Monthly,37,211.0,5.02,2,1,1,0.4746032877797583,1201.695524658348,Segment 1 - Mass base
SUB103007,Chennai,Postpaid,4G Feature,Annual,41,194.49,2.02,0,0,1,0.0743302438302438,173.47786947052947,Segment 1 - Mass base
SUB101854,Delhi,Postpaid,5G Smart,Monthly,26,539.01,22.93,3,0,2,0.1167876984126984,755.3968478571429,Segment 2 - High value
SUB100478,Chennai,Prepaid,4G Smart,Monthly,21,172.53,5.49,0,0,1,0.0844907407407407,174.92625,Segment 1 - Mass base
SUB102745,Hyderabad,Prepaid,4G Smart,Monthly,22,360.2,11.68,1,0,2,0.1623931174021919,701.9280106592344,Segment 2 - High value
SUB102384,Chennai,Prepaid,4G Feature,Monthly,15,140.09,1.74,1,1,1,0.638538897749424,1073.4349702286015,Segment 1 - Mass base
SUB102041,Kolkata,Prepaid,4G Smart,Monthly,3,113.51,9.05,1,1,1,0.638108946608947,869.1809583549789,Segment 1 - Mass base
SUB102635,Mumbai,Prepaid,4G Smart,Monthly,45,220.98,6.5,0,0,1,0.108696005096005,288.23571847338246,Segment 1 - Mass base
SUB102869,Hyderabad,Prepaid,5G Smart,Monthly,23,382.1,20.63,2,0,2,0.1974444127996761,905.3221215690749,Segment 2 - High value
SUB101282,Bengaluru,Postpaid,4G Smart,Monthly,27,360.83,18.32,0,0,2,0.1233859965570492,534.2564296521607,Segment 2 - High value
SUB101748,Delhi,Prepaid,5G Smart,Monthly,39,284.72,6.12,0,0,1,0.1273858453858453,435.2315747790949,Segment 1 - Mass base
SUB100208,Chennai,Prepaid,4G Feature,Monthly,15,115.17,1.49,0,0,1,0.1212903742384881,167.6281488125601,Segment 1 - Mass base
SUB101334,Mumbai,Prepaid,5G Smart,Monthly,32,321.73,7.285,0,0,1,0.1282179533429533,495.0187455483404,Segment 1 - Mass base
SUB100200,Kolkata,Postpaid,5G Smart,Annual,18,438.24,13.35,1,0,2,0.104600529100529,550.0816304761904,Segment 2 - High value
SUB103123,Mumbai,Prepaid,4G Smart,Monthly,51,176.66,5.78,0,0,1,0.1262153255903255,267.566393025443,Segment 1 - Mass base
SUB101497,Mumbai,Prepaid,5G Smart,Monthly,22,345.97,21.59,0,0,2,0.1377398243526928,571.8461643756139,Segment 2 - High value
SUB100882,Bengaluru,Prepaid,4G Smart,Monthly,6,261.53,13.06,0,0,1,0.1535647032705856,481.94132215627513,Segment 1 - Mass base
SUB100144,Chennai,Postpaid,4G Smart,Monthly,20,297.96,7.73,0,0,1,0.0695299564407115,248.605749852893,Segment 1 - Mass base
SUB100250,Mumbai,Postpaid,4G Smart,Annual,43,283.48,4.64,1,0,1,0.0216849816849816,73.7671032967033,Segment 1 - Mass base
SUB101964,Kolkata,Prepaid,4G Feature,Monthly,68,141.91,2.2,0,0,1,0.1254207483340534,213.58150075302632,Segment 1 - Mass base
SUB102052,Mumbai,Postpaid,5G Smart,Annual,38,377.2,12.59,2,0,2,0.1859125465178096,841.5145505582134,Segment 2 - High value
SUB102080,Mumbai,Prepaid,4G Smart,Monthly,16,107.15,8.58,1,0,1,0.2769637299093821,356.1199639174836,Segment 1 - Mass base
SUB100418,Hyderabad,Postpaid,5G Smart,Annual,27,298.6,7.73,1,0,1,0.0529764942659679,189.8253742538164,Segment 1 - Mass base
SUB103041,Chennai,Postpaid,4G Smart,Monthly,20,280.2,6.56,1,0,1,0.1503864353239353,505.65935013320006,Segment 1 - Mass base
SUB102286,Hyderabad,Postpaid,4G Smart,Monthly,23,239.49,7.86,0,0,1,0.2074558303778253,596.2031618062246,Segment 1 - Mass base
SUB102003,Mumbai,Prepaid,5G Smart,Monthly,31,361.37,14.51,1,1,2,0.48290012025012,2094.06739745743,Segment 2 - High value
SUB101628,Mumbai,Postpaid,4G Smart,Monthly,29,273.78,12.09,0,0,1,0.0782639546443894,257.1252660304912,Segment 1 - Mass base
SUB102125,Mumbai,Prepaid,4G Feature,Monthly,4,137.09,0.95,0,0,1,0.2053755574694104,337.85922208177783,Segment 1 - Mass base
SUB102545,Delhi,Prepaid,4G Smart,Monthly,15,231.56,11.13,1,1,1,0.615947411793,1711.545392097445,Segment 1 - Mass base
SUB102877,Hyderabad,Postpaid,4G Smart,Annual,18,207.84,7.47,0,0,1,0.0613791486291486,153.08450701298702,Segment 1 - Mass base
SUB102040,Hyderabad,Postpaid,5G Smart,Annual,13,447.27,17.57,1,0,2,0.1065770975056689,572.0248608163264,Segment 2 - High value
SUB101129,Bengaluru,Prepaid,4G Feature,Monthly,36,159.29,0.9,1,1,1,0.5266295636595942,1006.6418783440412,Segment 1 - Mass base
SUB102971,Kolkata,Prepaid,4G Smart,Monthly,32,177.81,4.91,1,0,1,0.0920274725274725,196.3608586813187,Segment 1 - Mass base
SUB102472,Mumbai,Prepaid,4G Smart,Monthly,12,176.64,8.29,0,0,1,0.1958979168979169,415.2408964901765,Segment 1 - Mass base
SUB100913,Kolkata,Postpaid,4G Feature,Annual,19,238.9,0.85,0,0,1,0.1090718864804009,312.68728416201344,Segment 1 - Mass base
SUB102169,Delhi,Prepaid,4G Smart,Monthly,36,177.41,8.38,3,1,0,0.5422393624893624,1154.3842235908537,Segment 0 - High risk
SUB100084,Mumbai,Prepaid,4G Feature,Monthly,3,118.48,1.41,3,1,0,0.675574788650876,960.5052115122694,Segment 0 - High risk
SUB100766,Chennai,Postpaid,5G Smart,Annual,37,434.66,11.96,0,0,2,0.0581608854108854,303.36252543234554,Segment 2 - High value
SUB100103,Delhi,Prepaid,4G Smart,Monthly,44,160.43,2.82,1,1,1,0.4809863516113516,925.9756846681098,Segment 1 - Mass base
SUB100147,Kolkata,Postpaid,4G Smart,Monthly,33,221.83,4.23,3,0,0,0.1180756373256373,314.3126235353535,Segment 0 - High risk
SUB101134,Hyderabad,Prepaid,4G Smart,Monthly,31,210.45,5.03,3,0,0,0.2929717348927874,739.8708192982454,Segment 0 - High risk
SUB102171,Bengaluru,Postpaid,4G Feature,Annual,35,247.36,1.34,0,0,1,0.0982758136924803,291.7140632996632,Segment 1 - Mass base
SUB100395,Kolkata,Prepaid,5G Smart,Monthly,32,231.76,13.06,3,0,0,0.2359085551388182,656.09000086767,Segment 0 - High risk
SUB101768,Bengaluru,Postpaid,4G Smart,Monthly,32,265.89,7.98,4,1,0,0.5541517091582886,1768.120775377168,Segment 0 - High risk
SUB103032,Mumbai,Prepaid,4G Smart,Monthly,36,192.72,8.3,0,1,1,0.4968802152552298,1149.1050610078546,Segment 1 - Mass base
SUB101222,Hyderabad,Prepaid,4G Smart,Monthly,64,207.35,9.92,0,0,1,0.0566928811928812,141.06322698412697,Segment 1 - Mass base
SUB101546,Kolkata,Prepaid,4G Smart,Monthly,12,252.96,5.13,0,0,1,0.1449491234491234,439.9959632122832,Segment 1 - Mass base
SUB101482,Bengaluru,Prepaid,4G Smart,Monthly,11,182.72,4.15,0,0,1,0.1050071135573164,230.24279747031423,Segment 1 - Mass base
SUB102019,Chennai,Prepaid,4G Smart,Monthly,30,80.5,3.44,0,0,1,0.1685720856487348,162.84063473667788,Segment 1 - Mass base
SUB100322,Kolkata,Prepaid,5G Smart,Monthly,15,399.75,21.92,1,0,2,0.2272031732886995,1089.893622265892,Segment 2 - High value
SUB100112,Bengaluru,Prepaid,4G Smart,Monthly,21,268.03,13.35,0,0,1,0.1109161815829897,356.7463697962648,Segment 1 - Mass base
SUB100589,Delhi,Prepaid,4G Smart,Monthly,13,127.12,5.56,0,1,1,0.4663933051650439,711.4550034309646,Segment 1 - Mass base
SUB102181,Mumbai,Postpaid,4G Smart,Monthly,5,317.94,7.285,0,0,1,0.1066970714470714,407.07920275058274,Segment 1 - Mass base
SUB103166,Bengaluru,Prepaid,4G Smart,Monthly,15,248.81,8.88,2,1,1,0.7399123964271019,2209.171240260327,Segment 1 - Mass base
SUB102243,Delhi,Postpaid,4G Feature,Monthly,14,300.01,2.3,0,1,1,0.4446236818736819,1600.6986095870798,Segment 1 - Mass base
SUB101479,Bengaluru,Prepaid,4G Feature,Monthly,24,75.0,2.12,2,0,1,0.2980289431307737,268.2260488176963,Segment 1 - Mass base
SUB100137,Bengaluru,Prepaid,4G Smart,Monthly,48,303.3,13.61,1,1,2,0.4688193928193925,1706.315062105461,Segment 2 - High value
SUB102712,Bengaluru,Prepaid,4G Smart,Monthly,19,266.48,5.85,0,1,1,0.4763051429456747,1523.109533905961,Segment 1 - Mass base
SUB100654,Mumbai,Prepaid,4G Smart,Monthly,8,263.78,13.08,3,0,0,0.2708960977294311,857.4836719088321,Segment 0 - High risk
SUB102051,Mumbai,Prepaid,4G Smart,Monthly,24,182.91,7.285,3,0,0,0.1750890405890405,384.3064369696969,Segment 0 - High risk
SUB102087,Bengaluru,Postpaid,4G Smart,Monthly,7,221.05,6.23,2,1,1,0.541986269905842,1437.6727795522363,Segment 1 - Mass base
SUB102516,Chennai,Postpaid,4G Smart,Annual,15,320.32,10.62,0,0,1,0.0964250289184499,370.6423831578946,Segment 1 - Mass base
SUB102155,Mumbai,Postpaid,4G Smart,Monthly,7,198.42,7.285,0,0,1,0.147471583971584,351.1357402997004,Segment 1 - Mass base
SUB102690,Bengaluru,Prepaid,4G Smart,Monthly,34,260.26,8.58,1,0,1,0.1809802433857353,565.2230177228579,Segment 1 - Mass base
SUB101048,Kolkata,Prepaid,4G Feature,Monthly,6,94.54,1.86,2,0,1,0.3480017112517112,394.8009813808415,Segment 1 - Mass base
SUB102281,Kolkata,Prepaid,4G Smart,Monthly,24,210.87,3.97,1,0,1,0.1239021164021163,313.5268714285713,Segment 1 - Mass base
SUB100931,Hyderabad,Prepaid,4G Smart,Monthly,3,177.92,6.42,2,0,1,0.1785756043473435,381.2660583057523,Segment 1 - Mass base
SUB101465,Chennai,Prepaid,4G Smart,Monthly,21,209.78,10.42,2,0,1,0.2523863753205858,635.34736577703,Segment 1 - Mass base
SUB100221,Delhi,Postpaid,4G Smart,Monthly,34,253.61,4.63,3,0,0,0.0700152743237849,213.0788846550612,Segment 0 - High risk
SUB100928,Kolkata,Prepaid,4G Feature,Monthly,24,137.32,3.12,1,0,1,0.1792937340437341,295.44738670662684,Segment 1 - Mass base
SUB102112,Chennai,Prepaid,4G Smart,Monthly,31,207.77,12.91,1,0,1,0.1575205556970263,392.7365502860538,Segment 1 - Mass base
SUB102883,Chennai,Postpaid,4G Smart,Monthly,21,239.33,4.99,1,1,1,0.4698425093425094,1349.3688931313134,Segment 1 - Mass base
SUB102157,Bengaluru,Prepaid,5G Smart,Monthly,39,321.68,8.04,1,0,1,0.1426842105263158,550.7838821052633,Segment 1 - Mass base
SUB102392,Bengaluru,Prepaid,5G Smart,Monthly,24,384.35,18.95,1,0,2,0.1355729171737943,625.2894085889742,Segment 2 - High value
SUB102560,Kolkata,Postpaid,4G Feature,Monthly,22,250.62,1.63,0,0,1,0.2447679172679171,736.1248251082249,Segment 1 - Mass base
SUB100534,Kolkata,Prepaid,4G Smart,Monthly,37,122.01,4.35,2,0,1,0.1749141675554719,256.0953310013176,Segment 1 - Mass base
SUB101991,Bengaluru,Prepaid,5G Smart,Monthly,14,410.32,17.37,0,1,2,0.4605830747874606,2267.83736696149,Segment 2 - High value
SUB100607,Bengaluru,Prepaid,4G Feature,Monthly,10,95.65,0.86,0,0,1,0.2264700042736096,259.9422709052492,Segment 1 - Mass base
SUB100075,Kolkata,Postpaid,4G Feature,Annual,32,163.64,1.43,0,1,1,0.3751969249885917,736.7666976615978,Segment 1 - Mass base
SUB101681,Bengaluru,Postpaid,4G Smart,Monthly,7,308.0,8.39,1,0,1,0.0669163614163614,247.32287179487184,Segment 1 - Mass base
SUB102273,Mumbai,Prepaid,4G Smart,Monthly,25,122.38,3.91,1,0,1,0.2109220177970179,309.75163845598865,Segment 1 - Mass base
SUB101323,Chennai,Postpaid,4G Feature,Monthly,11,245.42,0.56,2,0,1,0.2228045440398382,656.1682943790852,Segment 1 - Mass base
SUB101784,Kolkata,Prepaid,4G Smart,Monthly,15,75.0,3.89,0,1,1,0.5093437627187628,458.4093864468865,Segment 1 - Mass base
SUB100114,Kolkata,Prepaid,4G Smart,Monthly,18,189.05,5.82,3,0,0,0.2757798830736013,625.6342427407722,Segment 0 - High risk
SUB100987,Hyderabad,Prepaid,4G Smart,Monthly,26,185.06,10.3,0,0,1,0.0785676937441643,174.47684885154058,Segment 1 - Mass base
SUB102671,Chennai,Prepaid,5G Smart,Monthly,58,337.88,18.93,0,0,2,0.1397948717948718,566.8066953846155,Segment 2 - High value
SUB101636,Bengaluru,Postpaid,4G Feature,Annual,25,183.74,1.69,1,0,1,0.1000032467532467,220.4951587012987,Segment 1 - Mass base
SUB100223,Kolkata,Prepaid,4G Feature,Monthly,43,117.11,2.58,0,0,1,0.1171916777923102,164.6918086350895,Segment 1 - Mass base
SUB100519,Chennai,Prepaid,4G Smart,Monthly,21,134.36,6.88,0,0,1,0.1778474287387331,286.7469663040342,Segment 1 - Mass base
SUB101349,Bengaluru,Postpaid,4G Smart,Monthly,11,357.87,3.14,1,0,1,0.1362540885040885,585.135007835498,Segment 1 - Mass base
SUB101503,Chennai,Postpaid,4G Smart,Annual,27,220.56,5.59,1,0,1,0.0813449975949975,215.297432034632,Segment 1 - Mass base
SUB101120,Kolkata,Prepaid,5G Smart,Monthly,7,458.56,24.72,0,1,2,0.5988570569294254,3295.342704306688,Segment 2 - High value
SUB100036,Chennai,Prepaid,4G Feature,Monthly,15,111.03,1.87,0,1,1,0.5054305993092552,673.4155132956793,Segment 1 - Mass base
SUB100831,Chennai,Prepaid,4G Feature,Monthly,13,172.34,0.71,1,0,1,0.1853502294002293,383.3191024180263,Segment 1 - Mass base
SUB102253,Chennai,Postpaid,4G Smart,Annual,25,335.54,10.25,1,0,2,0.158973544973545,640.1037993650796,Segment 2 - High value
SUB102471,Kolkata,Postpaid,4G Smart,Annual,33,185.57,4.27,0,0,1,0.0351096554517607,78.18358514619884,Segment 1 - Mass base
SUB100348,Hyderabad,Prepaid,4G Smart,Monthly,18,152.12,4.29,1,0,1,0.1240195795489913,226.3903012919108,Segment 1 - Mass base
SUB100168,Delhi,Prepaid,4G Smart,Monthly,27,157.72,6.87,2,0,1,0.279245484095133,528.5111730178127,Segment 1 - Mass base
SUB102781,Hyderabad,Prepaid,5G Smart,Monthly,17,411.34,20.26,0,0,2,0.1582307896781581,781.0398363145628,Segment 2 - High value
SUB100117,Bengaluru,Postpaid,4G Feature,Monthly,14,218.51,1.04,0,1,1,0.4060880041756203,1064.8114775089775,Segment 1 - Mass base
SUB101730,Bengaluru,Prepaid,4G Smart,Monthly,23,201.91,3.5,0,1,1,0.691758006334226,1676.0743087073229,Segment 1 - Mass base
SUB100531,Bengaluru,Postpaid,5G Smart,Monthly,8,472.05,10.9,0,0,2,0.1035608465608465,586.6307714285714,Segment 2 - High value
SUB102326,Delhi,Prepaid,4G Feature,Monthly,17,198.87,1.0,6,1,0,0.7804948292448293,1862.6040803030303,Segment 0 - High risk
SUB102680,Mumbai,Postpaid,4G Smart,Monthly,20,265.1,5.51,1,0,1,0.1068657276700754,339.9612528640441,Segment 1 - Mass base
SUB100321,Hyderabad,Postpaid,5G Smart,Annual,27,417.71,10.79,0,0,2,0.1140575905575905,571.7159538217338,Segment 2 - High value
SUB101029,Bengaluru,Prepaid,4G Feature,Monthly,24,104.41,1.67,0,1,1,0.4718723906091259,591.218355641986,Segment 1 - Mass base
SUB100474,Mumbai,Prepaid,4G Feature,Monthly,17,163.19,1.06,0,0,1,0.1504287347113433,294.5815826105295,Segment 1 - Mass base
SUB102977,Hyderabad,Prepaid,4G Feature,Monthly,32,104.91,1.63,1,0,1,0.2172914143857541,273.5525073985136,Segment 1 - Mass base
SUB102360,Mumbai,Prepaid,4G Smart,Monthly,58,171.27,3.66,0,0,1,0.0571575205839911,117.472422605042,Segment 1 - Mass base
SUB101946,Bengaluru,Prepaid,5G Smart,Monthly,13,273.07,10.52,0,0,1,0.095734798970093,313.70761865715974,Segment 1 - Mass base
SUB101750,Kolkata,Prepaid,4G Smart,Monthly,33,166.22,9.89,0,0,1,0.1141660583425289,227.72018661234188,Segment 1 - Mass base
SUB102660,Mumbai,Postpaid,4G Smart,Monthly,43,387.32,22.37,0,1,2,0.4041981014628073,1878.6481039028945,Segment 2 - High value
SUB101766,Hyderabad,Prepaid,4G Feature,Monthly,39,123.9,1.43,1,0,1,0.1184844525614009,176.1626840682909,Segment 1 - Mass base
SUB100228,Delhi,Prepaid,5G Smart,Monthly,47,354.25,15.21,1,0,2,0.0958541407225617,407.47595221161,Segment 2 - High value
SUB101797,Mumbai,Postpaid,4G Smart,Annual,3,272.15,7.02,0,0,1,0.1905810202869027,622.3994960529669,Segment 1 - Mass base
SUB102315,Bengaluru,Postpaid,4G Feature,Annual,20,241.4,2.49,0,1,1,0.3786051702926702,1096.7434573038072,Segment 1 - Mass base
SUB101026,Hyderabad,Prepaid,4G Feature,Monthly,35,75.0,1.15,0,0,1,0.1575731817675552,141.81586359079972,Segment 1 - Mass base
SUB102827,Chennai,Prepaid,5G Smart,Monthly,17,535.53,26.27,1,1,2,0.5426840804167204,3487.483267026795,Segment 2 - High value
SUB103121,Bengaluru,Prepaid,4G Smart,Monthly,21,146.33,7.285,0,0,1,0.1349896862396862,237.03648944943956,Segment 1 - Mass base
SUB100082,Bengaluru,Prepaid,4G Smart,Monthly,21,169.87,11.4,2,0,1,0.2575160115522799,524.9309385886295,Segment 1 - Mass base
SUB102462,Kolkata,Postpaid,4G Smart,Monthly,34,251.92,7.45,0,1,1,0.4290190572879251,1296.9417709436889,Segment 1 - Mass base
SUB101804,Hyderabad,Prepaid,4G Smart,Monthly,15,313.93,15.28,1,0,2,0.1602718521946463,603.7697107135838,Segment 2 - High value
SUB101919,Chennai,Prepaid,4G Smart,Monthly,14,230.85,6.41,2,0,1,0.1689126984126984,467.9219571428572,Segment 1 - Mass base
SUB101477,Chennai,Prepaid,4G Smart,Monthly,12,215.17,10.98,2,1,1,0.6606626194892323,1705.8573100259773,Segment 1 - Mass base
SUB100669,Kolkata,Postpaid,4G Feature,Annual,22,252.66,5.81,0,0,1,0.09533325008325,289.04278759240754,Segment 1 - Mass base
SUB100063,Hyderabad,Prepaid,5G Smart,Monthly,26,295.42,12.7,0,0,2,0.0765960532552604,271.53607263202844,Segment 2 - High value
SUB100850,Mumbai,Prepaid,4G Smart,Monthly,26,163.76,5.58,0,0,1,0.0852142857142857,167.45629714285712,Segment 1 - Mass base
SUB102793,Chennai,Prepaid,4G Smart,Monthly,8,173.75,5.35,1,1,1,0.7525227980604403,1569.010033956018,Segment 1 - Mass base
SUB101478,Hyderabad,Prepaid,4G Smart,Monthly,8,177.06,6.44,0,0,1,0.123764050867766,262.9639541597599,Segment 1 - Mass base
SUB101435,Delhi,Postpaid,4G Smart,Annual,24,284.46,5.63,2,0,1,0.106568968068968,363.7753038827838,Segment 1 - Mass base
SUB102308,Hyderabad,Prepaid,4G Smart,Monthly,29,238.35,7.285,0,0,1,0.0588753875753875,168.3953835431236,Segment 1 - Mass base
SUB102487,Delhi,Postpaid,5G Smart,Annual,17,451.1,19.05,0,0,2,0.1624431947195105,879.3375016556545,Segment 2 - High value
SUB101454,Hyderabad,Postpaid,4G Smart,Annual,38,235.49,8.91,0,0,1,0.0510511803011802,144.26450938949938,Segment 1 - Mass base
SUB100516,Hyderabad,Prepaid,5G Smart,Monthly,14,415.12,25.63,0,1,2,0.5177217961786926,2579.0000643563862,Segment 2 - High value
SUB101355,Kolkata,Postpaid,4G Smart,Monthly,13,254.57,4.74,0,0,1,0.105433723196881,322.0831549707602,Segment 1 - Mass base
SUB100110,Chennai,Postpaid,4G Smart,Annual,20,269.72,6.39,5,0,0,0.1982794612794613,641.7592355555557,Segment 0 - High risk
SUB103003,Bengaluru,Prepaid,4G Smart,Monthly,5,210.57,7.35,0,0,1,0.065792116329736,166.24615122663013,Segment 1 - Mass base
SUB100041,Hyderabad,Prepaid,4G Feature,Monthly,18,131.17,7.285,1,0,1,0.2053594760922346,323.24402974822107,Segment 1 - Mass base
SUB102905,Hyderabad,Postpaid,5G Smart,Annual,10,466.54,23.34,2,0,2,0.1134509564509564,635.1529106715506,Segment 2 - High value
SUB101887,Mumbai,Postpaid,4G Smart,Annual,25,279.63,7.42,1,1,1,0.4674137806637806,1568.4349858441556,Segment 1 - Mass base
SUB103042,Delhi,Prepaid,4G Smart,Monthly,44,132.85,7.285,0,0,1,0.1035314450562128,165.04982970861454,Segment 1 - Mass base
SUB102454,Bengaluru,Postpaid,4G Feature,Annual,25,200.34,2.72,3,0,0,0.2122896825396825,510.36138,Segment 0 - High risk
SUB101126,Mumbai,Postpaid,4G Smart,Monthly,19,224.76,7.81,0,0,1,0.0967229861641626,260.8735004430863,Segment 1 - Mass base
SUB101089,Hyderabad,Postpaid,4G Feature,Annual,17,198.39,2.7,2,0,1,0.1101715969215969,262.2833173593074,Segment 1 - Mass base
SUB100312,Delhi,Prepaid,4G Feature,Monthly,7,114.23,0.98,0,0,1,0.201184309202212,275.77540368202415,Segment 1 - Mass base
SUB101770,Mumbai,Postpaid,4G Feature,Annual,35,254.97,1.76,0,0,1,0.0412279942279942,126.14282025974026,Segment 1 - Mass base
SUB100020,Mumbai,Postpaid,4G Smart,Annual,32,251.36,7.46,1,0,1,0.1574198820503168,474.82873862601184,Segment 1 - Mass base
SUB101427,Hyderabad,Prepaid,4G Smart,Monthly,14,133.09,3.06,0,0,1,0.1457656325156325,232.7993763780664,Segment 1 - Mass base
SUB100358,Bengaluru,Postpaid,4G Smart,Monthly,21,350.26,8.67,5,1,0,0.7142978595478593,3002.2796194227985,Segment 0 - High risk
SUB100361,Chennai,Postpaid,5G Smart,Annual,11,359.65,16.49,1,0,2,0.2472627465127465,1067.1365613997114,Segment 2 - High value
SUB102962,Chennai,Prepaid,5G Smart,Monthly,24,378.45,21.21,0,0,2,0.1980284220610308,899.3262759479658,Segment 2 - High value
SUB101683,Bengaluru,Prepaid,4G Feature,Monthly,29,176.72,0.74,1,0,1,0.2639429230441615,559.7279203243706,Segment 1 - Mass base
SUB100290,Hyderabad,Postpaid,4G Smart,Monthly,14,297.17,4.89,1,1,1,0.5995032290254615,2137.852494833957,Segment 1 - Mass base
SUB100393,Chennai,Prepaid,5G Smart,Monthly,29,378.67,13.47,0,0,2,0.1670234416999123,758.9612000220698,Segment 2 - High value
SUB101635,Kolkata,Postpaid,5G Smart,Annual,31,437.46,15.77,0,0,2,0.0140585789871504,73.80079156462585,Segment 2 - High value
SUB102587,Mumbai,Prepaid,4G Smart,Monthly,18,147.34,8.99,0,1,1,0.4960567677380647,877.0680499023174,Segment 1 - Mass base
SUB101810,Delhi,Prepaid,4G Smart,Monthly,9,381.69,27.81,5,1,0,0.6928367033030224,3173.386095404767,Segment 0 - High risk
SUB100658,Hyderabad,Prepaid,5G Smart,Monthly,2,310.1,10.09,2,1,1,0.6282070475820474,2337.6840654623147,Segment 1 - Mass base
SUB101247,Mumbai,Postpaid,4G Feature,Monthly,25,243.44,1.01,0,1,1,0.6269123931623931,1831.386635897436,Segment 1 - Mass base
SUB102961,Mumbai,Prepaid,4G Feature,Monthly,46,158.89,1.86,1,0,1,0.1554043826543826,296.3064283194583,Segment 1 - Mass base
SUB102845,Mumbai,Prepaid,4G Smart,Monthly,10,75.0,5.57,0,0,1,0.2725442474192474,245.28982267732263,Segment 1 - Mass base
SUB100202,Bengaluru,Prepaid,4G Smart,Monthly,20,224.65,6.53,1,0,1,0.1355314069475039,365.3655668490812,Segment 1 - Mass base
SUB102119,Delhi,Postpaid,4G Smart,Annual,22,352.32,11.09,1,0,2,0.0883387538387538,373.482117029637,Segment 2 - High value
SUB103020,Delhi,Postpaid,4G Feature,Monthly,59,229.72,1.69,0,0,1,0.1190574555074555,328.19854415007217,Segment 1 - Mass base
SUB101422,Delhi,Prepaid,4G Smart,Monthly,9,143.27,6.81,1,0,1,0.3020875294296346,519.3609640966051,Segment 1 - Mass base
SUB103088,Bengaluru,Prepaid,4G Smart,Monthly,14,158.12,9.37,1,1,1,0.5724361580484547,1086.16326372746,Segment 1 - Mass base
SUB103069,Delhi,Postpaid,5G Smart,Annual,21,483.64,7.285,1,0,2,0.1800692496030843,1045.0643025364284,Segment 2 - High value
SUB100371,Bengaluru,Postpaid,4G Smart,Annual,11,331.82,7.09,0,0,1,0.0759909504864747,302.5838062850647,Segment 1 - Mass base
SUB102459,Hyderabad,Prepaid,5G Smart,Monthly,26,331.21,17.72,0,0,2,0.1076724323434849,427.9462357978279,Segment 2 - High value
SUB100314,Bengaluru,Postpaid,4G Smart,Monthly,31,236.86,9.01,2,0,1,0.0737896720138099,209.73386055829224,Segment 1 - Mass base
SUB102705,Mumbai,Prepaid,4G Smart,Monthly,63,231.68,8.93,0,0,1,0.1314144959978293,365.3533251933253,Segment 1 - Mass base
SUB101694,Chennai,Postpaid,4G Smart,Monthly,14,268.0,5.31,0,0,1,0.1780970306926189,572.7600507074625,Segment 1 - Mass base
SUB100594,Delhi,Prepaid,4G Smart,Monthly,24,152.55,4.67,0,1,1,0.6272063297830085,1148.1639073007757,Segment 1 - Mass base
SUB100971,Delhi,Postpaid,4G Smart,Annual,20,278.35,11.61,1,0,1,0.0700406802648181,233.9498802205456,Segment 1 - Mass base
SUB100203,Chennai,Postpaid,4G Feature,Monthly,57,210.7,0.91,1,0,1,0.1216279866332497,307.52420140350875,Segment 1 - Mass base
SUB102228,Bengaluru,Postpaid,4G Smart,Monthly,29,265.5,4.08,0,0,1,0.1130785043317012,360.2681148008002,Segment 1 - Mass base
SUB102423,Kolkata,Prepaid,5G Smart,Monthly,34,230.57,10.55,1,1,1,0.5110921213421213,1414.110125014235,Segment 1 - Mass base
SUB102034,Kolkata,Postpaid,4G Smart,Monthly,30,245.99,4.99,3,0,0,0.1768272607022607,521.9728543217896,Segment 0 - High risk
SUB101823,Bengaluru,Postpaid,4G Smart,Annual,8,231.14,8.41,0,0,1,0.0759353973912797,210.6204930362448,Segment 1 - Mass base
SUB102336,Hyderabad,Prepaid,5G Smart,Monthly,34,334.29,16.17,0,1,2,0.4888655404981494,1961.0743383975168,Segment 2 - High value
SUB100439,Bengaluru,Prepaid,4G Smart,Monthly,9,78.49,4.29,1,1,1,0.6545978855022977,616.5526563969041,Segment 1 - Mass base
SUB100327,Chennai,Prepaid,5G Smart,Monthly,25,289.78,12.5,0,0,1,0.0976182891182891,339.45393384837377,Segment 1 - Mass base
SUB101159,Kolkata,Prepaid,4G Feature,Monthly,19,175.69,1.1,1,1,1,0.5294043974543977,1116.1327030651576,Segment 1 - Mass base
SUB102305,Mumbai,Prepaid,4G Feature,Monthly,37,90.8,0.96,0,1,1,0.4430117409838235,482.7055929759741,Segment 1 - Mass base
SUB100388,Kolkata,Prepaid,4G Smart,Monthly,14,247.48,9.04,0,0,1,0.1463323509266439,434.57196248791,Segment 1 - Mass base
SUB101042,Bengaluru,Prepaid,4G Feature,Monthly,27,137.33,1.85,1,0,1,0.1523779670559989,251.11279458960405,Segment 1 - Mass base
SUB102463,Bengaluru,Prepaid,4G Smart,Monthly,16,271.15,17.11,1,0,2,0.1507350889850889,490.4618325396825,Segment 2 - High value
SUB101188,Mumbai,Prepaid,4G Smart,Monthly,36,100.53,6.11,3,1,0,0.5527830225330227,666.8553270629372,Segment 0 - High risk
SUB100282,Kolkata,Prepaid,4G Smart,Monthly,41,168.84,5.76,0,0,1,0.1193140933140932,241.7398981818181,Segment 1 - Mass base
SUB101785,Delhi,Prepaid,4G Feature,Monthly,8,137.58,0.76,0,0,1,0.1770333925031005,292.2750496869189,Segment 1 - Mass base
SUB100352,Delhi,Postpaid,4G Smart,Annual,11,343.04,7.73,0,0,1,0.1331181396003377,547.9781593019984,Segment 1 - Mass base
SUB101356,Chennai,Prepaid,4G Smart,Monthly,34,178.23,4.67,1,0,1,0.0982015264429057,210.02949669502908,Segment 1 - Mass base
SUB101596,Bengaluru,Prepaid,4G Feature,Monthly,12,186.29,0.91,1,1,1,0.6286588922349791,1405.354380413451,Segment 1 - Mass base
SUB102147,Bengaluru,Postpaid,5G Smart,Monthly,29,441.36,19.82,1,0,2,0.0756378773731714,400.6024026890756,Segment 2 - High value
SUB100043,Delhi,Postpaid,5G Smart,Monthly,30,415.59,18.1,1,0,2,0.0654430014430014,326.36948363636355,Segment 2 - High value
SUB102069,Hyderabad,Prepaid,4G Smart,Monthly,25,250.87,10.41,0,0,1,0.0714537949279328,215.1073624028462,Segment 1 - Mass base
SUB102596,Bengaluru,Postpaid,4G Feature,Annual,20,240.68,1.39,0,0,1,0.2112777132711344,610.2038403611596,Segment 1 - Mass base
SUB100102,Kolkata,Prepaid,4G Feature,Monthly,47,206.39,3.8,1,0,1,0.120904990774749,299.4429725520056,Segment 1 - Mass base
SUB103200,Chennai,Postpaid,5G Smart,Monthly,47,388.73,8.85,3,0,0,0.1145298821548821,534.2544130808081,Segment 0 - High risk
SUB103149,Kolkata,Prepaid,4G Smart,Monthly,16,178.71,5.9,4,1,0,0.7724292227820552,1656.4899168405732,Segment 0 - High risk
SUB100447,Hyderabad,Postpaid,4G Smart,Annual,30,299.55,9.1,2,0,1,0.0868359788359788,312.1406095238094,Segment 1 - Mass base
SUB101800,Bengaluru,Postpaid,5G Smart,Monthly,15,504.98,23.23,0,0,2,0.0810159932659932,490.9374753535354,Segment 2 - High value
SUB101274,Bengaluru,Postpaid,4G Smart,Annual,17,255.14,6.24,1,0,1,0.069008177008177,211.2809553823954,Segment 1 - Mass base
SUB100135,Mumbai,Prepaid,4G Smart,Monthly,19,224.32,10.29,1,1,1,0.571262046747929,1537.7460279179452,Segment 1 - Mass base
SUB100575,Mumbai,Prepaid,5G Smart,Monthly,26,259.1,9.11,0,1,1,0.3918580422845129,1218.3650250710075,Segment 1 - Mass base
SUB100877,Kolkata,Prepaid,4G Smart,Monthly,24,194.96,6.74,5,1,0,0.789768397970011,1847.6789624188,Segment 0 - High risk
SUB101685,Delhi,Postpaid,5G Smart,Annual,25,405.48,13.35,1,1,2,0.3789274668686432,1843.7701111907693,Segment 2 - High value
SUB102383,Chennai,Prepaid,4G Smart,Monthly,28,156.44,4.03,0,0,1,0.1668401703072756,313.2057149144423,Segment 1 - Mass base
SUB100857,Delhi,Prepaid,4G Smart,Monthly,27,318.57,23.9,2,1,2,0.5991497609144669,2290.4536720142605,Segment 2 - High value
SUB100129,Mumbai,Prepaid,5G Smart,Monthly,72,364.28,20.05,2,1,2,0.4517514642220524,1974.768280641711,Segment 2 - High value
SUB100748,Chennai,Prepaid,5G Smart,Monthly,29,507.34,31.55,0,1,2,0.4885534747546941,2974.352638584558,Segment 2 - High value
SUB100573,Bengaluru,Prepaid,4G Smart,Monthly,24,229.27,10.83,0,0,1,0.112127264710598,308.48901576238586,Segment 1 - Mass base
SUB102670,Mumbai,Prepaid,4G Smart,Monthly,41,290.94,12.48,1,1,2,0.4947693842509633,1727.3784558477032,Segment 2 - High value
SUB102886,Delhi,Prepaid,5G Smart,Monthly,13,368.73,15.17,1,0,2,0.2899891324562378,1283.132313727063,Segment 2 - High value
SUB100876,Mumbai,Postpaid,4G Smart,Annual,28,351.94,11.41,1,0,2,0.0834983118733118,352.6367505683205,Segment 2 - High value
SUB100104,Chennai,Prepaid,5G Smart,Monthly,33,364.77,18.08,1,1,2,0.5187820851987518,2270.833694615384,Segment 2 - High value
SUB101845,Chennai,Prepaid,4G Feature,Monthly,27,229.04,3.21,5,0,0,0.3164556277056275,869.771963636363,Segment 0 - High risk
SUB100411,Kolkata,Prepaid,4G Smart,Monthly,9,199.59,5.04,1,0,1,0.2221201341346717,531.9954908632697,Segment 1 - Mass base
SUB102150,Chennai,Prepaid,4G Smart,Monthly,21,174.9,4.92,3,0,0,0.2667630890392085,559.8823712754908,Segment 0 - High risk
SUB101179,Chennai,Prepaid,5G Smart,Monthly,9,304.23,7.285,4,1,0,0.7033533946306263,2567.7744389817053,Segment 0 - High risk
SUB100647,Hyderabad,Prepaid,4G Feature,Monthly,14,132.38,0.7,0,0,1,0.218420837428878,346.9746055060185,Segment 1 - Mass base
SUB100605,Hyderabad,Postpaid,5G Smart,Monthly,13,353.49,11.4,0,0,2,0.1394371646871647,591.4757201431901,Segment 2 - High value
SUB103068,Mumbai,Prepaid,5G Smart,Monthly,17,384.27,14.43,1,0,2,0.1998201705701706,921.4187633399932,Segment 2 - High value
SUB101234,Chennai,Prepaid,4G Feature,Monthly,4,104.06,2.37,0,0,1,0.2005108340943186,250.3818887502576,Segment 1 - Mass base
SUB102537,Delhi,Postpaid,4G Feature,Annual,7,225.79,0.71,0,0,1,0.1764563452851497,478.1049384232074,Segment 1 - Mass base
SUB101434,Bengaluru,Prepaid,5G Smart,Monthly,18,278.7,11.25,1,1,1,0.5324385211738153,1780.6873902137077,Segment 1 - Mass base
SUB100385,Delhi,Postpaid,4G Smart,Monthly,19,323.01,14.33,1,0,2,0.1413392163392163,547.8477632367633,Segment 2 - High value
SUB100894,Bengaluru,Postpaid,5G Smart,Monthly,15,514.67,22.74,1,0,2,0.1347942323694612,832.4945708830871,Segment 2 - High value
SUB100057,Mumbai,Prepaid,4G Smart,Monthly,9,190.31,5.88,0,0,1,0.106570226070226,243.37655668109664,Segment 1 - Mass base
SUB100712,Kolkata,Prepaid,4G Smart,Monthly,44,266.74,10.61,0,0,1,0.0961993022181701,307.9224224840966,Segment 1 - Mass base
SUB100325,Delhi,Postpaid,4G Smart,Monthly,30,271.82,8.25,0,0,1,0.1452009331462717,473.62221177383503,Segment 1 - Mass base
SUB100079,Delhi,Prepaid,5G Smart,Monthly,72,323.11,13.21,0,0,2,0.0664679929571233,257.7176784525136,Segment 2 - High value
SUB100541,Delhi,Prepaid,5G Smart,Monthly,39,243.16,11.87,0,0,1,0.2159212361712361,630.0408934487734,Segment 1 - Mass base
SUB100356,Mumbai,Prepaid,5G Smart,Monthly,49,440.98,27.26,4,1,2,0.6427984931734931,3401.5353542357643,Segment 2 - High value
SUB102255,Kolkata,Prepaid,4G Smart,Monthly,22,162.01,5.88,3,0,0,0.2102789930475689,408.80759596363976,Segment 0 - High risk
SUB100360,Mumbai,Postpaid,5G Smart,Monthly,19,383.45,8.61,0,1,2,0.3933035113035109,1809.7467769119755,Segment 2 - High value
SUB101019,Mumbai,Prepaid,5G Smart,Monthly,6,404.39,22.71,1,1,2,0.602713944666731,2924.777905005352,Segment 2 - High value
SUB102806,Bengaluru,Prepaid,4G Feature,Monthly,29,119.99,1.13,0,1,1,0.5303832815600101,763.6882794526274,Segment 1 - Mass base
SUB103161,Hyderabad,Prepaid,4G Feature,Monthly,34,122.81,0.88,0,0,1,0.158296020865162,233.28401186940656,Segment 1 - Mass base
SUB100916,Bengaluru,Prepaid,4G Smart,Monthly,23,152.94,4.79,0,0,1,0.2357495326024737,432.666402194668,Segment 1 - Mass base
SUB100308,Mumbai,Prepaid,5G Smart,Monthly,23,230.81,4.82,1,0,1,0.3471864125657228,961.609150611534,Segment 1 - Mass base
SUB101414,Chennai,Prepaid,5G Smart,Monthly,26,235.91,11.23,2,1,1,0.6603567219817219,1869.417051392496,Segment 1 - Mass base
SUB100814,Mumbai,Prepaid,5G Smart,Monthly,8,318.88,13.76,0,0,2,0.0806874524750721,308.7553781430122,Segment 2 - High value
SUB100042,Kolkata,Prepaid,5G Smart,Monthly,18,411.29,23.46,0,0,2,0.2032201696770663,1002.9890830377672,Segment 2 - High value
SUB101734,Bengaluru,Prepaid,4G Feature,Monthly,8,147.27,1.76,4,1,0,0.7006071706071708,1238.1410161838166,Segment 0 - High risk
SUB101406,Hyderabad,Prepaid,4G Feature,Monthly,12,76.82,1.56,0,1,1,0.533317306380974,491.633225714237,Segment 1 - Mass base
SUB101869,Chennai,Prepaid,5G Smart,Monthly,13,279.69,14.3,0,0,2,0.1403367003367003,471.0092606060607,Segment 2 - High value
SUB100883,Kolkata,Prepaid,4G Feature,Monthly,17,178.33,0.81,0,1,1,0.5288547664753548,1131.7280460666002,Segment 1 - Mass base
SUB100699,Kolkata,Postpaid,4G Feature,Annual,9,228.2,1.77,0,0,1,0.0767978595478595,210.3032585858585,Segment 1 - Mass base
SUB102007,Delhi,Prepaid,4G Feature,Monthly,9,151.99,7.285,1,1,1,0.6334919260840315,1155.4132541461431,Segment 1 - Mass base
SUB100004,Kolkata,Postpaid,4G Smart,Monthly,11,356.78,18.57,2,0,2,0.1846795600913248,790.6796813925946,Segment 2 - High value
SUB100216,Hyderabad,Postpaid,4G Feature,Annual,11,262.56,1.91,1,1,1,0.499487248862249,1573.7444647352652,Segment 1 - Mass base
SUB100977,Kolkata,Prepaid,5G Smart,Monthly,14,306.15,10.61,1,1,1,0.5805324643291845,2132.7601674525577,Segment 1 - Mass base
SUB100099,Hyderabad,Prepaid,4G Smart,Monthly,11,169.02,7.41,0,0,1,0.1870918310705462,379.4671354505248,Segment 1 - Mass base
SUB102709,Hyderabad,Postpaid,4G Smart,Monthly,9,303.71,5.12,0,0,1,0.1890889758389758,689.1385542246643,Segment 1 - Mass base
SUB101749,Delhi,Postpaid,4G Smart,Annual,16,253.76,5.2,1,0,1,0.1297433862433862,395.0841803174605,Segment 1 - Mass base
SUB102912,Hyderabad,Prepaid,4G Smart,Monthly,17,121.38,4.65,0,0,1,0.0826728826728826,120.41801398601396,Segment 1 - Mass base
SUB101371,Bengaluru,Postpaid,4G Smart,Monthly,24,390.48,13.1,1,0,2,0.1620723525986684,759.4321469127367,Segment 2 - High value
SUB102015,Bengaluru,Prepaid,4G Smart,Monthly,32,103.79,6.57,1,0,1,0.1382465867465867,172.18335886113883,Segment 1 - Mass base
SUB102754,Kolkata,Prepaid,5G Smart,Monthly,37,257.41,10.15,0,1,1,0.4993136868136869,1542.3400334725338,Segment 1 - Mass base
SUB102508,Kolkata,Postpaid,5G Smart,Monthly,19,401.51,17.98,0,0,2,0.1749971101023732,843.1570761264466,Segment 2 - High value
SUB102656,Hyderabad,Postpaid,4G Smart,Monthly,14,225.96,8.94,1,0,1,0.1606420940170939,435.5842507692306,Segment 1 - Mass base
SUB101192,Delhi,Prepaid,4G Feature,Monthly,40,121.84,0.87,0,0,1,0.1446065538058292,211.4263501884268,Segment 1 - Mass base
SUB102335,Hyderabad,Prepaid,4G Smart,Monthly,31,182.24,7.81,0,0,1,0.0985829656938829,215.58911601663877,Segment 1 - Mass base
SUB102001,Kolkata,Postpaid,4G Smart,Annual,18,324.24,11.1,2,0,2,0.0939010341510341,365.3576557575757,Segment 2 - High value
SUB101517,Delhi,Prepaid,4G Smart,Monthly,46,179.45,7.78,0,0,1,0.0908232900921579,195.578872884453,Segment 1 - Mass base
SUB100701,Bengaluru,Prepaid,4G Smart,Monthly,38,242.64,5.84,2,1,1,0.4217756225256225,1228.0756445954046,Segment 1 - Mass base
SUB100456,Hyderabad,Prepaid,4G Smart,Monthly,9,250.62,9.81,1,0,1,0.116620992841581,350.7306387114846,Segment 1 - Mass base
SUB102655,Mumbai,Postpaid,4G Smart,Annual,22,340.54,3.49,0,0,1,0.091285416676721,373.03602954108686,Segment 1 - Mass base
SUB101580,Kolkata,Prepaid,4G Feature,Monthly,7,211.3,1.72,0,0,1,0.2194734954587897,556.4969950853072,Segment 1 - Mass base
SUB102381,Hyderabad,Prepaid,5G Smart,Monthly,27,280.56,8.68,1,1,1,0.5727718174870325,1928.3623333699425,Segment 1 - Mass base
SUB100522,Hyderabad,Prepaid,5G Smart,Monthly,43,288.67,13.23,0,0,2,0.1195947444368496,414.2809785190248,Segment 2 - High value
SUB101261,Kolkata,Prepaid,4G Smart,Monthly,20,269.35,13.21,0,0,1,0.1645117479139218,531.7348716073783,Segment 1 - Mass base
SUB101684,Chennai,Postpaid,4G Smart,Monthly,39,281.03,4.11,3,0,0,0.2053845899470899,692.6307757539682,Segment 0 - High risk
SUB102103,Bengaluru,Prepaid,5G Smart,Monthly,25,391.26,17.68,1,0,2,0.1729892495968472,812.2052855671493,Segment 2 - High value
SUB101038,Kolkata,Prepaid,4G Smart,Monthly,16,216.78,7.77,0,1,1,0.5667157102157102,1474.23157992674,Segment 1 - Mass base
SUB100390,Kolkata,Prepaid,4G Smart,Monthly,23,217.8,12.68,0,0,1,0.1246716981848561,325.8419503759401,Segment 1 - Mass base
SUB100952,Bengaluru,Prepaid,5G Smart,Monthly,17,307.73,13.65,0,0,2,0.0689842110385588,254.7421351547486,Segment 2 - High value
SUB101978,Hyderabad,Prepaid,4G Smart,Monthly,54,155.78,4.05,0,0,1,0.0776455026455026,145.1473968253968,Segment 1 - Mass base
SUB100412,Bengaluru,Postpaid,5G Smart,Annual,26,584.13,32.88,0,0,2,0.037163675730792,260.5010148555307,Segment 2 - High value
SUB102928,Chennai,Prepaid,5G Smart,Monthly,52,317.84,8.61,1,0,2,0.1907067817462555,727.3709221227582,Segment 2 - High value
SUB101816,Hyderabad,Prepaid,4G Feature,Monthly,7,139.42,1.85,0,0,1,0.2418460943614879,404.6181897105437,Segment 1 - Mass base
SUB102289,Hyderabad,Postpaid,4G Smart,Annual,21,260.27,9.78,1,1,1,0.4442979150479149,1387.6490201942495,Segment 1 - Mass base
SUB101302,Bengaluru,Prepaid,4G Smart,Monthly,2,208.66,7.47,0,1,1,0.5152257495228081,1290.0840587451496,Segment 1 - Mass base
SUB102740,Mumbai,Prepaid,5G Smart,Monthly,30,346.44,12.87,1,0,2,0.084753663003663,352.34470813186806,Segment 2 - High value
SUB101297,Hyderabad,Prepaid,4G Smart,Monthly,32,220.67,8.12,0,1,1,0.6079815961560464,1609.959585885057,Segment 1 - Mass base
SUB101724,Kolkata,Prepaid,4G Smart,Monthly,32,159.52,3.91,0,0,1,0.0749560439560439,143.48385758241756,Segment 1 - Mass base
SUB101269,Delhi,Prepaid,5G Smart,Monthly,15,467.71,34.74,1,0,2,0.2752063453539425,1544.6011174259097,Segment 2 - High value
SUB102498,Chennai,Postpaid,4G Feature,Monthly,29,249.6,2.54,0,0,1,0.1013041125541125,303.4260779220777,Segment 1 - Mass base
SUB102188,Mumbai,Prepaid,5G Smart,Monthly,15,453.77,19.78,3,0,2,0.322739267555057,1757.3927692614986,Segment 2 - High value
SUB103174,Kolkata,Prepaid,4G Feature,Monthly,62,166.08,1.48,1,0,1,0.140154627884891,279.3225671894726,Segment 1 - Mass base
SUB101022,Chennai,Prepaid,4G Smart,Monthly,28,193.09,9.47,1,0,1,0.090529918953832,209.76506460954505,Segment 1 - Mass base
SUB100502,Hyderabad,Prepaid,4G Feature,Monthly,48,121.99,1.42,0,0,1,0.2087612280980163,305.6013865881241,Segment 1 - Mass base
SUB103039,Hyderabad,Prepaid,4G Feature,Monthly,16,148.08,1.48,3,1,0,0.6677472897472899,1186.5602239893442,Segment 0 - High risk
SUB100759,Hyderabad,Postpaid,4G Smart,Annual,40,265.08,3.92,1,0,1,0.0538228623228623,171.2083721345321,Segment 1 - Mass base
SUB102373,Bengaluru,Postpaid,4G Smart,Monthly,17,287.02,7.36,0,0,1,0.0560656591241697,193.10358578183047,Segment 1 - Mass base
SUB100429,Bengaluru,Postpaid,4G Smart,Monthly,14,316.39,12.89,0,0,2,0.1001994949494949,380.4254184848484,Segment 2 - High value
SUB102583,Kolkata,Prepaid,5G Smart,Monthly,10,312.95,12.17,0,0,2,0.180076645875033,676.2598359190993,Segment 2 - High value
SUB101318,Hyderabad,Postpaid,5G Smart,Monthly,22,380.35,9.61,0,1,2,0.5460465657493521,2492.2657353931927,Segment 2 - High value
SUB101137,Delhi,Prepaid,5G Smart,Monthly,20,467.33,32.38,0,0,2,0.2227380952380953,1249.106328571429,Segment 2 - High value
SUB100074,Kolkata,Prepaid,4G Smart,Monthly,13,221.54,6.87,3,0,0,0.2253837306484366,599.1781402542556,Segment 0 - High risk
SUB100026,Kolkata,Prepaid,4G Feature,Monthly,8,90.94,2.27,0,0,1,0.1904793798309727,207.866337621944,Segment 1 - Mass base
SUB101966,Kolkata,Prepaid,5G Smart,Monthly,54,227.86,6.86,0,0,1,0.0559983164983164,153.11731676767673,Segment 1 - Mass base
SUB101345,Chennai,Prepaid,4G Smart,Monthly,4,161.29,3.16,0,0,1,0.1295644137997079,250.7693316210587,Segment 1 - Mass base
SUB101969,Delhi,Prepaid,5G Smart,Monthly,32,311.52,8.57,1,0,1,0.1655273182178979,618.7808420548747,Segment 1 - Mass base
SUB101127,Chennai,Postpaid,4G Feature,Monthly,36,263.68,3.15,1,0,1,0.1036694324194324,328.02667128427123,Segment 1 - Mass base
SUB102142,Delhi,Prepaid,5G Smart,Monthly,22,276.33,10.39,0,0,1,0.177431343848964,588.3552389494107,Segment 1 - Mass base
SUB101140,Hyderabad,Prepaid,4G Smart,Monthly,12,176.9,9.1,0,0,1,0.1743917887667888,370.19888919413927,Segment 1 - Mass base
SUB100506,Delhi,Prepaid,5G Smart,Monthly,9,227.98,9.28,1,1,1,0.6337418692418691,1733.765656197136,Segment 1 - Mass base
SUB102215,Mumbai,Prepaid,5G Smart,Monthly,54,318.83,15.9,1,0,2,0.1197780555764426,458.26604951324646,Segment 2 - High value
SUB101395,Bengaluru,Prepaid,4G Smart,Monthly,23,175.86,8.91,0,0,1,0.132903158888453,280.4681942654802,Segment 1 - Mass base
SUB102502,Kolkata,Prepaid,5G Smart,Monthly,7,288.2,13.39,4,0,0,0.4413400673400673,1526.3304888888888,Segment 0 - High risk
SUB102160,Delhi,Prepaid,4G Feature,Monthly,28,80.76,2.22,1,0,1,0.2457953131757687,238.20515390490092,Segment 1 - Mass base
SUB102937,Bengaluru,Postpaid,4G Smart,Monthly,15,329.8,9.21,1,0,1,0.0701342256083635,277.56321126765954,Segment 1 - Mass base
SUB101954,Hyderabad,Prepaid,4G Smart,Monthly,43,208.59,13.31,6,0,0,0.2441018518518518,611.0064633333333,Segment 0 - High risk
SUB102843,Mumbai,Postpaid,5G Smart,Annual,34,453.15,10.42,1,0,2,0.0897754323951802,488.1808462785112,Segment 2 - High value
SUB101121,Mumbai,Prepaid,5G Smart,Monthly,15,354.67,19.95,0,0,2,0.1118708287052996,476.1267218029036,Segment 2 - High value
SUB102676,Kolkata,Postpaid,4G Smart,Monthly,10,206.69,3.97,2,0,1,0.1393801813654754,345.7018762371615,Segment 1 - Mass base
SUB100587,Mumbai,Postpaid,5G Smart,Annual,7,382.76,10.89,1,1,2,0.4210357004107006,1933.8674962703967,Segment 2 - High value
SUB101956,Mumbai,Postpaid,4G Feature,Monthly,3,220.98,1.07,0,0,1,0.1401939421145303,371.7606879416269,Segment 1 - Mass base
SUB100612,Mumbai,Prepaid,5G Smart,Monthly,23,332.87,16.16,0,0,2,0.0984554809733837,393.2745114193231,Segment 2 - High value
SUB101139,Mumbai,Prepaid,4G Smart,Monthly,12,201.56,5.03,1,0,1,0.1826486753986753,441.77600416028406,Segment 1 - Mass base
SUB100426,Mumbai,Prepaid,4G Smart,Monthly,10,122.18,3.2,1,0,1,0.2393762638327855,350.9639029810769,Segment 1 - Mass base
SUB100649,Bengaluru,Prepaid,5G Smart,Monthly,53,391.39,21.89,0,0,2,0.1235844328561719,580.4365341069258,Segment 2 - High value
SUB101090,Bengaluru,Prepaid,4G Smart,Monthly,25,227.21,10.35,0,0,1,0.1277317927170868,348.26328747899163,Segment 1 - Mass base
SUB103156,Delhi,Postpaid,4G Smart,Monthly,40,379.45,7.7,0,0,2,0.1359135725385725,618.868861197136,Segment 2 - High value
SUB101536,Hyderabad,Prepaid,5G Smart,Monthly,8,473.33,24.53,0,1,2,0.5072613585231432,2881.2242259571126,Segment 2 - High value
SUB101409,Bengaluru,Prepaid,4G Feature,Monthly,27,115.1,1.79,1,0,1,0.1598339653234663,220.76267290477165,Segment 1 - Mass base
SUB100566,Delhi,Postpaid,5G Smart,Annual,8,387.47,12.77,3,1,0,0.5466881914381914,2541.903282438672,Segment 0 - High risk
SUB102168,Delhi,Postpaid,4G Feature,Monthly,26,228.08,2.4,0,0,1,0.1859898527398528,509.04678735486766,Segment 1 - Mass base
SUB100886,Bengaluru,Prepaid,5G Smart,Monthly,18,309.79,11.1,0,0,1,0.0729108738530645,271.0447153312903,Segment 1 - Mass base
SUB103111,Hyderabad,Postpaid,4G Smart,Monthly,13,264.79,6.2,0,0,1,0.1553801287504041,493.7172515018341,Segment 1 - Mass base
SUB102636,Hyderabad,Prepaid,4G Smart,Monthly,35,256.35,10.84,0,1,1,0.3942831609094728,1212.8938595897205,Segment 1 - Mass base
SUB100783,Delhi,Prepaid,4G Smart,Monthly,13,190.66,5.7,0,1,1,0.4768377158497529,1090.9665468469666,Segment 1 - Mass base
SUB102775,Chennai,Prepaid,4G Smart,Monthly,17,244.13,10.11,0,0,1,0.1071529153520678,313.910894698804,Segment 1 - Mass base
SUB102107,Mumbai,Prepaid,4G Feature,Monthly,13,165.38,1.58,0,0,1,0.0890406014832191,176.7064160795374,Segment 1 - Mass base
SUB100630,Hyderabad,Prepaid,4G Smart,Monthly,20,191.64,4.63,0,0,1,0.0689310497472262,158.51935648270114,Segment 1 - Mass base
SUB103112,Delhi,Prepaid,4G Smart,Monthly,15,223.72,7.54,1,0,1,0.2460696994041521,660.608557808363,Segment 1 - Mass base
SUB102386,Bengaluru,Prepaid,4G Smart,Monthly,6,101.67,9.14,1,0,1,0.1956523081523081,238.70364203814205,Segment 1 - Mass base
SUB100501,Kolkata,Prepaid,4G Smart,Monthly,14,186.39,10.79,1,1,1,0.6290839145422479,1407.0594099783548,Segment 1 - Mass base
SUB101882,Kolkata,Prepaid,4G Smart,Monthly,21,219.28,6.4,0,0,1,0.0994457401794862,261.677542878693,Segment 1 - Mass base
SUB102064,Kolkata,Prepaid,5G Smart,Monthly,26,301.05,6.39,6,1,0,0.6837632982485927,2470.163291252866,Segment 0 - High risk
SUB100409,Chennai,Prepaid,5G Smart,Monthly,20,312.3,7.285,3,0,0,0.2365375642875643,886.4481759240762,Segment 0 - High risk
SUB101344,Bengaluru,Prepaid,4G Smart,Monthly,11,314.76,23.12,5,1,0,0.6968489413636473,2632.082073403459,Segment 0 - High risk
SUB100165,Delhi,Prepaid,5G Smart,Monthly,12,418.11,20.27,0,0,2,0.1804015363721247,905.1322364705889,Segment 2 - High value
SUB102643,Kolkata,Postpaid,5G Smart,Monthly,12,393.79,8.43,1,1,2,0.421093485218485,1989.8688425302469,Segment 2 - High value
SUB100244,Hyderabad,Prepaid,4G Feature,Monthly,11,163.02,1.02,0,0,1,0.1864777645345668,364.79526209310114,Segment 1 - Mass base
SUB103099,Chennai,Prepaid,4G Smart,Monthly,16,209.36,7.23,0,0,1,0.1607865794376989,403.9473392529197,Segment 1 - Mass base
SUB103004,Kolkata,Prepaid,4G Smart,Monthly,9,148.75,7.285,0,0,1,0.1659348145342391,296.19364394361685,Segment 1 - Mass base
SUB101679,Kolkata,Prepaid,4G Smart,Monthly,20,137.58,3.32,1,1,1,0.444636896369162,734.0777304296317,Segment 1 - Mass base
SUB101523,Delhi,Prepaid,4G Smart,Monthly,19,205.73,3.71,0,0,1,0.1121719280175162,276.92556901252345,Segment 1 - Mass base
SUB101650,Delhi,Postpaid,4G Smart,Monthly,33,321.69,8.1,1,1,1,0.3465968561906777,1337.9609120157493,Segment 1 - Mass base
SUB100379,Chennai,Postpaid,4G Smart,Monthly,1,330.05,9.64,0,0,1,0.0820564343064342,324.9927137140636,Segment 1 - Mass base
SUB101088,Delhi,Postpaid,5G Smart,Annual,18,352.49,6.55,3,0,0,0.1323407825118351,559.7856291311613,Segment 0 - High risk
SUB101782,Chennai,Prepaid,4G Feature,Monthly,4,148.45,3.02,1,0,1,0.2919944777444778,520.1589626540128,Segment 1 - Mass base
SUB103010,Bengaluru,Postpaid,4G Smart,Monthly,28,306.16,8.78,1,0,1,0.1161736411736411,426.8126637806639,Segment 1 - Mass base
SUB103044,Delhi,Prepaid,4G Smart,Monthly,44,186.74,7.32,0,0,1,0.0920152740341419,206.19518727762804,Segment 1 - Mass base
SUB102748,Kolkata,Prepaid,4G Smart,Monthly,66,148.97,6.02,3,0,0,0.2328605660765103,416.27086234101296,Segment 0 - High risk
SUB101755,Kolkata,Postpaid,5G Smart,Annual,23,378.81,14.07,1,1,2,0.5136120792787456,2334.73670101898,Segment 2 - High value
SUB100295,Kolkata,Postpaid,5G Smart,Monthly,34,406.8,11.25,0,0,2,0.0704522607022606,343.9197558441557,Segment 2 - High value
SUB101327,Delhi,Postpaid,5G Smart,Annual,15,391.25,21.0,1,0,2,0.1744278966131907,818.9389745989305,Segment 2 - High value
SUB100966,Mumbai,Prepaid,4G Smart,Monthly,16,169.27,8.25,1,0,1,0.217680583235702,442.1615078916874,Segment 1 - Mass base
SUB102881,Chennai,Postpaid,4G Smart,Monthly,26,355.69,11.51,0,0,2,0.0671609126893984,286.6615804139056,Segment 2 - High value
SUB103027,Mumbai,Prepaid,4G Smart,Monthly,10,94.68,4.04,0,0,1,0.1347380533409945,153.0839866839044,Segment 1 - Mass base
SUB101853,Mumbai,Prepaid,5G Smart,Monthly,27,257.83,7.285,1,0,1,0.1621875174046226,501.8016913492064,Segment 1 - Mass base
SUB100316,Chennai,Postpaid,4G Feature,Annual,29,228.52,0.79,0,0,1,0.1579154483576479,433.0420591042764,Segment 1 - Mass base
SUB100529,Mumbai,Prepaid,5G Smart,Monthly,14,256.54,9.65,3,1,0,0.620733645983646,1910.9161144877344,Segment 0 - High risk
SUB103142,Bengaluru,Postpaid,4G Feature,Annual,12,220.2,1.6,6,1,0,0.6061118326118325,1601.5899064935063,Segment 0 - High risk
SUB101178,Mumbai,Postpaid,5G Smart,Annual,43,390.01,14.95,1,0,2,0.1078306878306878,504.6605587301586,Segment 2 - High value
SUB100190,Kolkata,Prepaid,4G Smart,Monthly,9,158.05,3.59,1,1,1,0.6313259411154147,1197.3727799194958,Segment 1 - Mass base
SUB100028,Bengaluru,Prepaid,4G Feature,Monthly,13,157.78,1.21,1,0,1,0.2290358345358345,433.64728767676775,Segment 1 - Mass base
SUB102126,Bengaluru,Postpaid,4G Smart,Monthly,32,190.07,3.58,1,0,1,0.0924501424501424,210.86398290598288,Segment 1 - Mass base
SUB101674,Hyderabad,Prepaid,4G Feature,Monthly,9,166.76,1.51,0,0,1,0.1173977808177534,234.9270471500228,Segment 1 - Mass base
SUB100275,Hyderabad,Prepaid,4G Feature,Monthly,19,145.52,2.16,0,1,1,0.5939785551680291,1037.2291121766193,Segment 1 - Mass base
SUB101073,Mumbai,Prepaid,4G Smart,Monthly,16,221.8,11.19,4,0,0,0.2421526346799959,644.5134524642772,Segment 0 - High risk
SUB101075,Bengaluru,Prepaid,5G Smart,Monthly,20,344.75,9.97,0,1,2,0.398212490158517,1647.405071785785,Segment 2 - High value
SUB102552,Bengaluru,Prepaid,4G Smart,Monthly,16,77.82,3.84,0,0,1,0.1715308380703117,160.1823578235799,Segment 1 - Mass base
SUB100133,Chennai,Prepaid,4G Smart,Monthly,23,185.18,9.38,2,0,1,0.1058189865689865,235.1467191941391,Segment 1 - Mass base
SUB102923,Bengaluru,Postpaid,4G Feature,Monthly,23,224.32,1.26,5,1,0,0.6029870222370223,1623.144585938506,Segment 0 - High risk
SUB102397,Chennai,Prepaid,4G Feature,Monthly,8,75.0,1.4,2,1,1,0.5636128655965612,507.2515790369051,Segment 1 - Mass base
SUB102109,Mumbai,Prepaid,4G Smart,Monthly,15,124.13,5.66,2,1,1,0.6491022126022123,966.8766918037514,Segment 1 - Mass base
SUB102839,Bengaluru,Postpaid,4G Smart,Annual,14,318.83,6.3,0,0,1,0.0696620193531958,266.5240995645531,Segment 1 - Mass base
SUB101335,Kolkata,Prepaid,5G Smart,Monthly,18,311.84,10.39,0,0,1,0.1324170955582026,495.5153649464389,Segment 1 - Mass base
SUB102325,Delhi,Prepaid,4G Feature,Monthly,13,168.37,1.55,0,0,1,0.0689267676767676,139.26239848484846,Segment 1 - Mass base
SUB102610,Hyderabad,Postpaid,4G Smart,Annual,15,270.9,5.74,5,0,0,0.2722574555074555,885.0545363636364,Segment 0 - High risk
SUB102844,Chennai,Prepaid,4G Feature,Monthly,41,94.69,1.61,4,1,0,0.5997307225750623,681.4620254475918,Segment 0 - High risk
SUB100586,Hyderabad,Prepaid,4G Smart,Monthly,10,160.05,3.63,0,0,1,0.0866946169772256,166.50568136645956,Segment 1 - Mass base
SUB100838,Delhi,Prepaid,4G Smart,Monthly,22,133.24,4.87,1,0,1,0.1571119422946048,251.2031422959978,Segment 1 - Mass base
SUB100711,Mumbai,Postpaid,4G Smart,Monthly,15,262.72,10.78,3,0,0,0.2653439392851157,836.5339167478271,Segment 0 - High risk
SUB102419,Bengaluru,Prepaid,5G Smart,Monthly,45,190.47,4.97,1,0,1,0.0857094719006483,195.900997354998,Segment 1 - Mass base
SUB102638,Bengaluru,Postpaid,4G Smart,Monthly,51,315.58,8.82,0,0,1,0.1589512851375008,601.9421587643101,Segment 1 - Mass base
SUB101251,Chennai,Prepaid,4G Smart,Monthly,11,249.85,12.44,2,0,1,0.1777785393402906,533.0156166500593,Segment 1 - Mass base
SUB102741,Hyderabad,Prepaid,5G Smart,Monthly,35,356.68,28.06,2,0,2,0.2368284030784029,1013.6634577200572,Segment 2 - High value
SUB101438,Bengaluru,Prepaid,4G Feature,Monthly,20,203.67,1.53,0,0,1,0.1551422737014809,379.17392261736745,Segment 1 - Mass base
SUB102265,Hyderabad,Postpaid,5G Smart,Monthly,2,518.01,20.01,1,1,2,0.5976692936692937,3715.1840497635694,Segment 2 - High value
SUB101554,Bengaluru,Prepaid,4G Smart,Monthly,38,133.93,7.38,0,1,1,0.4653067400567403,747.8223803495907,Segment 1 - Mass base
SUB100817,Kolkata,Prepaid,5G Smart,Monthly,12,369.73,21.85,4,1,0,0.6924929986617169,3072.425236742359,Segment 0 - High risk
SUB103155,Mumbai,Prepaid,4G Smart,Monthly,32,200.67,5.27,0,0,1,0.0794627436833319,191.3494652992105,Segment 1 - Mass base
SUB102083,Delhi,Postpaid,4G Smart,Monthly,23,230.26,5.0,1,1,1,0.5598977283882921,1547.0646112642576,Segment 1 - Mass base
SUB100958,Mumbai,Postpaid,4G Smart,Annual,27,280.66,4.68,0,0,1,0.0792700771450771,266.9752782184482,Segment 1 - Mass base
SUB100303,Chennai,Postpaid,4G Feature,Annual,7,164.84,1.46,0,0,1,0.1193708112874779,236.1250143915344,Segment 1 - Mass base
SUB100572,Hyderabad,Postpaid,4G Feature,Annual,43,207.74,2.36,0,0,1,0.0807464826839826,201.29129175324675,Segment 1 - Mass base
SUB102808,Delhi,Prepaid,4G Feature,Monthly,26,122.09,2.56,1,1,1,0.4807444742554805,704.3291143422194,Segment 1 - Mass base
SUB103165,Hyderabad,Postpaid,4G Feature,Monthly,23,252.67,2.19,0,1,1,0.4395102238187345,1332.6125790273557,Segment 1 - Mass base
SUB100631,Mumbai,Prepaid,4G Feature,Monthly,34,166.78,1.48,0,0,1,0.0472388135214222,94.5418718292336,Segment 1 - Mass base
SUB102606,Hyderabad,Prepaid,4G Smart,Monthly,27,152.29,5.29,2,1,1,0.5548265993265996,1013.9345137373743,Segment 1 - Mass base
SUB103104,Chennai,Postpaid,4G Smart,Monthly,21,292.13,8.85,0,0,1,0.0687720547426429,241.0845642236195,Segment 1 - Mass base
SUB101876,Bengaluru,Prepaid,5G Smart,Monthly,35,303.75,7.82,1,0,1,0.1587836605402395,578.766442669173,Segment 1 - Mass base
SUB101064,Hyderabad,Prepaid,4G Smart,Monthly,9,265.04,7.71,0,1,1,0.5047903053580036,1605.4754703850235,Segment 1 - Mass base
SUB102022,Bengaluru,Postpaid,4G Smart,Monthly,20,249.24,6.89,1,1,1,0.5950299885299881,1779.6632920945708,Segment 1 - Mass base
SUB102617,Bengaluru,Prepaid,4G Feature,Monthly,63,146.79,1.79,1,0,1,0.1488061354077096,262.11903139797226,Segment 1 - Mass base
SUB102330,Mumbai,Prepaid,4G Smart,Monthly,10,267.7,7.285,0,1,1,0.4564226897829839,1466.2122486588576,Segment 1 - Mass base
SUB101109,Delhi,Prepaid,4G Smart,Monthly,26,169.29,6.9,3,0,0,0.3277449218699217,665.8072538803087,Segment 0 - High risk
SUB102796,Bengaluru,Prepaid,4G Smart,Monthly,13,131.16,8.05,1,1,1,0.5029779889997282,791.6471164464522,Segment 1 - Mass base
SUB102535,Delhi,Prepaid,4G Smart,Monthly,43,210.55,10.08,0,0,1,0.1188825522997187,300.36865664046945,Segment 1 - Mass base
SUB102983,Mumbai,Postpaid,4G Smart,Annual,34,330.61,4.13,1,0,1,0.1336940836940837,530.4072121212121,Segment 1 - Mass base
SUB100924,Kolkata,Prepaid,4G Smart,Monthly,19,263.98,4.25,0,0,1,0.1206379916379916,382.15220439116433,Segment 1 - Mass base
SUB100723,Mumbai,Prepaid,4G Smart,Monthly,28,177.99,10.4,0,0,1,0.1740898127500294,371.8349492565329,Segment 1 - Mass base
SUB100060,Mumbai,Prepaid,4G Feature,Monthly,15,144.35,3.19,2,0,1,0.2885207614446748,499.7756629744657,Segment 1 - Mass base
SUB102365,Delhi,Prepaid,5G Smart,Monthly,11,405.77,26.01,1,1,2,0.6126575952545634,2983.17686911733,Segment 2 - High value
SUB102580,Mumbai,Prepaid,5G Smart,Monthly,12,271.18,9.17,0,1,1,0.5046587702421038,1642.240383771045,Segment 1 - Mass base
SUB102036,Delhi,Prepaid,4G Smart,Monthly,21,285.67,18.38,2,1,2,0.6521800337820078,2235.699243006074,Segment 2 - High value
SUB101756,Bengaluru,Prepaid,4G Smart,Monthly,31,77.86,2.33,0,1,1,0.5650789463289465,527.9645611340613,Segment 1 - Mass base
SUB100024,Hyderabad,Prepaid,5G Smart,Monthly,6,382.0,26.23,1,0,2,0.2637252929818721,1208.9167430289017,Segment 2 - High value
SUB102902,Chennai,Prepaid,5G Smart,Monthly,11,371.57,15.94,1,0,2,0.2023913746928452,902.430757135446,Segment 2 - High value
SUB100578,Kolkata,Postpaid,5G Smart,Annual,9,405.95,14.85,0,0,2,0.0455814354727398,222.0454047619048,Segment 2 - High value
SUB100684,Hyderabad,Prepaid,5G Smart,Monthly,23,265.27,12.15,1,0,1,0.2168582658015507,690.3119060301284,Segment 1 - Mass base
SUB103097,Mumbai,Postpaid,4G Smart,Annual,17,263.03,7.52,0,0,1,0.0519548229548229,163.98812498168496,Segment 1 - Mass base
SUB101016,Delhi,Prepaid,5G Smart,Monthly,26,264.45,13.69,2,1,1,0.5805409782712417,1842.2887404459584,Segment 1 - Mass base
SUB100347,Bengaluru,Prepaid,4G Smart,Monthly,24,230.26,9.55,0,1,1,0.4602131539484483,1271.6241699380366,Segment 1 - Mass base
SUB102404,Chennai,Prepaid,5G Smart,Monthly,14,336.48,9.87,1,1,2,0.533924838481856,2155.860355828499,Segment 2 - High value
SUB101668,Mumbai,Prepaid,5G Smart,Monthly,6,332.95,17.93,1,0,2,0.3009571437334595,1202.444172072664,Segment 2 - High value
SUB101556,Kolkata,Postpaid,4G Smart,Monthly,48,241.51,4.1,2,0,1,0.1286742703169653,372.9134762910036,Segment 1 - Mass base
SUB103163,Bengaluru,Prepaid,4G Smart,Monthly,21,190.56,4.43,0,0,1,0.1137106286959227,260.02436885154054,Segment 1 - Mass base
SUB100009,Kolkata,Prepaid,4G Smart,Monthly,11,154.76,8.24,0,1,1,0.4796861123517204,890.834672970627,Segment 1 - Mass base
SUB103126,Delhi,Prepaid,5G Smart,Monthly,24,385.48,16.94,0,0,2,0.1407843280522309,651.2345133308876,Segment 2 - High value
SUB100229,Chennai,Prepaid,4G Smart,Monthly,12,176.36,4.81,1,0,1,0.2034318056670999,430.5267989693969,Segment 1 - Mass base
SUB100490,Delhi,Prepaid,5G Smart,Monthly,51,524.05,41.76,0,0,2,0.1011298813272497,635.9653717145429,Segment 2 - High value
SUB102735,Bengaluru,Postpaid,4G Feature,Monthly,7,306.69,1.38,3,1,0,0.6051975647072948,2227.296493440963,Segment 0 - High risk
SUB101666,Chennai,Prepaid,4G Smart,Monthly,13,329.7,17.67,0,1,2,0.4212108907598038,1666.4787682020876,Segment 2 - High value
SUB100830,Chennai,Postpaid,5G Smart,Monthly,13,495.42,19.76,0,0,2,0.0795662071846282,473.0242843609024,Segment 2 - High value
SUB102388,Delhi,Postpaid,4G Feature,Annual,15,222.13,1.01,1,1,1,0.506255772005772,1349.4551356277054,Segment 1 - Mass base
SUB100386,Chennai,Prepaid,4G Smart,Monthly,28,156.54,4.55,4,1,0,0.6736406140156145,1265.4204206160514,Segment 0 - High risk
SUB102519,Kolkata,Postpaid,4G Feature,Annual,36,227.36,2.03,3,0,0,0.1409984320705145,384.68884218662606,Segment 0 - High risk
SUB100450,Chennai,Postpaid,4G Smart,Monthly,20,281.8,6.95,0,1,1,0.5262230671375406,1779.4759238323072,Segment 1 - Mass base
SUB102644,Hyderabad,Postpaid,5G Smart,Monthly,7,420.15,9.26,3,0,0,0.2336641321641322,1178.087821545122,Segment 0 - High risk
SUB100016,Mumbai,Postpaid,4G Smart,Monthly,11,302.12,6.77,1,1,1,0.5877052785177783,2130.690224949494,Segment 1 - Mass base
SUB102718,Bengaluru,Prepaid,5G Smart,Monthly,17,226.48,10.33,0,1,1,0.6055663741971838,1645.7840691381384,Segment 1 - Mass base
SUB101115,Chennai,Postpaid,4G Smart,Monthly,30,289.06,4.92,0,0,1,0.0371232378732378,128.7701176756577,Segment 1 - Mass base
SUB103018,Kolkata,Prepaid,5G Smart,Monthly,25,360.16,17.8,0,0,2,0.2429161671661672,1049.8642411988014,Segment 2 - High value
SUB101389,Mumbai,Postpaid,4G Feature,Monthly,16,202.09,1.74,1,0,1,0.0764491271255976,185.39524920974443,Segment 1 - Mass base
SUB102600,Hyderabad,Prepaid,4G Smart,Monthly,17,334.92,19.77,3,1,2,0.6102105158796214,2452.460471740834,Segment 2 - High value
SUB101589,Bengaluru,Postpaid,4G Smart,Annual,43,283.59,14.11,0,0,2,0.0811663789205409,276.21568077691444,Segment 2 - High value
SUB100824,Hyderabad,Postpaid,5G Smart,Annual,7,420.41,7.23,0,0,2,0.0427377344877344,215.60845147186149,Segment 2 - High value
SUB103022,Delhi,Prepaid,4G Smart,Monthly,30,314.01,12.47,0,1,2,0.561700498575499,2116.554882692309,Segment 2 - High value
SUB102939,Chennai,Prepaid,4G Smart,Monthly,16,193.85,7.18,1,1,1,0.5314057329743602,1236.1560160449567,Segment 1 - Mass base
SUB101752,Kolkata,Prepaid,5G Smart,Monthly,7,271.18,13.05,1,0,1,0.2334866522366522,759.8029242424243,Segment 1 - Mass base
SUB101227,Chennai,Prepaid,5G Smart,Monthly,8,363.26,11.91,1,1,2,0.5549548460798458,2419.114768643577,Segment 2 - High value
SUB101151,Kolkata,Postpaid,4G Smart,Monthly,15,327.74,12.48,1,0,2,0.1506376943618322,592.4399754017629,Segment 2 - High value
SUB102826,Delhi,Postpaid,4G Smart,Monthly,28,223.53,4.6,1,0,1,0.1823695787696183,489.1808633084735,Segment 1 - Mass base
SUB101305,Chennai,Postpaid,4G Smart,Annual,27,345.26,7.11,0,0,1,0.0863830706330706,357.8954276012876,Segment 1 - Mass base
SUB101232,Kolkata,Prepaid,5G Smart,Monthly,33,417.34,23.1,0,1,2,0.5220062682415627,2614.249151855205,Segment 2 - High value
SUB102714,Chennai,Prepaid,4G Feature,Monthly,27,199.28,2.26,0,0,1,0.1788129281303053,427.6060838136871,Segment 1 - Mass base
SUB101793,Bengaluru,Prepaid,4G Smart,Monthly,12,145.72,4.03,1,1,1,0.6218873131226071,1087.457031218716,Segment 1 - Mass base
SUB101010,Delhi,Prepaid,5G Smart,Monthly,10,337.44,16.22,0,0,2,0.0874593042616298,354.14721156053247,Segment 2 - High value
SUB101939,Chennai,Prepaid,5G Smart,Monthly,14,278.02,11.51,0,0,1,0.1452893051393051,484.71999137795547,Segment 1 - Mass base
SUB101270,Hyderabad,Prepaid,5G Smart,Monthly,4,343.42,10.67,2,0,2,0.2524514858779565,1040.362671362494,Segment 2 - High value
SUB102911,Delhi,Prepaid,4G Smart,Monthly,28,171.58,9.58,0,0,1,0.1002923976608187,206.49803508771936,Segment 1 - Mass base
SUB102958,Bengaluru,Prepaid,5G Smart,Monthly,27,382.76,13.19,0,1,2,0.514938887623098,2365.176103519404,Segment 2 - High value
SUB102574,Bengaluru,Postpaid,4G Smart,Annual,26,286.04,5.75,0,0,1,0.0712246230609401,244.47709416421588,Segment 1 - Mass base
SUB101107,Hyderabad,Postpaid,4G Feature,Annual,30,254.19,2.27,1,0,1,0.0361987433862433,110.41630297619048,Segment 1 - Mass base
SUB100498,Delhi,Prepaid,4G Smart,Monthly,36,215.17,10.0,1,1,1,0.5559830181624696,1435.570392216223,Segment 1 - Mass base
SUB100353,Hyderabad,Postpaid,4G Smart,Annual,56,313.56,8.44,0,1,1,0.4499957780979794,1693.208114164829,Segment 1 - Mass base
SUB101839,Bengaluru,Postpaid,4G Smart,Monthly,23,269.5,7.285,0,0,1,0.046068783068783,148.98644444444446,Segment 1 - Mass base
SUB101898,Hyderabad,Prepaid,4G Feature,Monthly,20,132.89,2.33,1,0,1,0.3018763735672302,481.3962154001906,Segment 1 - Mass base
SUB100532,Mumbai,Postpaid,4G Smart,Monthly,11,164.91,7.21,0,0,1,0.2069015652103888,409.44164542614266,Segment 1 - Mass base
SUB100443,Kolkata,Prepaid,5G Smart,Monthly,13,289.82,11.05,0,0,1,0.2332358104858105,811.1568311399712,Segment 1 - Mass base
SUB100002,Mumbai,Prepaid,4G Feature,Monthly,13,167.01,2.79,0,0,1,0.1186552396878484,237.7993389632107,Segment 1 - Mass base
SUB101786,Chennai,Postpaid,5G Smart,Annual,26,400.28,11.96,4,0,0,0.224140697022276,1076.6284584489197,Segment 0 - High risk
SUB100286,Delhi,Postpaid,4G Smart,Monthly,10,267.45,10.48,0,1,1,0.351826398384909,1129.1516429765268,Segment 1 - Mass base
SUB101561,Kolkata,Prepaid,4G Smart,Monthly,57,187.35,5.88,0,0,1,0.033055352055352,74.3150424908425,Segment 1 - Mass base
SUB101647,Kolkata,Postpaid,4G Smart,Annual,27,294.44,6.25,0,0,1,0.0302409607935923,106.84978195278408,Segment 1 - Mass base
SUB100784,Chennai,Postpaid,5G Smart,Annual,38,463.44,25.1,0,0,2,0.0960545529907869,534.1862644566037,Segment 2 - High value
SUB100861,Bengaluru,Postpaid,4G Smart,Annual,17,271.09,4.64,2,0,1,0.1183517038517038,385.0075607659009,Segment 1 - Mass base
SUB102231,Hyderabad,Postpaid,4G Smart,Annual,22,289.57,10.61,0,1,1,0.3891851158418666,1352.3560079319518,Segment 1 - Mass base
SUB102836,Chennai,Postpaid,5G Smart,Monthly,18,475.52,19.73,0,0,2,0.1016361046361046,579.9600057187257,Segment 2 - High value
SUB100349,Delhi,Postpaid,4G Feature,Annual,10,197.87,2.71,0,0,1,0.0769695466570466,182.75957036435784,Segment 1 - Mass base
SUB100069,Mumbai,Prepaid,5G Smart,Monthly,8,495.49,32.76,0,0,2,0.2163316344339765,1286.2819385482926,Segment 2 - High value
SUB100404,Kolkata,Postpaid,4G Smart,Annual,31,336.76,12.2,0,0,2,0.0773391515891516,312.53679226995234,Segment 2 - High value
SUB102500,Bengaluru,Postpaid,4G Smart,Annual,31,339.89,9.45,4,0,0,0.1896433381433381,773.4944904184704,Segment 0 - High risk
SUB100755,Mumbai,Postpaid,4G Smart,Monthly,5,211.73,7.34,1,0,1,0.100326990385501,254.90680409186552,Segment 1 - Mass base
SUB100798,Kolkata,Prepaid,4G Smart,Monthly,17,285.79,15.36,3,0,0,0.339414571971448,1164.0154862846416,Segment 0 - High risk
SUB101051,Hyderabad,Prepaid,4G Feature,Monthly,34,161.1,1.26,1,1,1,0.4842960254972639,936.2410764913108,Segment 1 - Mass base
SUB103183,Chennai,Prepaid,4G Feature,Monthly,6,194.37,2.33,3,1,0,0.6114063703654496,1426.0686744951893,Segment 0 - High risk
SUB100178,Kolkata,Postpaid,5G Smart,Annual,22,506.57,23.05,2,0,2,0.1685092715121463,1024.3409000388958,Segment 2 - High value
SUB100954,Bengaluru,Prepaid,4G Feature,Monthly,17,139.97,1.61,1,0,1,0.2706825900874767,454.6493056145295,Segment 1 - Mass base
SUB101381,Delhi,Prepaid,5G Smart,Monthly,14,257.26,11.02,0,1,1,0.5125997474747477,1582.456932424243,Segment 1 - Mass base
SUB102207,Mumbai,Postpaid,4G Smart,Annual,18,292.24,6.57,0,1,1,0.4515977185582447,1583.6990072575377,Segment 1 - Mass base
SUB101983,Mumbai,Prepaid,5G Smart,Monthly,22,332.16,11.36,0,0,2,0.1588687628161313,633.2381790840743,Segment 2 - High value
SUB102229,Chennai,Prepaid,5G Smart,Monthly,12,253.93,6.73,0,0,1,0.1447681149672675,441.1316092036589,Segment 1 - Mass base
SUB101285,Mumbai,Postpaid,4G Smart,Monthly,8,289.03,7.33,0,0,1,0.1722408086772008,597.3931311836564,Segment 1 - Mass base
SUB100253,Chennai,Prepaid,5G Smart,Monthly,29,349.44,21.22,0,0,2,0.1050157356759187,440.3603840951165,Segment 2 - High value
SUB101757,Kolkata,Postpaid,4G Feature,Annual,3,247.72,0.6,1,1,1,0.4862952979038504,1445.580854360902,Segment 1 - Mass base
SUB101439,Chennai,Postpaid,4G Smart,Annual,42,315.46,7.72,0,0,1,0.0847964589876354,320.9986914268737,Segment 1 - Mass base
SUB100559,Hyderabad,Prepaid,4G Smart,Monthly,40,234.49,10.25,0,0,1,0.0841664739353418,236.83435767717967,Segment 1 - Mass base
SUB101578,Delhi,Prepaid,5G Smart,Monthly,7,348.65,10.35,1,0,2,0.2744173781727961,1148.1074267993442,Segment 2 - High value
SUB102072,Bengaluru,Prepaid,5G Smart,Monthly,29,355.74,24.63,2,1,2,0.5800563909774434,2476.191126315789,Segment 2 - High value
SUB100194,Kolkata,Postpaid,4G Smart,Annual,10,277.68,3.44,0,0,1,0.0391711866564807,130.52466132925898,Segment 1 - Mass base
SUB103037,Chennai,Postpaid,4G Smart,Monthly,9,237.9,8.47,0,0,1,0.1153141194554238,329.19874822134386,Segment 1 - Mass base
SUB103087,Delhi,Prepaid,5G Smart,Monthly,29,222.05,8.89,0,1,1,0.4946916525321093,1318.1553773370586,Segment 1 - Mass base
SUB101508,Mumbai,Prepaid,4G Feature,Monthly,51,162.59,1.48,3,0,0,0.2249746307613954,438.94350258594335,Segment 0 - High risk
SUB101498,Kolkata,Prepaid,4G Feature,Monthly,44,136.33,2.55,2,0,1,0.1602873166316562,262.2236385167243,Segment 1 - Mass base
SUB101702,Kolkata,Prepaid,4G Smart,Monthly,10,152.73,11.1,0,0,1,0.2108244348244349,386.3905911688313,Segment 1 - Mass base
SUB100245,Bengaluru,Postpaid,4G Smart,Monthly,11,313.95,9.22,0,0,1,0.0570420875420875,214.9003606060606,Segment 1 - Mass base
SUB100446,Kolkata,Prepaid,4G Smart,Monthly,12,252.46,8.08,0,0,1,0.1845801763832454,559.1893359565698,Segment 1 - Mass base
SUB100477,Bengaluru,Prepaid,5G Smart,Monthly,51,291.47,9.08,2,0,0,0.2450205627705628,856.9937211688315,Segment 0 - High risk
SUB100539,Delhi,Prepaid,4G Smart,Monthly,22,179.08,7.93,0,1,1,0.6237442125243853,1340.401362946403,Segment 1 - Mass base
SUB101331,Hyderabad,Postpaid,4G Feature,Monthly,27,212.04,0.89,4,1,0,0.634096801346801,1613.446629090908,Segment 0 - High risk
SUB100256,Bengaluru,Postpaid,4G Smart,Monthly,20,337.24,11.25,0,0,2,0.1404057075821781,568.2050499001652,Segment 2 - High value
SUB100452,Mumbai,Prepaid,4G Smart,Monthly,19,189.84,9.1,0,0,1,0.1433904028846821,326.6548090035366,Segment 1 - Mass base
SUB102951,Mumbai,Postpaid,4G Smart,Monthly,10,305.36,10.44,3,0,0,0.1653301235801236,605.8224784371185,Segment 0 - High risk
SUB101489,Kolkata,Prepaid,4G Smart,Monthly,33,128.25,4.89,4,1,0,0.5828259980759978,896.9692110389606,Segment 0 - High risk
SUB101745,Chennai,Postpaid,4G Smart,Monthly,20,247.71,5.74,1,0,1,0.1449292836792836,430.8051943223443,Segment 1 - Mass base
SUB102879,Hyderabad,Postpaid,4G Smart,Annual,27,271.56,5.57,1,0,1,0.1089735449735449,355.11427047619054,Segment 1 - Mass base
SUB102068,Kolkata,Postpaid,5G Smart,Monthly,12,447.21,13.78,1,0,2,0.1172838980191921,629.4063843979549,Segment 2 - High value
SUB102579,Chennai,Prepaid,4G Smart,Monthly,63,184.86,4.13,0,0,1,0.1051356106943387,233.2244279154656,Segment 1 - Mass base
SUB102654,Delhi,Prepaid,4G Smart,Monthly,5,216.72,5.47,0,0,1,0.1598938935448223,415.8264553084068,Segment 1 - Mass base
SUB102494,Chennai,Prepaid,4G Feature,Monthly,53,160.55,1.91,0,0,1,0.0766338383838384,147.64275303030308,Segment 1 - Mass base
SUB103067,Hyderabad,Prepaid,4G Feature,Monthly,22,103.27,1.49,2,0,1,0.2489415621519408,308.4983414811712,Segment 1 - Mass base
SUB100949,Hyderabad,Postpaid,4G Feature,Annual,65,255.23,2.06,1,0,1,0.138775493025493,425.0360290187592,Segment 1 - Mass base
SUB100511,Hyderabad,Postpaid,4G Smart,Monthly,22,248.37,4.07,1,0,1,0.1000915129000235,298.31674870774606,Segment 1 - Mass base
SUB101394,Bengaluru,Postpaid,5G Smart,Monthly,31,418.7,17.56,0,0,2,0.0963547561924755,484.1248370134738,Segment 2 - High value
SUB101509,Kolkata,Prepaid,5G Smart,Monthly,27,301.96,14.23,0,0,2,0.1936920428911954,701.8469912571045,Segment 2 - High value
SUB102058,Hyderabad,Prepaid,4G Smart,Monthly,28,292.54,12.56,0,0,1,0.121623161183506,426.95567487147423,Segment 1 - Mass base
SUB102409,Hyderabad,Prepaid,4G Smart,Monthly,23,244.62,14.47,0,0,1,0.1017315124521006,298.62675091239447,Segment 1 - Mass base
SUB101332,Delhi,Prepaid,4G Feature,Monthly,13,126.47,2.23,1,0,1,0.3039238606241791,461.2470078376792,Segment 1 - Mass base
SUB101310,Hyderabad,Prepaid,4G Smart,Monthly,13,201.43,7.78,2,1,1,0.6245905349241812,1509.735257397334,Segment 1 - Mass base
SUB102048,Kolkata,Prepaid,4G Smart,Monthly,21,184.46,9.13,0,1,1,0.3696596872517926,818.249110925588,Segment 1 - Mass base
SUB102991,Kolkata,Postpaid,5G Smart,Annual,15,443.66,12.94,0,0,2,0.064235279970574,341.98349174093875,Segment 2 - High value
SUB102067,Mumbai,Prepaid,5G Smart,Monthly,23,331.09,13.97,1,0,2,0.1502006177587571,596.7590704049626,Segment 2 - High value
SUB102809,Hyderabad,Prepaid,4G Feature,Monthly,72,165.49,0.74,0,0,1,0.2713737108136794,538.9156248306697,Segment 1 - Mass base
SUB102597,Hyderabad,Prepaid,4G Smart,Monthly,16,210.09,9.05,4,0,0,0.1561479076479075,393.6613670129868,Segment 0 - High risk
SUB102056,Delhi,Postpaid,4G Smart,Monthly,16,284.33,7.34,0,0,1,0.1682329984829983,574.0042615040511,Segment 1 - Mass base
SUB102077,Chennai,Postpaid,5G Smart,Annual,46,603.81,36.74,2,0,2,0.1135091224953564,822.455319047054,Segment 2 - High value
SUB102800,Bengaluru,Postpaid,4G Feature,Annual,21,237.29,2.44,4,1,0,0.5835578102453101,1661.6691935173153,Segment 0 - High risk
SUB102594,Mumbai,Postpaid,5G Smart,Annual,66,383.2,11.68,1,0,2,0.0534908609908609,245.97237518037517,Segment 2 - High value
SUB101927,Bengaluru,Prepaid,4G Smart,Monthly,22,249.01,15.41,1,1,1,0.4892940308483786,1462.069279458657,Segment 1 - Mass base
SUB102548,Chennai,Prepaid,4G Feature,Monthly,10,137.47,1.58,2,0,1,0.3664913327413326,604.578762143412,Segment 1 - Mass base
SUB100622,Mumbai,Prepaid,5G Smart,Monthly,42,243.08,13.16,3,0,0,0.2071165223665223,604.150611082251,Segment 0 - High risk
SUB101511,Hyderabad,Postpaid,4G Smart,Annual,9,274.57,13.58,0,1,2,0.5476930065192264,1804.560825599808,Segment 2 - High value
SUB102866,Kolkata,Prepaid,4G Smart,Monthly,20,143.99,5.43,0,0,1,0.1076046978738794,185.92800536231888,Segment 1 - Mass base
SUB101672,Delhi,Postpaid,4G Feature,Annual,6,173.13,1.29,0,0,1,0.1896039462081129,393.9135744841272,Segment 1 - Mass base
SUB101701,Bengaluru,Prepaid,4G Smart,Monthly,38,187.43,8.98,4,0,0,0.2955553150553149,664.7511924098122,Segment 0 - High risk
SUB102236,Chennai,Prepaid,5G Smart,Monthly,46,317.25,13.34,1,0,2,0.0971042495516179,369.6758780430096,Segment 2 - High value
SUB101201,Bengaluru,Postpaid,4G Smart,Monthly,11,236.85,7.285,2,0,1,0.1931822999393333,549.0627328875731,Segment 1 - Mass base
SUB102867,Kolkata,Prepaid,4G Feature,Monthly,21,129.62,1.99,0,0,1,0.1263358696858696,196.507865144189,Segment 1 - Mass base
SUB100664,Hyderabad,Postpaid,5G Smart,Monthly,40,461.55,15.61,0,1,2,0.3729195064195063,2065.451978255078,Segment 2 - High value
SUB100775,Mumbai,Postpaid,4G Smart,Annual,49,338.98,9.57,0,0,2,0.0716503126503126,291.4562757864357,Segment 2 - High value
SUB100574,Bengaluru,Postpaid,5G Smart,Monthly,12,399.82,8.53,0,0,2,0.0771647426647426,370.2240889466088,Segment 2 - High value
SUB102091,Mumbai,Postpaid,5G Smart,Annual,37,364.44,7.96,2,0,2,0.1048363395863396,458.4786671861473,Segment 2 - High value
SUB102484,Bengaluru,Prepaid,4G Feature,Monthly,46,83.91,1.11,0,1,1,0.4409529204924744,444.00431470228233,Segment 1 - Mass base
SUB102949,Kolkata,Postpaid,4G Smart,Monthly,45,240.4,6.59,0,0,1,0.0470402648034226,135.7017559049138,Segment 1 - Mass base
SUB102791,Bengaluru,Prepaid,5G Smart,Monthly,17,241.18,11.1,0,0,1,0.1067287864640805,308.89018463288346,Segment 1 - Mass base
SUB102618,Hyderabad,Postpaid,4G Feature,Monthly,19,250.4,1.91,0,0,1,0.1930165565428724,579.9761491000229,Segment 1 - Mass base
SUB101122,Hyderabad,Prepaid,4G Smart,Monthly,13,279.36,11.52,0,1,1,0.4581594655344657,1535.8971395005003,Segment 1 - Mass base
SUB100551,Kolkata,Prepaid,4G Smart,Monthly,26,197.64,8.0,1,0,1,0.1332282307973051,315.97473041735265,Segment 1 - Mass base
SUB102693,Bengaluru,Postpaid,4G Smart,Annual,43,284.19,6.69,0,0,1,0.0842994227994228,287.4846355844156,Segment 1 - Mass base
SUB102159,Delhi,Prepaid,4G Smart,Monthly,10,205.16,6.06,0,1,1,0.3943374357124358,970.82721972916,Segment 1 - Mass base
SUB100140,Mumbai,Prepaid,4G Smart,Monthly,29,129.04,4.87,0,0,1,0.1142110188523232,176.8534784724454,Segment 1 - Mass base
SUB101975,Hyderabad,Prepaid,5G Smart,Monthly,24,271.67,11.2,1,1,1,0.3952316202316203,1288.4708912198914,Segment 1 - Mass base
SUB102158,Mumbai,Prepaid,4G Feature,Monthly,46,102.95,0.93,1,0,1,0.1500854594031558,185.41557654665877,Segment 1 - Mass base
SUB100283,Kolkata,Prepaid,4G Smart,Monthly,17,139.47,6.67,2,0,1,0.2491240473740474,416.9439706471007,Segment 1 - Mass base
SUB100259,Chennai,Prepaid,4G Smart,Monthly,72,211.08,9.74,0,0,1,0.0911505524005524,230.88070320850323,Segment 1 - Mass base
SUB100617,Hyderabad,Postpaid,4G Smart,Monthly,12,342.81,10.16,1,0,2,0.1663773479606813,684.4298238528141,Segment 2 - High value
SUB101812,Hyderabad,Prepaid,4G Smart,Monthly,52,205.18,11.35,0,0,1,0.1422837811945868,350.325434706064,Segment 1 - Mass base
SUB101798,Kolkata,Postpaid,5G Smart,Annual,16,309.57,7.42,0,0,1,0.0747023031434796,277.50710380952376,Segment 1 - Mass base
SUB103023,Hyderabad,Postpaid,4G Smart,Annual,6,302.25,6.42,1,0,1,0.1677209549709549,608.3239036796537,Segment 1 - Mass base
SUB102242,Bengaluru,Prepaid,4G Feature,Monthly,29,103.69,1.01,0,0,1,0.1470269351105264,182.94267481932587,Segment 1 - Mass base
SUB100726,Bengaluru,Prepaid,4G Smart,Monthly,37,127.48,4.79,0,0,1,0.1185853405853405,181.40711061383055,Segment 1 - Mass base
SUB101637,Delhi,Prepaid,4G Smart,Monthly,34,205.96,5.76,2,0,1,0.2061844612359318,509.5890196338303,Segment 1 - Mass base
SUB102237,Delhi,Prepaid,5G Smart,Monthly,48,350.58,15.05,1,0,2,0.1487413990913991,625.7491163215526,Segment 2 - High value
SUB100678,Hyderabad,Postpaid,4G Smart,Annual,10,300.67,8.81,2,0,1,0.0933214285714285,336.7074471428571,Segment 1 - Mass base
SUB102424,Hyderabad,Postpaid,4G Feature,Annual,38,215.66,1.94,0,0,1,0.0598482142857142,154.88239071428572,Segment 1 - Mass base
SUB101347,Mumbai,Prepaid,5G Smart,Monthly,24,384.5,29.28,0,1,2,0.5231345960802483,2413.743026314265,Segment 2 - High value
SUB100056,Kolkata,Prepaid,4G Smart,Monthly,16,198.84,5.25,0,0,1,0.1245473052061831,297.1798340063696,Segment 1 - Mass base
SUB101567,Hyderabad,Prepaid,4G Smart,Monthly,41,213.01,5.7,0,0,1,0.0909273692034886,232.4212669684213,Segment 1 - Mass base
SUB102377,Chennai,Prepaid,5G Smart,Monthly,55,242.65,8.09,0,0,1,0.1474743119743119,429.4157016068016,Segment 1 - Mass base
SUB101412,Mumbai,Prepaid,4G Feature,Monthly,34,112.74,1.4,0,0,1,0.1520254071145375,205.6721327771156,Segment 1 - Mass base
SUB102362,Delhi,Postpaid,4G Smart,Annual,17,331.19,16.11,1,0,2,0.076898190589367,305.6149408955097,Segment 2 - High value
SUB101289,Kolkata,Prepaid,4G Smart,Monthly,18,307.53,11.86,1,0,2,0.2425075673344933,894.9402261885208,Segment 2 - High value
SUB100167,Delhi,Prepaid,4G Smart,Monthly,40,177.75,2.54,1,0,1,0.1440188507949702,307.19220874567145,Segment 1 - Mass base
SUB103055,Bengaluru,Postpaid,4G Smart,Monthly,49,288.56,7.8,0,0,1,0.0448941798941799,155.45597460317464,Segment 1 - Mass base
SUB100873,Hyderabad,Prepaid,5G Smart,Monthly,11,361.84,18.45,0,0,2,0.2810464225839401,1220.3260505732744,Segment 2 - High value
SUB101362,Mumbai,Prepaid,4G Feature,Monthly,26,168.95,2.62,0,0,1,0.0904004868056592,183.27794694979343,Segment 1 - Mass base
SUB100888,Chennai,Prepaid,5G Smart,Monthly,36,299.44,8.3,0,1,1,0.4305747783506405,1547.175739551789,Segment 1 - Mass base
SUB100889,Bengaluru,Prepaid,4G Smart,Monthly,28,231.72,10.4,1,1,1,0.554371039650491,1541.5062876937411,Segment 1 - Mass base
SUB102517,Hyderabad,Prepaid,4G Feature,Monthly,23,132.11,2.86,1,0,1,0.2993096685449626,474.5016037377003,Segment 1 - Mass base
SUB102569,Kolkata,Postpaid,4G Smart,Monthly,45,284.81,3.33,1,1,1,0.4115326155326155,1406.503250758131,Segment 1 - Mass base
SUB101820,Hyderabad,Postpaid,4G Feature,Annual,32,132.19,0.63,0,0,1,0.2557189273689274,405.6418201067821,Segment 1 - Mass base
SUB102602,Hyderabad,Prepaid,4G Smart,Monthly,16,229.91,7.85,2,0,1,0.1505254859519565,415.2877737025719,Segment 1 - Mass base
SUB101973,Bengaluru,Prepaid,4G Smart,Monthly,24,262.85,7.34,0,0,1,0.2037934377713789,642.8052614184834,Segment 1 - Mass base
SUB100499,Mumbai,Prepaid,5G Smart,Monthly,40,373.0,20.32,0,0,2,0.1123148084858611,502.7210827827144,Segment 2 - High value
SUB101970,Mumbai,Postpaid,5G Smart,Annual,7,371.18,10.97,2,0,2,0.1129660894660894,503.169037056277,Segment 2 - High value
SUB100715,Chennai,Postpaid,4G Smart,Monthly,35,299.68,7.285,1,0,1,0.1594199251822142,573.2995581432714,Segment 1 - Mass base
SUB102903,Delhi,Prepaid,5G Smart,Monthly,17,409.82,22.59,4,0,0,0.3524566470847305,1733.325397299171,Segment 0 - High risk
SUB101057,Mumbai,Prepaid,4G Feature,Monthly,28,162.19,1.31,0,0,1,0.0812794394426453,158.19254739843183,Segment 1 - Mass base
SUB102917,Chennai,Postpaid,4G Feature,Monthly,13,235.41,1.18,2,1,1,0.5632760355113297,1591.209738236665,Segment 1 - Mass base
SUB100365,Mumbai,Prepaid,4G Feature,Monthly,8,131.22,3.57,3,0,0,0.3391682560595603,534.0679027216261,Segment 0 - High risk
SUB102763,Bengaluru,Postpaid,4G Smart,Monthly,7,287.45,2.47,0,0,1,0.151181980085124,521.4871221056269,Segment 1 - Mass base
SUB101728,Kolkata,Prepaid,5G Smart,Monthly,56,331.35,22.57,0,0,2,0.1724371091871092,685.6444335497836,Segment 2 - High value
SUB101173,Hyderabad,Prepaid,5G Smart,Monthly,19,299.53,10.46,0,0,1,0.1015881520618362,365.14439024498176,Segment 1 - Mass base
SUB100801,Hyderabad,Prepaid,4G Feature,Monthly,7,139.96,1.19,1,0,1,0.2426378457291501,407.5151146590222,Segment 1 - Mass base
SUB100618,Chennai,Postpaid,5G Smart,Annual,21,335.62,8.15,2,0,1,0.1376466418571682,554.3635912812335,Segment 1 - Mass base
SUB102140,Kolkata,Postpaid,5G Smart,Monthly,10,370.02,16.16,1,1,2,0.5033035991785992,2234.7887732167837,Segment 2 - High value
SUB100601,Hyderabad,Prepaid,4G Smart,Monthly,47,75.0,5.05,0,0,1,0.1425429584505671,128.28866260551038,Segment 1 - Mass base
SUB100124,Mumbai,Prepaid,4G Smart,Monthly,15,192.15,6.18,0,0,1,0.1545585618085618,356.38113181818187,Segment 1 - Mass base
SUB101598,Mumbai,Prepaid,5G Smart,Monthly,38,328.19,11.91,0,0,2,0.0836312636165577,329.363332875817,Segment 2 - High value
SUB102647,Hyderabad,Prepaid,4G Smart,Monthly,72,204.66,7.05,1,0,1,0.0688546453142823,169.10150052025227,Segment 1 - Mass base
SUB100335,Kolkata,Prepaid,4G Smart,Monthly,15,138.72,4.81,0,0,1,0.0747524420024419,124.435905054945,Segment 1 - Mass base
SUB102416,Bengaluru,Prepaid,4G Smart,Monthly,53,152.81,7.285,2,0,1,0.1376699507883719,252.44814215965332,Segment 1 - Mass base
SUB100305,Delhi,Prepaid,5G Smart,Monthly,15,305.73,12.51,1,0,2,0.2187755097827562,802.6348392705847,Segment 2 - High value
SUB100981,Delhi,Postpaid,4G Smart,Annual,17,222.47,5.2,2,0,1,0.1783216638434029,476.0546466629022,Segment 1 - Mass base
SUB102842,Delhi,Prepaid,4G Smart,Monthly,8,254.5,12.35,1,0,1,0.1363133726177204,416.3010399745182,Segment 1 - Mass base
SUB100582,Chennai,Prepaid,4G Smart,Monthly,12,209.08,11.13,0,0,1,0.1871818379191142,469.63174406554094,Segment 1 - Mass base
SUB101617,Hyderabad,Prepaid,5G Smart,Monthly,33,365.31,19.46,0,0,2,0.1166090324495897,511.1813477299156,Segment 2 - High value
SUB101195,Kolkata,Prepaid,5G Smart,Monthly,20,312.6,12.25,0,1,2,0.4535157823657821,1701.2284028105223,Segment 2 - High value
SUB101825,Kolkata,Postpaid,4G Smart,Annual,29,340.69,8.59,0,0,1,0.0796258948947628,325.5329535803609,Segment 1 - Mass base
SUB101880,Chennai,Prepaid,4G Feature,Monthly,47,145.86,2.93,2,1,1,0.526409068328186,921.3843204761906,Segment 1 - Mass base
SUB101982,Mumbai,Postpaid,4G Smart,Monthly,51,223.1,4.03,0,0,1,0.0731416719675233,195.81488419145344,Segment 1 - Mass base
SUB101862,Mumbai,Prepaid,5G Smart,Monthly,11,235.3,15.4,1,0,1,0.3077654335663489,869.0064782179429,Segment 1 - Mass base
SUB101351,Mumbai,Postpaid,4G Smart,Monthly,4,299.3,7.98,1,1,1,0.5565261844636844,1998.8194441197688,Segment 1 - Mass base
SUB100410,Bengaluru,Postpaid,5G Smart,Annual,51,715.9,46.79,6,0,2,0.2197376250913403,1887.721989634686,Segment 2 - High value
SUB100676,Chennai,Prepaid,4G Smart,Monthly,38,123.69,4.44,0,0,1,0.1655803152770229,245.76755035937964,Segment 1 - Mass base
SUB100298,Delhi,Prepaid,4G Feature,Monthly,11,175.73,1.08,0,0,1,0.1160252461181996,244.6693980042146,Segment 1 - Mass base
SUB100926,Hyderabad,Prepaid,4G Feature,Monthly,5,172.62,1.02,0,0,1,0.1845225561223745,382.2274036541316,Segment 1 - Mass base
SUB100023,Bengaluru,Prepaid,5G Smart,Monthly,10,422.08,20.37,0,0,2,0.2020921597379801,1023.5887053864795,Segment 2 - High value
SUB102851,Kolkata,Prepaid,4G Smart,Monthly,30,206.63,8.06,0,0,1,0.0777108909608909,192.6888167909868,Segment 1 - Mass base
SUB100729,Chennai,Prepaid,5G Smart,Monthly,10,298.58,7.32,0,0,1,0.2262825198428646,810.7612172961904,Segment 1 - Mass base
SUB101308,Chennai,Prepaid,4G Smart,Monthly,17,247.22,15.66,0,0,1,0.0918786386027765,272.570844424541,Segment 1 - Mass base
SUB100672,Chennai,Postpaid,4G Feature,Monthly,25,224.59,2.43,2,1,1,0.4518485115102763,1217.7678864011154,Segment 1 - Mass base
SUB101673,Bengaluru,Prepaid,4G Smart,Monthly,26,203.7,12.78,2,0,1,0.1253190235690236,306.3298212121214,Segment 1 - Mass base
SUB101200,Delhi,Postpaid,5G Smart,Annual,12,537.71,25.28,1,0,2,0.093062623188563,600.4884373766668,Segment 2 - High value
SUB103116,Mumbai,Prepaid,4G Feature,Monthly,16,101.63,1.12,0,0,1,0.2059515801760048,251.1703091194484,Segment 1 - Mass base
SUB100294,Delhi,Prepaid,4G Smart,Monthly,14,161.77,11.88,0,0,1,0.1601043586043586,310.80098509712525,Segment 1 - Mass base
SUB100127,Mumbai,Prepaid,4G Smart,Monthly,15,375.34,27.37,0,0,2,0.2073700495912771,934.0112929630797,Segment 2 - High value
SUB102212,Kolkata,Postpaid,4G Smart,Monthly,2,290.04,5.98,5,1,0,0.6652062844562844,2315.2371689244087,Segment 0 - High risk
SUB102953,Delhi,Prepaid,4G Feature,Monthly,17,130.27,1.07,0,0,1,0.149286116036116,233.37002803229808,Segment 1 - Mass base
SUB100693,Bengaluru,Postpaid,4G Smart,Monthly,25,312.0,7.285,0,1,1,0.4490633370041263,1681.2931337434488,Segment 1 - Mass base
SUB100687,Delhi,Postpaid,5G Smart,Annual,38,503.11,22.46,0,0,2,0.1991150701150701,1202.1213951071154,Segment 2 - High value
SUB100818,Delhi,Prepaid,4G Smart,Monthly,26,166.57,12.11,0,1,1,0.6856859738345618,1370.5765519394754,Segment 1 - Mass base
SUB100217,Chennai,Prepaid,4G Feature,Monthly,14,123.9,1.75,0,0,1,0.1588927681251211,236.24176764843008,Segment 1 - Mass base
SUB100153,Mumbai,Prepaid,4G Smart,Monthly,38,178.13,7.49,0,0,1,0.101081553936817,216.06788643318265,Segment 1 - Mass base
SUB102567,Hyderabad,Postpaid,4G Feature,Monthly,15,267.22,1.12,0,1,1,0.4241958319458318,1360.2433225507823,Segment 1 - Mass base
SUB101993,Chennai,Postpaid,5G Smart,Annual,21,410.14,23.48,4,1,0,0.5215507683750716,2566.905985696222,Segment 0 - High risk
SUB102930,Bengaluru,Postpaid,4G Feature,Monthly,42,210.3,1.2,0,0,1,0.1704296578622665,430.0962845812159,Segment 1 - Mass base
SUB102009,Chennai,Prepaid,4G Smart,Monthly,58,153.36,8.61,1,0,1,0.085066859066859,156.55024207792206,Segment 1 - Mass base
SUB100479,Chennai,Postpaid,4G Feature,Annual,55,158.7,1.22,0,0,1,0.0786715267756934,149.82205559163054,Segment 1 - Mass base
SUB101283,Bengaluru,Prepaid,4G Smart,Monthly,29,127.75,3.31,0,0,1,0.2347557281221266,359.8805312112201,Segment 1 - Mass base
SUB101605,Chennai,Prepaid,4G Smart,Monthly,44,217.29,11.19,0,0,1,0.1092988330677009,284.99452124736894,Segment 1 - Mass base
SUB102162,Hyderabad,Postpaid,4G Feature,Annual,35,274.06,2.77,0,0,1,0.0705357142857142,231.9722142857143,Segment 1 - Mass base
SUB101667,Bengaluru,Postpaid,5G Smart,Monthly,27,356.29,9.6,0,0,2,0.1484548877048877,634.7159032844936,Segment 2 - High value
SUB100813,Mumbai,Prepaid,4G Smart,Monthly,15,169.75,4.78,0,1,1,0.4620243829384696,941.1436680456626,Segment 1 - Mass base
SUB100251,Delhi,Postpaid,5G Smart,Monthly,21,309.55,11.23,1,0,2,0.1283141025641025,476.63556538461546,Segment 2 - High value
SUB100844,Chennai,Prepaid,4G Feature,Monthly,36,174.05,0.69,4,0,0,0.2415418590668591,504.4843268470419,Segment 0 - High risk
SUB102973,Mumbai,Prepaid,4G Smart,Monthly,21,257.75,12.08,2,1,1,0.6871362161062706,2125.312316416695,Segment 1 - Mass base
SUB100968,Chennai,Prepaid,5G Smart,Monthly,55,246.06,5.36,1,0,1,0.1109548167015243,327.618506370925,Segment 1 - Mass base
SUB103000,Bengaluru,Postpaid,5G Smart,Annual,23,507.14,17.11,0,0,2,0.0617603494389208,375.8537233734519,Segment 2 - High value
SUB100973,Hyderabad,Prepaid,4G Feature,Monthly,9,172.04,1.76,1,1,1,0.5744598626011669,1185.960897142857,Segment 1 - Mass base
SUB101897,Hyderabad,Postpaid,4G Smart,Annual,14,303.21,7.03,0,0,1,0.0673736124986124,245.1402365484515,Segment 1 - Mass base
SUB100247,Bengaluru,Prepaid,4G Smart,Monthly,20,161.61,8.48,1,0,1,0.1744088181588181,338.23450923175926,Segment 1 - Mass base
SUB103108,Bengaluru,Postpaid,4G Smart,Monthly,31,222.3,4.5,0,0,1,0.063041366041366,168.1691480519481,Segment 1 - Mass base
SUB102218,Kolkata,Prepaid,4G Feature,Monthly,68,120.74,2.5,0,0,1,0.1064693454693454,154.26130526362525,Segment 1 - Mass base
SUB102312,Delhi,Postpaid,4G Feature,Monthly,11,237.09,2.7,0,0,1,0.2500774225774225,711.4902734265733,Segment 1 - Mass base
SUB102464,Hyderabad,Prepaid,5G Smart,Monthly,53,394.59,20.54,0,0,2,0.0749433621933621,354.86281545454534,Segment 2 - High value
SUB102451,Hyderabad,Prepaid,4G Smart,Monthly,36,216.99,8.42,0,0,1,0.0553770211270211,144.19511777222775,Segment 1 - Mass base
SUB101506,Hyderabad,Prepaid,4G Smart,Monthly,7,195.42,8.33,1,0,1,0.226726653733687,531.6830720716455,Segment 1 - Mass base
SUB101346,Bengaluru,Prepaid,5G Smart,Monthly,18,226.95,8.67,1,0,1,0.2700780423280423,735.5305404761905,Segment 1 - Mass base
SUB102553,Mumbai,Prepaid,4G Smart,Monthly,32,145.59,5.47,0,0,1,0.1798981889995154,314.29652803727345,Segment 1 - Mass base
SUB100976,Chennai,Prepaid,4G Smart,Monthly,8,255.54,9.03,0,0,1,0.1979146403784084,606.9012864275819,Segment 1 - Mass base
SUB102302,Chennai,Postpaid,4G Smart,Monthly,29,334.08,12.34,0,0,2,0.1986824194324194,796.5098722077921,Segment 2 - High value
SUB101646,Mumbai,Prepaid,5G Smart,Monthly,12,356.54,13.44,0,0,2,0.1150416015939271,492.2031915875856,Segment 2 - High value
SUB101680,Kolkata,Prepaid,4G Smart,Monthly,8,191.48,6.42,0,1,1,0.455061823509287,1045.6228555866992,Segment 1 - Mass base
SUB102311,Bengaluru,Prepaid,5G Smart,Monthly,13,310.47,16.23,0,1,2,0.5077506755490626,1891.69622685261,Segment 2 - High value
SUB100123,Bengaluru,Postpaid,4G Smart,Monthly,22,281.36,7.2,3,0,0,0.1549102387145865,523.0265371768328,Segment 0 - High risk
SUB101535,Chennai,Prepaid,4G Smart,Monthly,17,227.87,7.26,0,0,1,0.0796158808511749,217.7048492346868,Segment 1 - Mass base
SUB102707,Delhi,Prepaid,5G Smart,Monthly,11,399.65,27.5,1,0,2,0.2163096508611216,1037.377823599767,Segment 2 - High value
SUB102101,Kolkata,Prepaid,4G Smart,Monthly,21,260.43,13.75,0,0,1,0.2141029341029341,669.1059255411255,Segment 1 - Mass base
SUB100870,Delhi,Postpaid,5G Smart,Monthly,18,326.51,11.5,3,0,0,0.2500137603074784,979.5839145359377,Segment 0 - High risk
SUB102612,Hyderabad,Prepaid,5G Smart,Monthly,20,267.61,13.09,0,0,1,0.1509688933544432,484.8094266069908,Segment 1 - Mass base
SUB101031,Bengaluru,Postpaid,4G Smart,Monthly,30,326.23,5.4,3,0,0,0.1051309523809523,411.5624471428571,Segment 0 - High risk
SUB100757,Bengaluru,Postpaid,5G Smart,Monthly,51,435.48,17.4,0,0,2,0.0800110229276895,418.1184031746032,Segment 2 - High value
SUB101999,Chennai,Postpaid,4G Smart,Monthly,5,231.04,7.06,1,0,1,0.0908600176053736,251.90758161054623,Segment 1 - Mass base
SUB101157,Hyderabad,Prepaid,4G Smart,Monthly,7,163.79,10.46,0,0,1,0.1674692516996439,329.15746483061616,Segment 1 - Mass base
SUB102116,Bengaluru,Prepaid,4G Smart,Monthly,21,151.08,4.67,3,0,0,0.3139612542886538,569.1991955751579,Segment 0 - High risk
SUB102417,Bengaluru,Prepaid,5G Smart,Monthly,21,275.58,7.99,2,1,1,0.6080195345590085,2010.6962800052588,Segment 1 - Mass base
SUB100333,Kolkata,Prepaid,5G Smart,Monthly,16,336.05,10.78,0,0,2,0.1692616994340529,682.5647291377618,Segment 2 - High value
SUB101593,Delhi,Prepaid,4G Smart,Monthly,33,189.23,14.17,1,0,1,0.1355413237913238,307.78181641238643,Segment 1 - Mass base
SUB101576,Hyderabad,Postpaid,4G Feature,Monthly,38,294.06,2.67,3,0,0,0.1626206108706108,573.8426019913418,Segment 0 - High risk
SUB102441,Hyderabad,Prepaid,4G Feature,Monthly,29,112.56,2.51,0,0,1,0.1099274172717568,148.48116105730745,Segment 1 - Mass base
SUB100473,Chennai,Prepaid,4G Smart,Monthly,19,167.12,5.59,2,1,1,0.4716288036582155,945.8232680083318,Segment 1 - Mass base
SUB100902,Hyderabad,Prepaid,4G Smart,Monthly,25,183.34,3.61,0,0,1,0.0729877349877349,160.578855991816,Segment 1 - Mass base
SUB100866,Delhi,Prepaid,5G Smart,Monthly,27,284.69,9.76,0,0,1,0.0966767060100393,330.2746972079772,Segment 1 - Mass base
SUB101330,Hyderabad,Prepaid,4G Smart,Monthly,27,134.56,4.52,0,1,1,0.3922302020389302,633.3419518363014,Segment 1 - Mass base
SUB101343,Kolkata,Prepaid,5G Smart,Monthly,24,288.07,9.3,2,0,1,0.1598526489754561,552.5850310843156,Segment 1 - Mass base
SUB100742,Chennai,Postpaid,5G Smart,Annual,20,588.98,33.87,0,0,2,0.0777399744320907,549.4474816921538,Segment 2 - High value
SUB102966,Hyderabad,Prepaid,4G Smart,Monthly,17,257.36,15.82,0,0,2,0.1534239464239463,473.8222422200022,Segment 2 - High value
SUB102810,Chennai,Prepaid,4G Feature,Monthly,19,75.0,3.52,2,0,1,0.1778264564677609,160.04381082098485,Segment 1 - Mass base
SUB103152,Mumbai,Prepaid,4G Feature,Monthly,19,102.13,2.47,0,0,1,0.1774748629265121,217.50609300821628,Segment 1 - Mass base
SUB102197,Bengaluru,Prepaid,4G Smart,Monthly,17,134.39,5.45,0,0,1,0.1357733917704028,218.9590334402932,Segment 1 - Mass base
SUB101629,Chennai,Prepaid,4G Smart,Monthly,6,233.05,15.78,0,0,1,0.2170587073956638,607.0263811027137,Segment 1 - Mass base
SUB102407,Hyderabad,Prepaid,4G Smart,Monthly,8,118.28,5.46,3,0,0,0.3141298608798609,445.8633593384394,Segment 0 - High risk
SUB101150,Mumbai,Prepaid,4G Smart,Monthly,29,282.41,8.97,0,1,1,0.4995035520035522,1692.7775774558786,Segment 1 - Mass base
SUB102604,Hyderabad,Postpaid,4G Feature,Annual,33,270.54,1.69,0,0,1,0.1125611471861471,365.4275131168831,Segment 1 - Mass base
SUB102704,Mumbai,Postpaid,4G Feature,Monthly,23,191.68,1.18,2,1,1,0.4699106576143296,1080.8696982181766,Segment 1 - Mass base
SUB100257,Mumbai,Prepaid,4G Smart,Monthly,16,168.46,2.76,3,1,0,0.7063922241782022,1427.9860090207194,Segment 0 - High risk
SUB100634,Chennai,Postpaid,4G Feature,Annual,18,256.02,2.37,0,0,1,0.0472072170985214,145.03190065876154,Segment 1 - Mass base
SUB102575,Hyderabad,Prepaid,4G Smart,Monthly,10,185.69,5.82,2,1,1,0.5824157494128885,1297.7853661017514,Segment 1 - Mass base
SUB100778,Kolkata,Postpaid,4G Feature,Annual,38,265.96,1.55,0,0,1,0.0693791085457752,221.42481250601244,Segment 1 - Mass base
SUB102531,Hyderabad,Postpaid,4G Smart,Annual,24,188.98,2.78,3,1,0,0.4850016557516554,1099.867354847374,Segment 0 - High risk
SUB102102,Delhi,Prepaid,5G Smart,Monthly,58,285.14,10.5,0,0,1,0.0647120009620009,221.4237594516594,Segment 1 - Mass base
SUB100558,Mumbai,Postpaid,4G Feature,Monthly,20,253.23,1.98,2,0,1,0.1610354963072354,489.3482247585748,Segment 1 - Mass base
SUB102969,Kolkata,Prepaid,5G Smart,Monthly,50,403.31,21.12,4,1,0,0.6340821213387002,3068.7799242853343,Segment 0 - High risk
SUB101986,Bengaluru,Prepaid,4G Feature,Monthly,19,89.55,2.0,4,1,0,0.7191327653827654,772.7800696803197,Segment 0 - High risk
SUB102089,Mumbai,Prepaid,4G Smart,Monthly,7,270.9,12.09,0,0,1,0.1319337247213444,428.89015232414647,Segment 1 - Mass base
SUB100262,Hyderabad,Prepaid,4G Smart,Monthly,72,190.97,9.46,2,0,0,0.1655018933812037,379.2707589481017,Segment 0 - High risk
SUB102132,Hyderabad,Postpaid,4G Feature,Monthly,5,195.5,1.28,2,0,1,0.2324383427030487,545.3003519813523,Segment 1 - Mass base
SUB102577,Mumbai,Prepaid,5G Smart,Monthly,47,454.79,15.49,0,0,2,0.111240565108414,607.0931592678676,Segment 2 - High value
SUB103186,Mumbai,Prepaid,4G Smart,Monthly,51,243.65,10.76,0,1,1,0.541209262959263,1582.3876430402931,Segment 1 - Mass base
SUB101890,Delhi,Prepaid,5G Smart,Monthly,7,264.05,9.98,5,0,0,0.4656100288600287,1475.3319374458872,Segment 0 - High risk
SUB102873,Chennai,Postpaid,4G Smart,Annual,69,328.58,10.46,0,0,2,0.0459833615022294,181.3105550688305,Segment 2 - High value
SUB102079,Chennai,Prepaid,4G Smart,Monthly,27,205.48,14.18,0,1,1,0.4244985746942268,1046.7116055380366,Segment 1 - Mass base
SUB102595,Hyderabad,Prepaid,4G Feature,Monthly,45,191.89,7.285,2,0,1,0.0899315304356924,207.0835365036603,Segment 1 - Mass base
SUB100209,Delhi,Prepaid,4G Smart,Monthly,11,166.46,6.26,0,0,1,0.1628888572441204,325.3737501222754,Segment 1 - Mass base
SUB102856,Hyderabad,Prepaid,4G Smart,Monthly,49,181.39,8.62,1,0,1,0.1182360432188018,257.36203055350154,Segment 1 - Mass base
SUB101914,Bengaluru,Prepaid,4G Smart,Monthly,23,186.79,8.18,1,1,1,0.4969294964294963,1113.8575276567874,Segment 1 - Mass base
SUB101607,Hyderabad,Prepaid,4G Feature,Monthly,13,129.0,2.58,0,1,1,0.4847513614381263,750.3951075062196,Segment 1 - Mass base
SUB101021,Mumbai,Prepaid,4G Feature,Monthly,23,163.05,0.78,0,0,1,0.1904339826839826,372.6031305194805,Segment 1 - Mass base
SUB102855,Hyderabad,Postpaid,5G Smart,Monthly,24,480.42,17.45,2,0,2,0.218919733044733,1262.0810177922076,Segment 2 - High value
SUB101404,Delhi,Prepaid,5G Smart,Monthly,28,397.16,25.12,1,1,2,0.6417829022829025,3058.6859696481306,Segment 2 - High value
SUB102984,Chennai,Prepaid,4G Smart,Monthly,49,178.25,8.3,0,0,1,0.1095270518954729,234.27836400441663,Segment 1 - Mass base
SUB102097,Hyderabad,Postpaid,4G Smart,Monthly,33,313.24,5.26,0,0,1,0.1174380145997793,441.4354043188184,Segment 1 - Mass base
SUB100210,Bengaluru,Prepaid,4G Feature,Monthly,25,149.95,2.92,4,0,0,0.3169880998630998,570.3883868936618,Segment 0 - High risk
SUB100154,Delhi,Postpaid,4G Feature,Monthly,7,269.6,1.93,0,1,1,0.5600549214957852,1811.8896820231644,Segment 1 - Mass base
SUB102473,Kolkata,Prepaid,5G Smart,Monthly,31,267.38,13.49,2,0,2,0.151372137122137,485.6865842846041,Segment 2 - High value
SUB101591,Chennai,Postpaid,4G Feature,Annual,7,179.65,0.83,1,0,1,0.141483164983165,305.0094070707071,Segment 1 - Mass base
SUB101148,Kolkata,Prepaid,4G Smart,Monthly,5,147.86,7.73,0,0,1,0.1450391121641121,257.3457974950274,Segment 1 - Mass base
SUB101968,Delhi,Prepaid,4G Smart,Monthly,26,195.29,8.01,1,0,1,0.1323558201058201,310.1732173015874,Segment 1 - Mass base
SUB101634,Bengaluru,Prepaid,4G Smart,Monthly,7,232.91,7.84,0,1,1,0.5524734394146161,1544.119065288699,Segment 1 - Mass base
SUB102090,Hyderabad,Prepaid,4G Smart,Monthly,32,133.87,10.06,0,0,1,0.0910383597883598,146.2476626984127,Segment 1 - Mass base
SUB100598,Kolkata,Postpaid,5G Smart,Monthly,50,356.92,9.98,1,0,2,0.09633547008547,412.6086717948717,Segment 2 - High value
SUB101932,Bengaluru,Prepaid,4G Smart,Monthly,47,215.72,9.86,4,1,0,0.678589368720948,1756.6235834457948,Segment 0 - High risk
SUB101657,Hyderabad,Prepaid,4G Smart,Monthly,28,324.55,21.32,2,0,2,0.2245701388245472,874.6108626660816,Segment 2 - High value
SUB100681,Chennai,Prepaid,4G Smart,Monthly,40,217.03,8.43,1,0,1,0.2837733170158298,739.0478759033467,Segment 1 - Mass base
SUB101566,Hyderabad,Prepaid,4G Smart,Monthly,24,152.89,6.81,1,1,1,0.450445265343098,826.422919419675,Segment 1 - Mass base
SUB102931,Chennai,Postpaid,4G Smart,Monthly,34,297.19,8.76,0,0,1,0.1343263271815903,479.045294101162,Segment 1 - Mass base
SUB101329,Mumbai,Prepaid,4G Smart,Monthly,70,185.26,5.22,0,0,1,0.0583845001258794,129.79574991984504,Segment 1 - Mass base
SUB102088,Bengaluru,Prepaid,5G Smart,Monthly,18,287.53,14.95,0,0,2,0.1223814233009279,422.2599677005896,Segment 2 - High value
SUB101519,Chennai,Postpaid,4G Smart,Annual,9,360.82,11.0,1,0,2,0.0990010822510822,428.6588459740258,Segment 2 - High value
SUB102272,Delhi,Prepaid,4G Smart,Monthly,13,124.25,6.27,0,0,1,0.0922432604898279,137.5347013903335,Segment 1 - Mass base
SUB100222,Kolkata,Prepaid,4G Smart,Monthly,27,247.35,6.35,0,0,1,0.239706423807817,711.4966071463625,Segment 1 - Mass base
SUB100226,Bengaluru,Prepaid,4G Smart,Monthly,23,256.81,10.87,0,0,1,0.0873569023569023,269.2095131313131,Segment 1 - Mass base
SUB103049,Bengaluru,Prepaid,5G Smart,Monthly,8,425.78,25.29,1,0,2,0.2467248624928662,1260.6061434265512,Segment 2 - High value
SUB103157,Chennai,Prepaid,4G Smart,Monthly,34,192.06,7.285,1,0,1,0.1012551859253696,233.3648521059179,Segment 1 - Mass base
SUB101761,Delhi,Prepaid,4G Feature,Monthly,14,143.37,4.48,1,0,1,0.2092554022815217,360.01136430122136,Segment 1 - Mass base
SUB101361,Chennai,Postpaid,5G Smart,Annual,29,477.18,21.98,0,0,2,0.1170298299584014,670.1315311145997,Segment 2 - High value
SUB102697,Kolkata,Postpaid,4G Feature,Monthly,12,250.96,0.77,2,0,1,0.1579111351611352,475.5525417604621,Segment 1 - Mass base
SUB103159,Bengaluru,Prepaid,4G Smart,Monthly,31,161.0,6.41,2,0,1,0.1400451632951633,270.5672554862556,Segment 1 - Mass base
SUB101493,Mumbai,Prepaid,4G Smart,Monthly,8,241.93,10.82,1,0,1,0.3220515683147261,934.9672310685802,Segment 1 - Mass base
SUB102351,Mumbai,Prepaid,4G Smart,Monthly,11,174.38,8.89,0,0,1,0.0985848459532669,206.2947052479683,Segment 1 - Mass base
SUB102411,Delhi,Postpaid,4G Smart,Monthly,42,269.48,13.09,5,1,0,0.6392639996455788,2067.2263514938877,Segment 0 - High risk
SUB102010,Bengaluru,Prepaid,4G Smart,Monthly,27,187.06,7.285,3,1,0,0.6181072492322492,1387.4777044966145,Segment 0 - High risk
SUB100206,Kolkata,Prepaid,5G Smart,Monthly,28,251.14,7.285,0,0,1,0.061011544011544,183.86926995671,Segment 1 - Mass base
SUB101028,Mumbai,Prepaid,4G Smart,Monthly,17,217.62,5.81,0,0,1,0.0644408554408554,168.28342753246753,Segment 1 - Mass base
SUB102910,Delhi,Prepaid,5G Smart,Monthly,28,406.68,16.71,0,1,2,0.4145257009436576,2022.9517447172,Segment 2 - High value
SUB102815,Delhi,Postpaid,4G Smart,Annual,55,276.87,4.82,2,0,0,0.1089896078580289,362.1114327318296,Segment 0 - High risk
SUB101047,Delhi,Prepaid,4G Smart,Monthly,11,178.81,3.58,0,0,1,0.0565283844081093,121.29408499216844,Segment 1 - Mass base
SUB100694,Kolkata,Prepaid,5G Smart,Monthly,52,389.73,23.38,1,1,2,0.5250038957955627,2455.317219700856,Segment 2 - High value
SUB102667,Kolkata,Postpaid,4G Feature,Monthly,25,238.67,2.26,0,0,1,0.1187775432628373,340.1836350064968,Segment 1 - Mass base
SUB102497,Mumbai,Postpaid,4G Feature,Monthly,19,208.35,1.89,0,1,1,0.575061355311355,1437.7684005494498,Segment 1 - Mass base
SUB101187,Delhi,Postpaid,4G Feature,Monthly,7,269.4,7.285,0,0,1,0.1274464794464794,412.0089787545786,Segment 1 - Mass base
SUB101370,Kolkata,Prepaid,4G Smart,Monthly,9,121.84,7.04,2,1,1,0.6627362079378208,968.9733549017292,Segment 1 - Mass base
SUB101908,Kolkata,Prepaid,4G Smart,Monthly,11,281.07,13.68,0,0,2,0.1610905656647182,543.3327034965881,Segment 2 - High value
SUB100017,Hyderabad,Prepaid,4G Smart,Monthly,15,101.76,6.49,0,0,1,0.1573734462418672,192.1718626748689,Segment 1 - Mass base
SUB102206,Chennai,Prepaid,5G Smart,Monthly,26,289.03,11.03,0,0,1,0.0739185429076733,256.3761174792578,Segment 1 - Mass base
SUB103187,Chennai,Prepaid,4G Feature,Monthly,42,75.0,2.63,2,1,1,0.5617509527509528,505.5758574758575,Segment 1 - Mass base
SUB101677,Hyderabad,Prepaid,4G Smart,Monthly,29,202.61,8.31,3,1,0,0.5814566729566732,1413.7072380930188,Segment 0 - High risk
SUB101185,Mumbai,Prepaid,4G Smart,Monthly,17,115.19,6.7,1,0,1,0.1993955889118933,275.6205346411318,Segment 1 - Mass base
SUB100657,Mumbai,Prepaid,4G Smart,Monthly,16,152.67,8.72,1,1,1,0.5755619524129959,1054.4525192987048,Segment 1 - Mass base
SUB101572,Bengaluru,Prepaid,5G Smart,Monthly,12,301.94,16.49,0,0,2,0.2496488277011533,904.5476044330348,Segment 2 - High value
SUB101738,Delhi,Prepaid,4G Smart,Monthly,7,82.39,3.42,2,1,1,0.7443883659085065,735.9618896064223,Segment 1 - Mass base
SUB101420,Chennai,Prepaid,5G Smart,Monthly,22,365.42,16.07,5,0,0,0.4079137341153467,1788.7180406451605,Segment 0 - High risk
SUB100400,Chennai,Postpaid,5G Smart,Monthly,3,440.55,13.48,1,0,2,0.2017197432197432,1066.4115945054948,Segment 2 - High value
SUB100619,Delhi,Prepaid,4G Smart,Monthly,30,175.5,3.14,0,0,1,0.0730309802283486,153.80324436090223,Segment 1 - Mass base
SUB100509,Mumbai,Postpaid,4G Smart,Annual,39,324.0,9.44,1,0,2,0.086207547082547,335.174943056943,Segment 2 - High value
SUB103173,Bengaluru,Postpaid,4G Smart,Annual,22,314.52,6.75,0,0,1,0.0304376163289206,114.8788690532656,Segment 1 - Mass base
SUB100868,Hyderabad,Prepaid,4G Smart,Monthly,9,152.2,8.49,1,0,1,0.2820510066565054,515.1379585574416,Segment 1 - Mass base
SUB100887,Delhi,Prepaid,4G Smart,Monthly,11,188.13,4.68,0,0,1,0.0847650676594985,191.3622261453774,Segment 1 - Mass base
SUB102111,Kolkata,Postpaid,5G Smart,Annual,5,393.17,17.95,0,0,2,0.0523875661375661,247.16663253968255,Segment 2 - High value
SUB100600,Bengaluru,Postpaid,4G Smart,Monthly,9,288.45,7.285,0,0,1,0.1928625834662986,667.574546410246,Segment 1 - Mass base
SUB102278,Kolkata,Prepaid,4G Smart,Monthly,39,158.95,6.04,0,0,1,0.0962552773736984,183.5973160625923,Segment 1 - Mass base
SUB100458,Kolkata,Prepaid,4G Smart,Monthly,9,195.71,6.28,1,0,1,0.2043949013949014,480.02551382395393,Segment 1 - Mass base
SUB102769,Kolkata,Postpaid,4G Smart,Annual,12,255.71,4.39,0,0,1,0.05534666210982,169.83233961722487,Segment 1 - Mass base
SUB101118,Kolkata,Prepaid,5G Smart,Monthly,33,274.03,11.07,1,0,1,0.1272697395197395,418.5087206471305,Segment 1 - Mass base
SUB100871,Mumbai,Prepaid,4G Smart,Monthly,44,196.18,6.86,0,0,1,0.0625756056808688,147.3129878696742,Segment 1 - Mass base
SUB100791,Mumbai,Postpaid,4G Feature,Monthly,28,281.32,2.38,0,0,1,0.1429499564367718,482.5761809375119,Segment 1 - Mass base
SUB100955,Hyderabad,Postpaid,4G Smart,Annual,13,223.52,7.69,1,0,1,0.1716385080968415,460.3756719576722,Segment 1 - Mass base
SUB100651,Delhi,Prepaid,4G Smart,Monthly,49,252.28,8.53,0,1,1,0.5371194619386488,1626.0539742945878,Segment 1 - Mass base
SUB100734,Hyderabad,Postpaid,5G Smart,Annual,7,421.07,15.87,0,0,2,0.1310357142857143,662.1024985714287,Segment 2 - High value
SUB103011,Chennai,Postpaid,5G Smart,Monthly,35,389.9,12.28,1,0,2,0.1464837569837569,685.368202175602,Segment 2 - High value
SUB100380,Mumbai,Prepaid,4G Smart,Monthly,38,224.28,12.49,0,0,1,0.1101719599408278,296.5124061063465,Segment 1 - Mass base
SUB102576,Mumbai,Prepaid,4G Smart,Monthly,22,151.6,4.83,2,1,1,0.6930629800482745,1260.8201733038209,Segment 1 - Mass base
SUB100957,Hyderabad,Prepaid,4G Smart,Monthly,28,224.8,6.16,0,0,1,0.0600944749694749,162.11085567765568,Segment 1 - Mass base
SUB100172,Kolkata,Prepaid,4G Feature,Monthly,20,85.94,1.09,1,0,1,0.2261813528765142,233.2563055944917,Segment 1 - Mass base
SUB101945,Hyderabad,Postpaid,5G Smart,Monthly,66,474.5,19.32,3,0,2,0.1000772375772375,569.8397907647908,Segment 2 - High value
SUB100660,Bengaluru,Prepaid,5G Smart,Monthly,20,209.72,8.56,1,1,1,0.5975632532361256,1503.8515856241631,Segment 1 - Mass base
SUB102121,Bengaluru,Postpaid,5G Smart,Annual,32,468.45,24.7,0,0,2,0.0327994399780113,184.37877189239325,Segment 2 - High value
SUB101095,Mumbai,Postpaid,4G Feature,Annual,20,197.47,1.79,0,0,1,0.0221706349206349,52.53642333333333,Segment 1 - Mass base
SUB102622,Hyderabad,Prepaid,4G Smart,Monthly,15,195.68,7.77,1,0,1,0.1620998477277676,380.6363784404349,Segment 1 - Mass base
SUB102220,Mumbai,Prepaid,4G Smart,Monthly,33,192.41,7.93,1,0,1,0.0786984126984126,181.70833904761892,Segment 1 - Mass base
SUB100643,Bengaluru,Prepaid,4G Smart,Monthly,21,220.38,9.91,1,1,1,0.555207815332815,1468.2803801165494,Segment 1 - Mass base
SUB100169,Chennai,Prepaid,4G Smart,Monthly,12,222.93,7.37,1,0,1,0.229995223005027,615.2740207741282,Segment 1 - Mass base
SUB101518,Hyderabad,Postpaid,4G Smart,Annual,22,256.5,5.35,0,0,1,0.0957573613986657,294.7411583850932,Segment 1 - Mass base
SUB101801,Delhi,Postpaid,4G Smart,Annual,39,319.64,7.31,0,0,1,0.0718606578606578,275.63448814296817,Segment 1 - Mass base
SUB102298,Mumbai,Prepaid,4G Smart,Monthly,12,146.1,7.28,0,1,1,0.4644502860687071,814.2742415356572,Segment 1 - Mass base
SUB101918,Mumbai,Postpaid,4G Feature,Monthly,24,222.74,1.94,1,0,1,0.2102974832185359,562.0999369451604,Segment 1 - Mass base
SUB100273,Bengaluru,Prepaid,4G Smart,Monthly,19,196.33,6.43,0,1,1,0.4152744986494986,978.3701078382728,Segment 1 - Mass base
SUB101216,Mumbai,Prepaid,5G Smart,Monthly,13,582.97,35.59,1,0,2,0.1850890371668236,1294.816271965718,Segment 2 - High value
SUB101119,Chennai,Prepaid,4G Feature,Monthly,17,92.52,1.53,0,1,1,0.487297788955684,541.0174972101586,Segment 1 - Mass base
SUB102645,Hyderabad,Prepaid,4G Feature,Monthly,2,145.2,2.21,1,0,1,0.2124015543635108,370.0884683229812,Segment 1 - Mass base
SUB102857,Bengaluru,Postpaid,4G Smart,Monthly,14,241.71,7.95,1,0,1,0.1106418831810439,320.91899500428167,Segment 1 - Mass base
SUB101067,Bengaluru,Prepaid,4G Smart,Monthly,18,163.72,3.59,0,0,1,0.1393626672891378,273.79747066293186,Segment 1 - Mass base
SUB102105,Mumbai,Postpaid,4G Feature,Annual,24,289.06,1.28,0,1,1,0.5068967125925332,1758.2827649039718,Segment 1 - Mass base
SUB102395,Bengaluru,Prepaid,4G Smart,Monthly,46,253.13,13.52,1,1,2,0.3773215673215672,1146.1369000332998,Segment 2 - High value
SUB102469,Kolkata,Postpaid,5G Smart,Monthly,15,340.65,9.55,1,0,2,0.0781414326414326,319.4265483516484,Segment 2 - High value
SUB101913,Kolkata,Postpaid,4G Smart,Annual,14,276.57,6.65,7,1,0,0.6542603415103416,2171.385391818182,Segment 0 - High risk
SUB100039,Delhi,Prepaid,5G Smart,Monthly,24,466.93,26.0,2,0,2,0.3030661027568923,1698.1278643233088,Segment 2 - High value
SUB100307,Mumbai,Prepaid,5G Smart,Monthly,13,308.85,13.87,1,1,2,0.5821524085076717,2157.573256411133,Segment 2 - High value
SUB100007,Delhi,Prepaid,4G Smart,Monthly,18,195.33,6.34,2,0,1,0.1793456810074457,420.3791024542125,Segment 1 - Mass base
SUB100782,Bengaluru,Postpaid,4G Smart,Monthly,19,265.34,4.0,0,0,1,0.1073353997367154,341.764499593681,Segment 1 - Mass base
SUB101191,Bengaluru,Prepaid,4G Feature,Monthly,27,133.27,1.85,2,0,1,0.2157246848190245,344.9955449499768,Segment 1 - Mass base
SUB100535,Mumbai,Postpaid,4G Smart,Monthly,5,309.24,11.99,0,0,2,0.1456426351426351,540.4623418981017,Segment 2 - High value
SUB100584,Chennai,Prepaid,4G Feature,Monthly,15,164.51,1.93,1,0,1,0.2708214269390741,534.6339953489648,Segment 1 - Mass base
SUB101541,Delhi,Postpaid,4G Smart,Annual,22,297.01,7.285,0,0,1,0.1057829485329485,377.02312252525246,Segment 1 - Mass base
SUB103135,Delhi,Prepaid,4G Feature,Monthly,14,103.49,1.28,0,0,1,0.1818664886801559,225.85635496211208,Segment 1 - Mass base
SUB102706,Chennai,Postpaid,4G Smart,Monthly,12,315.85,13.86,0,0,2,0.1001701466175149,379.6648897097053,Segment 2 - High value
SUB102934,Delhi,Prepaid,4G Feature,Monthly,30,132.98,1.67,0,1,1,0.4877122098504686,778.2716359909837,Segment 1 - Mass base
SUB102357,Hyderabad,Postpaid,5G Smart,Annual,44,386.71,10.13,1,0,2,0.086552429052429,401.648278066378,Segment 2 - High value
SUB100317,Delhi,Prepaid,4G Smart,Monthly,10,141.06,4.95,1,1,1,0.6854287371243893,1160.2389319051963,Segment 1 - Mass base
SUB102198,Bengaluru,Prepaid,4G Feature,Monthly,44,160.24,2.96,2,0,1,0.2208456288076887,424.65964272172863,Segment 1 - Mass base
SUB101795,Kolkata,Postpaid,5G Smart,Annual,28,329.06,6.17,0,0,1,0.0276998556998557,109.3789741991342,Segment 1 - Mass base
SUB102321,Kolkata,Prepaid,5G Smart,Monthly,36,381.37,16.46,0,0,2,0.1882615391854522,861.5676383898713,Segment 2 - High value
SUB100272,Kolkata,Postpaid,4G Smart,Annual,39,273.03,7.44,0,0,1,0.0686794149041651,225.0184878154106,Segment 1 - Mass base
SUB100549,Delhi,Postpaid,4G Smart,Annual,22,314.63,15.5,1,1,2,0.5092184574684574,1922.584839279609,Segment 2 - High value
SUB101693,Mumbai,Postpaid,4G Feature,Annual,29,274.21,4.21,0,0,1,0.0446118233618233,146.796097008547,Segment 1 - Mass base
SUB101720,Chennai,Prepaid,4G Smart,Monthly,26,174.72,5.99,6,0,0,0.3587819865319864,752.2366642424241,Segment 0 - High risk
SUB102945,Hyderabad,Prepaid,4G Smart,Monthly,39,157.89,4.94,0,0,1,0.0589526272947325,111.69636388278388,Segment 1 - Mass base
SUB102955,Hyderabad,Postpaid,4G Smart,Monthly,40,236.02,9.76,3,0,0,0.0953125010366389,269.9478779360103,Segment 0 - High risk
SUB100599,Kolkata,Postpaid,4G Smart,Monthly,34,257.36,4.56,6,0,0,0.2814324387509247,869.1534292432559,Segment 0 - High risk
SUB101690,Bengaluru,Prepaid,5G Smart,Monthly,18,328.6,18.07,2,1,2,0.3786552429052428,1493.1133538239535,Segment 2 - High value
SUB100895,Bengaluru,Prepaid,4G Feature,Monthly,4,195.58,2.9,1,0,1,0.2248200745738293,527.6437222217944,Segment 1 - Mass base
SUB102788,Mumbai,Prepaid,5G Smart,Monthly,31,466.23,35.42,1,0,2,0.1415585155585155,791.9859205061605,Segment 2 - High value
SUB101776,Chennai,Prepaid,4G Feature,Monthly,22,172.7,3.74,1,0,1,0.1228977596477596,254.6933170940171,Segment 1 - Mass base
SUB100571,Hyderabad,Prepaid,4G Smart,Monthly,6,170.39,13.83,2,1,1,0.5253783810878132,1074.2306682426297,Segment 1 - Mass base
SUB102000,Chennai,Prepaid,4G Feature,Monthly,28,154.45,3.49,2,1,1,0.5729837292337292,1061.9680437617935,Segment 1 - Mass base
SUB102123,Chennai,Postpaid,5G Smart,Monthly,1,560.99,25.77,2,1,2,0.530976356976357,3574.469118001998,Segment 2 - High value
SUB100062,Mumbai,Postpaid,4G Smart,Annual,19,291.43,11.3,1,0,1,0.1027753296086629,359.42177169423167,Segment 1 - Mass base
SUB101248,Chennai,Postpaid,5G Smart,Annual,10,541.61,24.91,0,0,2,0.1132414609200323,735.9924917867845,Segment 2 - High value
SUB101260,Chennai,Postpaid,4G Feature,Annual,35,187.62,1.68,3,1,0,0.4953871689957216,1115.3344877637276,Segment 0 - High risk
SUB100810,Delhi,Prepaid,4G Smart,Monthly,19,173.55,4.8,2,0,1,0.20969088871105,436.7022448296329,Segment 1 - Mass base
SUB102293,Delhi,Postpaid,5G Smart,Annual,33,549.82,31.78,0,0,2,0.0765355669115067,504.9694247914159,Segment 2 - High value
SUB101050,Chennai,Postpaid,4G Smart,Monthly,25,364.6,14.88,1,1,2,0.5483255078255076,2399.033761838161,Segment 2 - High value
SUB102608,Hyderabad,Prepaid,4G Smart,Monthly,1,190.79,11.05,2,1,1,0.6889879765375294,1577.424192523143,Segment 1 - Mass base
SUB100108,Chennai,Prepaid,4G Smart,Monthly,8,216.77,7.285,0,0,1,0.1750312985204289,455.2984149632806,Segment 1 - Mass base
SUB102154,Chennai,Postpaid,4G Smart,Monthly,29,453.92,7.285,4,0,0,0.1975941558441558,1076.303270649351,Segment 0 - High risk
SUB100674,Bengaluru,Prepaid,4G Feature,Monthly,23,138.2,4.4,0,0,1,0.1407005170755171,233.3377375180376,Segment 1 - Mass base
SUB100666,Chennai,Prepaid,4G Smart,Monthly,8,196.38,4.07,1,0,1,0.2608080196066129,614.6097466841597,Segment 1 - Mass base
SUB100510,Kolkata,Postpaid,4G Smart,Annual,18,236.9,6.86,1,0,1,0.0656382023835584,186.59628173597983,Segment 1 - Mass base
SUB102180,Bengaluru,Prepaid,4G Smart,Monthly,29,226.95,6.69,1,1,1,0.6548868453314859,1783.5188345757688,Segment 1 - Mass base
SUB101641,Mumbai,Prepaid,5G Smart,Monthly,10,340.54,17.73,1,1,2,0.5585120306424654,2282.3482429798223,Segment 2 - High value
SUB102821,Mumbai,Postpaid,4G Smart,Monthly,16,351.34,10.59,1,0,2,0.130811642061642,551.5123478632477,Segment 2 - High value
SUB101533,Delhi,Postpaid,4G Smart,Monthly,12,293.61,3.28,1,1,1,0.641805671424092,2261.286758241932,Segment 1 - Mass base
SUB100867,Delhi,Prepaid,4G Smart,Monthly,24,139.38,6.21,3,0,0,0.2399873647634841,401.39326680881305,Segment 0 - High risk
SUB101856,Chennai,Postpaid,4G Smart,Annual,27,347.75,12.46,0,0,2,0.0826701963613728,344.9827294160089,Segment 2 - High value
SUB101737,Bengaluru,Prepaid,4G Feature,Monthly,15,150.23,1.48,0,0,1,0.1971780071780072,355.46462422022427,Segment 1 - Mass base
SUB101061,Delhi,Postpaid,5G Smart,Monthly,17,508.06,21.07,0,0,2,0.1678113500047711,1023.0988138010882,Segment 2 - High value
SUB103014,Bengaluru,Postpaid,4G Feature,Annual,16,163.23,0.82,0,0,1,0.1405497134038801,275.30315662698416,Segment 1 - Mass base
SUB102106,Hyderabad,Prepaid,4G Smart,Monthly,47,208.63,8.18,4,1,0,0.6038046041648985,1511.661054803073,Segment 0 - High risk
SUB102916,Hyderabad,Prepaid,4G Smart,Monthly,12,236.76,4.21,0,0,1,0.272268844910854,773.5484606531256,Segment 1 - Mass base
SUB101974,Delhi,Postpaid,4G Smart,Monthly,17,250.18,4.23,0,1,1,0.5105941487706196,1532.8853296732034,Segment 1 - Mass base
SUB100590,Bengaluru,Postpaid,4G Feature,Monthly,48,255.23,3.42,1,0,1,0.1431924725314818,438.56417717052113,Segment 1 - Mass base
SUB102658,Kolkata,Prepaid,4G Smart,Monthly,48,140.56,5.44,0,0,1,0.0687723723644776,115.9997359146117,Segment 1 - Mass base
SUB102789,Bengaluru,Postpaid,5G Smart,Monthly,36,365.62,8.26,1,0,2,0.1716667142149598,753.1774086152834,Segment 2 - High value
SUB100087,Delhi,Postpaid,4G Smart,Monthly,19,289.89,9.63,0,0,1,0.0734554267639373,255.5279239751737,Segment 1 - Mass base
SUB103084,Chennai,Postpaid,4G Smart,Monthly,12,283.76,5.51,1,0,1,0.1841573056573057,627.0777246398047,Segment 1 - Mass base
SUB100772,Mumbai,Prepaid,5G Smart,Monthly,14,202.95,7.16,0,0,1,0.2347205766942609,571.638492481203,Segment 1 - Mass base
SUB102532,Chennai,Prepaid,4G Smart,Monthly,28,127.23,4.8,0,0,1,0.0724101565067989,110.55293054832038,Segment 1 - Mass base
SUB101250,Bengaluru,Prepaid,4G Feature,Monthly,11,101.58,1.68,0,1,1,0.6772427976506925,825.5318806242881,Segment 1 - Mass base
SUB100709,Chennai,Prepaid,5G Smart,Monthly,33,545.35,37.27,1,0,2,0.1624574684574685,1063.1541650793654,Segment 2 - High value
SUB102555,Mumbai,Prepaid,5G Smart,Monthly,8,344.1,9.75,3,1,0,0.7009388880176655,2894.3168564025445,Segment 0 - High risk
SUB101861,Hyderabad,Prepaid,4G Smart,Monthly,8,336.77,29.05,3,1,2,0.6561753694433646,2651.762150009303,Segment 2 - High value
SUB102129,Delhi,Prepaid,4G Smart,Monthly,7,135.97,5.53,1,1,1,0.6734120805664925,1098.766087135512,Segment 1 - Mass base
SUB103058,Hyderabad,Prepaid,4G Smart,Monthly,26,231.02,11.8,2,1,1,0.60227630946052,1669.6544761388325,Segment 1 - Mass base
SUB100419,Mumbai,Postpaid,4G Smart,Annual,8,234.2,8.01,1,0,1,0.14883117753706,418.2751413501534,Segment 1 - Mass base
SUB101462,Kolkata,Prepaid,4G Feature,Monthly,20,191.5,1.18,0,0,1,0.1291024782069407,296.67749491954976,Segment 1 - Mass base
SUB101485,Mumbai,Prepaid,4G Feature,Monthly,16,106.36,2.13,0,0,1,0.1759838029797984,224.61164741917628,Segment 1 - Mass base
SUB102956,Bengaluru,Prepaid,4G Smart,Monthly,11,206.36,7.03,0,0,1,0.1869645196851079,462.9839793866265,Segment 1 - Mass base
SUB103071,Hyderabad,Prepaid,4G Smart,Monthly,19,238.14,8.0,0,1,1,0.5419248292270737,1548.647745985624,Segment 1 - Mass base
SUB100852,Mumbai,Prepaid,4G Smart,Monthly,18,188.8,7.59,0,0,1,0.1060233573507567,240.20651841387445,Segment 1 - Mass base
SUB101005,Kolkata,Postpaid,4G Smart,Annual,31,264.76,7.285,0,0,1,0.0163684463684463,52.00451832611833,Segment 1 - Mass base
SUB101997,Bengaluru,Prepaid,4G Feature,Monthly,16,92.32,1.7,0,0,1,0.2732708384380212,302.74036565517736,Segment 1 - Mass base
SUB101835,Mumbai,Postpaid,5G Smart,Annual,18,383.55,11.14,7,1,0,0.711179873331576,3273.2764849959112,Segment 0 - High risk
SUB102563,Delhi,Prepaid,4G Smart,Monthly,15,174.81,10.77,0,0,1,0.1515132028465361,317.8322758752358,Segment 1 - Mass base
SUB100437,Chennai,Prepaid,4G Smart,Monthly,7,252.22,9.32,2,0,1,0.2387466910931824,722.6002851302696,Segment 1 - Mass base
SUB101317,Delhi,Postpaid,4G Smart,Annual,10,328.75,6.99,0,0,1,0.0233960469355206,92.29740516062886,Segment 1 - Mass base
SUB101624,Hyderabad,Prepaid,5G Smart,Monthly,6,489.76,31.06,1,1,2,0.4432046240161229,2604.7667598976363,Segment 2 - High value
SUB101481,Delhi,Prepaid,4G Smart,Monthly,6,140.73,7.285,0,0,1,0.1733178665135186,292.69228025336974,Segment 1 - Mass base
SUB101649,Mumbai,Prepaid,4G Smart,Monthly,17,205.93,8.1,3,1,0,0.6421922290672293,1586.9597487817746,Segment 0 - High risk
SUB101004,Mumbai,Postpaid,4G Smart,Annual,18,172.17,5.13,0,0,1,0.0774656084656084,160.04704571428564,Segment 1 - Mass base
SUB101279,Chennai,Prepaid,4G Smart,Monthly,37,152.89,3.19,0,0,1,0.0721426258926258,132.35863287268288,Segment 1 - Mass base
SUB101824,Mumbai,Postpaid,4G Smart,Monthly,48,350.26,11.88,0,0,2,0.0967303992303992,406.5694756132757,Segment 2 - High value
SUB102591,Kolkata,Postpaid,5G Smart,Annual,72,652.28,31.0,0,0,2,0.0745670724430122,583.6633201575366,Segment 2 - High value
SUB103073,Bengaluru,Prepaid,5G Smart,Monthly,31,345.99,14.39,0,0,2,0.098495120918508,408.9399226391352,Segment 2 - High value
SUB101837,Kolkata,Prepaid,5G Smart,Monthly,27,304.77,9.93,1,0,1,0.1778780997105559,650.5429013854335,Segment 1 - Mass base
SUB103029,Delhi,Prepaid,5G Smart,Monthly,20,295.97,19.75,0,0,2,0.1403143345445977,498.3460031419752,Segment 2 - High value
SUB102353,Mumbai,Postpaid,4G Smart,Monthly,12,313.02,13.03,1,0,2,0.1388501312141018,521.554416871658,Segment 2 - High value
SUB102283,Chennai,Postpaid,4G Feature,Annual,25,256.69,3.13,0,0,1,0.0433544973544973,133.5439911111111,Segment 1 - Mass base
SUB101547,Kolkata,Prepaid,4G Smart,Monthly,20,176.0,6.66,0,0,1,0.1235607169205172,260.9602341361325,Segment 1 - Mass base
SUB100336,Delhi,Prepaid,4G Smart,Monthly,4,235.26,5.88,0,0,1,0.1331952965177602,376.0263055052193,Segment 1 - Mass base
SUB100089,Chennai,Prepaid,4G Smart,Monthly,16,185.21,6.37,1,0,1,0.1977015383971905,439.395623118524,Segment 1 - Mass base
SUB100875,Delhi,Postpaid,4G Smart,Monthly,27,373.62,14.48,4,1,0,0.5518395308395305,2474.139426147185,Segment 0 - High risk
SUB102804,Bengaluru,Prepaid,4G Smart,Monthly,23,139.75,3.56,1,1,1,0.5872928825028254,984.8901639572382,Segment 1 - Mass base
SUB100544,Hyderabad,Postpaid,5G Smart,Monthly,30,426.84,10.56,1,0,2,0.0691500074000073,354.19186990342985,Segment 2 - High value
SUB101242,Bengaluru,Prepaid,5G Smart,Monthly,28,316.0,12.54,0,0,2,0.0642145056090068,243.5014052693541,Segment 2 - High value
SUB101881,Mumbai,Prepaid,4G Smart,Monthly,18,111.76,7.14,0,1,1,0.4471102693602695,599.6285244444446,Segment 1 - Mass base
SUB103081,Mumbai,Prepaid,4G Feature,Monthly,20,107.56,1.3,0,0,1,0.2628645496145496,339.28453147849143,Segment 1 - Mass base
SUB102657,Kolkata,Prepaid,4G Smart,Monthly,7,194.96,7.77,0,0,1,0.174463504088504,408.1608570851371,Segment 1 - Mass base
SUB102270,Hyderabad,Prepaid,5G Smart,Monthly,31,347.78,13.02,1,0,2,0.1835106644100897,765.8560664224922,Segment 2 - High value
SUB100320,Bengaluru,Prepaid,4G Feature,Monthly,64,201.3,4.74,0,0,1,0.0498449975949976,120.4055761904762,Segment 1 - Mass base
SUB100520,Kolkata,Postpaid,5G Smart,Annual,23,367.06,11.13,0,0,2,0.1394600363404712,614.2824112696003,Segment 2 - High value
SUB102990,Delhi,Prepaid,4G Smart,Monthly,37,151.21,4.71,0,0,1,0.1458446041975453,264.63795120853007,Segment 1 - Mass base
SUB100879,Mumbai,Postpaid,4G Smart,Monthly,19,225.51,4.22,0,0,1,0.097549543049543,263.98076943722936,Segment 1 - Mass base
SUB100826,Hyderabad,Postpaid,4G Smart,Annual,14,311.11,14.34,2,0,2,0.1063373015873015,396.9911747619048,Segment 2 - High value
SUB101291,Delhi,Prepaid,5G Smart,Monthly,37,301.17,8.65,0,0,1,0.1123075502928444,405.8839790603515,Segment 1 - Mass base
SUB102742,Hyderabad,Postpaid,5G Smart,Monthly,13,375.75,10.3,2,0,2,0.1261780587833219,568.9368670539988,Segment 2 - High value
SUB102785,Delhi,Postpaid,4G Smart,Monthly,17,213.67,4.58,0,1,1,0.5441028786028786,1395.101544852925,Segment 1 - Mass base
SUB100139,Bengaluru,Prepaid,4G Feature,Monthly,23,111.51,2.56,0,1,1,0.5228092136621549,699.5814649856028,Segment 1 - Mass base
SUB100164,Bengaluru,Prepaid,4G Smart,Monthly,23,199.29,7.32,0,0,1,0.0995419672919672,238.0526239393939,Segment 1 - Mass base
SUB101619,Hyderabad,Prepaid,4G Feature,Monthly,33,157.92,1.84,0,0,1,0.1661229849055936,314.80970131549606,Segment 1 - Mass base
SUB103017,Bengaluru,Prepaid,5G Smart,Monthly,17,448.52,25.02,1,0,2,0.2055598098127589,1106.3722307666235,Segment 2 - High value
SUB101792,Bengaluru,Prepaid,4G Smart,Monthly,46,263.38,9.79,0,0,1,0.0816033436705986,257.91226387154734,Segment 1 - Mass base
SUB101046,Hyderabad,Prepaid,4G Feature,Monthly,23,110.95,3.08,5,1,0,0.7169498556998556,954.5470378787876,Segment 0 - High risk
SUB100961,Delhi,Postpaid,4G Smart,Monthly,10,367.72,11.37,3,1,0,0.4758536692775822,2099.7709352010306,Segment 0 - High risk
SUB101751,Hyderabad,Postpaid,4G Smart,Monthly,18,302.07,5.67,2,1,1,0.5767646084475316,2090.67942328495,Segment 1 - Mass base
SUB102744,Bengaluru,Prepaid,4G Feature,Monthly,16,111.83,1.75,4,0,0,0.381852129868434,512.4302841982437,Segment 0 - High risk
SUB102948,Delhi,Postpaid,4G Smart,Annual,21,234.9,8.04,0,0,1,0.1207236971436055,340.2959575083954,Segment 1 - Mass base
SUB101505,Bengaluru,Postpaid,4G Smart,Annual,17,307.63,5.72,0,0,1,0.1455395622895623,537.2680265656566,Segment 1 - Mass base
SUB102952,Chennai,Postpaid,5G Smart,Annual,5,485.48,14.21,0,0,2,0.0853648351951094,497.31504228626056,Segment 2 - High value
SUB103153,Mumbai,Prepaid,5G Smart,Monthly,9,293.2,14.92,0,0,2,0.1267121424327306,445.8240019353196,Segment 2 - High value
SUB101060,Hyderabad,Prepaid,4G Smart,Monthly,20,183.25,5.63,0,0,1,0.1661214494317942,365.3010673005155,Segment 1 - Mass base
SUB102907,Bengaluru,Prepaid,4G Smart,Monthly,21,190.78,10.31,1,0,1,0.2099411218813392,480.63080679026274,Segment 1 - Mass base
SUB100656,Chennai,Prepaid,5G Smart,Monthly,28,362.1,17.26,0,0,2,0.080329365079365,349.0471571428572,Segment 2 - High value
SUB102065,Bengaluru,Prepaid,4G Feature,Monthly,19,176.05,1.95,1,0,1,0.2873364179393591,607.0269165386902,Segment 1 - Mass base
SUB102559,Delhi,Prepaid,4G Feature,Monthly,38,205.75,2.24,1,0,1,0.1265670345670345,312.4940083460084,Segment 1 - Mass base
SUB100138,Bengaluru,Prepaid,5G Smart,Monthly,9,388.75,20.52,0,0,2,0.2187495897821984,1020.4668363339558,Segment 2 - High value
SUB103062,Chennai,Prepaid,4G Smart,Monthly,24,180.57,4.25,0,0,1,0.1285127323656735,278.466528999236,Segment 1 - Mass base
SUB101977,Chennai,Postpaid,4G Smart,Monthly,42,287.78,13.13,0,0,1,0.0955994733236112,330.13939719682617,Segment 1 - Mass base
SUB101582,Delhi,Prepaid,4G Smart,Monthly,40,158.31,6.73,0,0,1,0.1103618773427303,209.65666562553167,Segment 1 - Mass base
SUB100698,Delhi,Postpaid,4G Smart,Monthly,14,205.42,5.21,0,0,1,0.2865129105643812,706.2657850576222,Segment 1 - Mass base
SUB101098,Kolkata,Postpaid,4G Smart,Monthly,27,273.34,6.04,1,1,1,0.539892298490983,1770.889930434303,Segment 1 - Mass base
SUB102435,Bengaluru,Prepaid,5G Smart,Monthly,6,418.84,10.58,0,0,2,0.1098496390381538,552.1130737768842,Segment 2 - High value
SUB103169,Bengaluru,Postpaid,5G Smart,Annual,6,403.5,12.7,4,1,0,0.6275209697709694,3038.4565356310336,Segment 0 - High risk
SUB101393,Mumbai,Postpaid,4G Smart,Annual,12,285.46,4.64,0,0,1,0.0259574872177173,88.9178916140353,Segment 1 - Mass base
SUB103119,Kolkata,Postpaid,5G Smart,Monthly,30,494.33,18.08,0,0,2,0.0582146216356742,345.32680695795426,Segment 2 - High value
SUB101267,Delhi,Postpaid,4G Smart,Annual,20,332.52,6.39,3,0,0,0.120580575370049,481.1454350645843,Segment 0 - High risk
SUB102376,Bengaluru,Prepaid,4G Smart,Monthly,24,260.31,11.06,2,0,1,0.2450854731525784,765.5783941961724,Segment 1 - Mass base
SUB102366,Chennai,Postpaid,5G Smart,Monthly,7,450.7,16.5,0,0,2,0.0912691409897292,493.62002212885136,Segment 2 - High value
SUB100136,Chennai,Postpaid,4G Feature,Monthly,13,284.15,2.18,0,1,1,0.4477582843311945,1526.7661979125069,Segment 1 - Mass base
SUB101170,Chennai,Prepaid,4G Smart,Monthly,10,147.54,4.0,3,1,0,0.7163279220779226,1268.2442594805202,Segment 0 - High risk
SUB102136,Delhi,Prepaid,4G Feature,Monthly,15,180.99,1.49,3,0,0,0.2721674008252954,591.1149345044425,Segment 0 - High risk
SUB101504,Delhi,Prepaid,4G Smart,Monthly,25,137.74,3.34,0,0,1,0.0798237246680642,131.93903802935012,Segment 1 - Mass base
SUB101363,Bengaluru,Prepaid,4G Feature,Monthly,10,142.69,1.68,1,1,1,0.5860517744782452,1003.4847324036097,Segment 1 - Mass base
SUB102566,Bengaluru,Prepaid,4G Smart,Monthly,20,129.68,2.71,1,0,1,0.2286595666545357,355.8308712451223,Segment 1 - Mass base
SUB100149,Hyderabad,Postpaid,4G Smart,Annual,16,274.64,7.67,1,0,1,0.0448480038480038,147.80466932178936,Segment 1 - Mass base
SUB100304,Mumbai,Prepaid,4G Feature,Monthly,14,142.53,1.05,0,1,1,0.4649727810316045,795.2708457652152,Segment 1 - Mass base
SUB101018,Chennai,Prepaid,4G Feature,Monthly,32,118.54,0.99,0,0,1,0.1774307856646327,252.3917439922268,Segment 1 - Mass base
SUB101925,Hyderabad,Prepaid,4G Smart,Monthly,18,189.76,10.52,1,1,1,0.5605634088983877,1276.4701496706966,Segment 1 - Mass base
SUB101053,Chennai,Prepaid,4G Smart,Monthly,22,140.25,7.9,4,1,0,0.6380719285587707,1073.8750557644112,Segment 0 - High risk
SUB102919,Mumbai,Postpaid,4G Feature,Monthly,4,235.62,1.62,4,1,0,0.7079261664261662,2001.6187599999996,Segment 0 - High risk
SUB102414,Delhi,Postpaid,4G Smart,Annual,37,333.78,5.44,0,0,1,0.0622717369776193,249.42072442067732,Segment 1 - Mass base
SUB102518,Kolkata,Prepaid,5G Smart,Monthly,4,362.78,20.98,2,0,2,0.2023195220958379,880.7697147111367,Segment 2 - High value
SUB101905,Hyderabad,Postpaid,5G Smart,Annual,6,412.24,17.49,0,0,2,0.0505701058201058,250.16424507936512,Segment 2 - High value
SUB102782,Delhi,Prepaid,4G Smart,Monthly,24,247.07,8.9,1,0,1,0.1578990176490176,468.1453234865135,Segment 1 - Mass base
SUB100199,Bengaluru,Prepaid,4G Smart,Monthly,12,257.23,11.32,0,0,1,0.193464997964998,597.1800171184373,Segment 1 - Mass base
SUB101769,Bengaluru,Postpaid,4G Smart,Monthly,12,219.55,3.63,1,0,1,0.2086443816761154,549.6944879638938,Segment 1 - Mass base
SUB102241,Hyderabad,Prepaid,4G Feature,Monthly,33,157.44,2.13,0,1,1,0.532521350486235,1006.081937046634,Segment 1 - Mass base
SUB100405,Delhi,Postpaid,5G Smart,Annual,14,374.6,8.37,0,0,2,0.0837046374105197,376.26908608776847,Segment 2 - High value
SUB102841,Mumbai,Prepaid,4G Smart,Monthly,15,195.98,11.72,0,1,1,0.4670940479873545,1098.4930982947408,Segment 1 - Mass base
SUB103199,Mumbai,Postpaid,4G Feature,Annual,19,268.01,1.42,0,0,1,0.0666175344717011,214.24998496512745,Segment 1 - Mass base
SUB100484,Hyderabad,Prepaid,4G Smart,Monthly,16,149.32,4.13,1,1,1,0.6050462427643329,1084.1460596348422,Segment 1 - Mass base
SUB101183,Hyderabad,Postpaid,4G Smart,Annual,15,338.82,8.22,2,0,1,0.1952334054834055,793.7877893506495,Segment 1 - Mass base
SUB101340,Mumbai,Postpaid,4G Smart,Annual,6,317.61,9.45,1,0,1,0.1147018305768305,437.16538091408586,Segment 1 - Mass base
SUB101281,Delhi,Prepaid,4G Smart,Monthly,28,133.29,4.64,0,0,1,0.1301723913814707,208.20813656683475,Segment 1 - Mass base
SUB101032,Hyderabad,Postpaid,4G Smart,Annual,30,267.76,7.71,1,0,1,0.0544285714285714,174.88553142857148,Segment 1 - Mass base
SUB100792,Bengaluru,Prepaid,5G Smart,Monthly,11,330.94,24.4,2,0,2,0.2409486714409315,956.8746399199426,Segment 2 - High value
SUB100800,Kolkata,Prepaid,4G Smart,Monthly,13,178.72,6.84,1,0,1,0.2490674171507504,534.1599455181854,Segment 1 - Mass base
SUB102433,Delhi,Postpaid,4G Feature,Monthly,9,257.85,2.59,0,0,1,0.2393338050838052,740.5466596903101,Segment 1 - Mass base
SUB101202,Kolkata,Prepaid,4G Smart,Monthly,7,228.44,5.73,0,0,1,0.1935325690054314,530.5269607632091,Segment 1 - Mass base
SUB100423,Mumbai,Postpaid,4G Smart,Annual,36,259.77,8.26,0,0,1,0.1092593725282404,340.5876864199322,Segment 1 - Mass base
SUB102363,Kolkata,Prepaid,4G Feature,Monthly,30,177.25,1.82,1,0,1,0.1467340963356705,312.1034229059713,Segment 1 - Mass base
SUB103176,Chennai,Prepaid,4G Feature,Monthly,8,102.24,2.27,0,1,1,0.5638672085325228,691.7974008043816,Segment 1 - Mass base
SUB101884,Hyderabad,Postpaid,4G Smart,Annual,35,294.08,5.05,1,0,1,0.0285965608465608,100.91611936507935,Segment 1 - Mass base
SUB103147,Chennai,Prepaid,4G Feature,Monthly,3,140.86,1.1,0,0,1,0.1651453251874215,279.14844607080244,Segment 1 - Mass base
SUB101480,Mumbai,Prepaid,5G Smart,Monthly,8,304.1,11.64,0,0,2,0.2896663594054898,1057.0504787425136,Segment 2 - High value
SUB101929,Kolkata,Postpaid,4G Smart,Monthly,18,234.8,4.59,5,1,0,0.5955323472823472,1677.9719417027416,Segment 0 - High risk
SUB102691,Bengaluru,Prepaid,4G Feature,Monthly,12,172.15,0.62,2,0,1,0.330413949392715,682.5691366554709,Segment 1 - Mass base
SUB101530,Hyderabad,Prepaid,4G Smart,Monthly,14,175.48,3.81,0,0,1,0.0991586182588901,208.80425198484056,Segment 1 - Mass base
SUB100903,Mumbai,Prepaid,4G Feature,Monthly,25,148.66,2.22,1,1,1,0.605292667952511,1079.7936962138435,Segment 1 - Mass base
SUB100686,Delhi,Postpaid,4G Smart,Annual,17,359.71,8.48,0,0,2,0.1246006010148166,537.8409862924764,Segment 2 - High value
SUB101552,Kolkata,Prepaid,4G Smart,Monthly,14,320.99,19.64,0,1,2,0.6715853687865884,2586.866250321684,Segment 2 - High value
SUB100160,Mumbai,Prepaid,4G Smart,Monthly,23,150.97,8.9,0,1,1,0.482437872812873,874.0037479027134,Segment 1 - Mass base
SUB101000,Delhi,Prepaid,5G Smart,Monthly,30,277.24,9.32,0,1,1,0.4749021399512925,1579.9424313611562,Segment 1 - Mass base
SUB102613,Kolkata,Prepaid,4G Smart,Monthly,16,215.21,5.25,0,0,1,0.2512040750643692,648.7395479352348,Segment 1 - Mass base
SUB103013,Kolkata,Prepaid,5G Smart,Monthly,17,295.95,11.07,0,0,1,0.1695973424723425,602.3080020562771,Segment 1 - Mass base
SUB102251,Bengaluru,Postpaid,4G Feature,Annual,16,201.62,1.41,0,0,1,0.1135838945005611,274.80941771043763,Segment 1 - Mass base
SUB100113,Bengaluru,Prepaid,4G Smart,Monthly,10,133.98,5.9,0,0,1,0.160566193066193,258.1519025641025,Segment 1 - Mass base
SUB103040,Mumbai,Postpaid,4G Smart,Monthly,40,309.58,5.86,1,0,1,0.1262492923742924,469.0110711988012,Segment 1 - Mass base
SUB101447,Chennai,Prepaid,4G Smart,Monthly,23,172.39,9.7,0,0,1,0.1079755610018767,223.36688353336243,Segment 1 - Mass base
SUB101953,Kolkata,Postpaid,4G Feature,Annual,7,230.4,1.87,2,0,1,0.1657444621655147,458.2502889952152,Segment 1 - Mass base
SUB100923,Chennai,Prepaid,5G Smart,Monthly,12,275.25,8.91,2,0,1,0.1102999037999038,364.3205822510822,Segment 1 - Mass base
SUB101625,Mumbai,Postpaid,4G Smart,Annual,41,256.72,7.285,0,0,1,0.0302599894658718,93.22013394814331,Segment 1 - Mass base
SUB102758,Mumbai,Postpaid,4G Feature,Annual,15,208.36,1.59,0,0,1,0.0721660561660561,180.4382335531136,Segment 1 - Mass base
SUB101320,Hyderabad,Prepaid,5G Smart,Monthly,7,273.54,8.15,0,1,1,0.6558891706364486,2152.94308483073,Segment 1 - Mass base
SUB101664,Chennai,Prepaid,4G Smart,Monthly,1,83.85,7.91,0,1,1,0.5632778041548655,566.7701265406256,Segment 1 - Mass base
SUB100816,Bengaluru,Postpaid,4G Smart,Monthly,5,242.59,6.55,0,1,1,0.5452967772967776,1587.4025424531033,Segment 1 - Mass base
SUB102642,Chennai,Postpaid,4G Feature,Annual,6,301.47,1.53,1,0,1,0.1704606718817244,616.6653450262017,Segment 1 - Mass base
SUB102267,Kolkata,Postpaid,4G Smart,Monthly,15,432.01,17.21,1,0,2,0.2422944818339554,1256.0836691650452,Segment 2 - High value
SUB101474,Mumbai,Prepaid,4G Feature,Monthly,20,193.25,1.5,2,0,1,0.187308201058201,434.3677182539682,Segment 1 - Mass base
SUB101774,Chennai,Prepaid,5G Smart,Monthly,17,357.19,15.85,0,0,2,0.1016585325302716,435.7369348138527,Segment 2 - High value
SUB100680,Hyderabad,Postpaid,4G Smart,Annual,5,230.02,2.3,0,0,1,0.0745622329739976,205.8096579441473,Segment 1 - Mass base
SUB102733,Delhi,Postpaid,5G Smart,Monthly,29,467.38,14.8,0,0,2,0.0825857753357753,463.187276117216,Segment 2 - High value
SUB101094,Mumbai,Postpaid,5G Smart,Annual,22,430.81,14.12,0,0,2,0.0699431216931216,361.586355079365,Segment 2 - High value
SUB100081,Chennai,Postpaid,5G Smart,Monthly,11,364.3,16.96,1,0,2,0.1814802049802049,793.358864091464,Segment 2 - High value
SUB101951,Kolkata,Prepaid,4G Smart,Monthly,30,245.54,9.5,2,0,1,0.1871736625934172,551.5034533582519,Segment 1 - Mass base
SUB102626,Kolkata,Prepaid,5G Smart,Monthly,14,412.44,27.71,2,0,2,0.2934681526047625,1452.456058323699,Segment 2 - High value
SUB101240,Delhi,Postpaid,4G Smart,Monthly,24,264.66,2.46,0,0,1,0.1210222993237698,384.3571408683473,Segment 1 - Mass base
SUB100330,Chennai,Prepaid,5G Smart,Monthly,19,293.19,8.99,0,0,1,0.1674047660513176,588.97684030303,Segment 1 - Mass base
SUB100243,Hyderabad,Postpaid,5G Smart,Monthly,37,488.51,13.43,1,0,2,0.063801726051726,374.0133743223442,Segment 2 - High value
SUB100642,Hyderabad,Postpaid,5G Smart,Annual,18,492.87,21.45,0,0,2,0.0634871504157218,375.49094190476177,Segment 2 - High value
SUB100697,Kolkata,Postpaid,4G Smart,Annual,20,193.82,6.87,0,0,1,0.0671000434750434,156.0639651159951,Segment 1 - Mass base
SUB102258,Kolkata,Prepaid,4G Feature,Monthly,20,132.86,0.95,2,1,1,0.6633371509624371,1057.5716865224326,Segment 1 - Mass base
SUB100754,Hyderabad,Postpaid,4G Smart,Annual,3,313.88,8.27,0,0,1,0.2173375941727869,818.6150887074523,Segment 1 - Mass base
SUB100436,Hyderabad,Prepaid,4G Smart,Monthly,16,188.66,6.05,0,0,1,0.1200280000541194,271.73378988252205,Segment 1 - Mass base
SUB101564,Bengaluru,Postpaid,4G Smart,Monthly,10,247.12,5.74,1,0,1,0.1561282394221223,462.9889263119386,Segment 1 - Mass base
SUB101935,Chennai,Prepaid,5G Smart,Monthly,22,302.88,7.98,0,1,1,0.4930849945942659,1792.1469979525357,Segment 1 - Mass base
SUB102950,Kolkata,Postpaid,4G Smart,Annual,21,271.34,8.16,0,0,1,0.0637751322751322,207.65693269841256,Segment 1 - Mass base
SUB101713,Bengaluru,Postpaid,4G Smart,Monthly,27,265.75,4.79,0,0,1,0.0645103660429747,205.7235573110464,Segment 1 - Mass base
SUB100552,Kolkata,Prepaid,4G Smart,Monthly,33,193.5,9.17,1,0,1,0.171073022656356,397.2315586080588,Segment 1 - Mass base
SUB102783,Bengaluru,Prepaid,4G Smart,Monthly,3,136.16,5.21,0,0,1,0.0786306329329585,128.47616376181955,Segment 1 - Mass base
SUB100602,Bengaluru,Prepaid,5G Smart,Monthly,4,316.15,11.78,1,0,2,0.2354320511677491,893.1821157202068,Segment 2 - High value
SUB101965,Hyderabad,Prepaid,4G Feature,Monthly,29,148.03,1.64,1,0,1,0.1500277166637229,266.5032347727709,Segment 1 - Mass base
SUB101014,Chennai,Prepaid,5G Smart,Monthly,7,249.97,6.72,3,0,0,0.289862504488975,869.483162965309,Segment 0 - High risk
SUB102868,Delhi,Postpaid,4G Smart,Annual,11,345.43,10.32,2,0,2,0.1416649198754461,587.2237592709045,Segment 2 - High value
SUB101428,Hyderabad,Postpaid,4G Smart,Monthly,3,224.43,5.19,0,0,1,0.15752405002405,424.2374705627707,Segment 1 - Mass base
SUB102013,Delhi,Prepaid,4G Smart,Monthly,7,255.85,8.94,0,0,1,0.0782699935723191,240.3045342657341,Segment 1 - Mass base
SUB101387,Kolkata,Prepaid,4G Smart,Monthly,5,118.21,6.17,0,0,1,0.2093903177432589,297.02435352516767,Segment 1 - Mass base
SUB101296,Chennai,Postpaid,4G Smart,Monthly,58,218.42,2.85,1,1,1,0.4879891979365663,1279.039207359658,Segment 1 - Mass base
SUB100467,Kolkata,Postpaid,4G Smart,Monthly,37,260.82,5.4,2,0,1,0.1078894856244667,337.6768276868811,Segment 1 - Mass base
SUB101500,Hyderabad,Prepaid,4G Smart,Monthly,2,203.61,7.4,3,0,0,0.2529528314784275,618.0447122078717,Segment 0 - High risk
SUB102749,Chennai,Prepaid,4G Smart,Monthly,31,214.41,6.55,0,0,1,0.0790459228880281,203.3788359170653,Segment 1 - Mass base
SUB103134,Chennai,Prepaid,4G Smart,Monthly,35,150.77,4.27,1,0,1,0.0934230491730491,169.02471748584753,Segment 1 - Mass base
SUB100278,Chennai,Postpaid,5G Smart,Monthly,41,407.45,10.89,1,1,2,0.4327661894635577,2115.96700676312,Segment 2 - High value
SUB101070,Bengaluru,Prepaid,5G Smart,Monthly,10,388.59,17.4,2,0,2,0.1846297498797499,860.9432940692642,Segment 2 - High value
SUB101549,Mumbai,Prepaid,4G Smart,Monthly,15,161.47,2.81,0,0,1,0.0929642857142857,180.13131857142855,Segment 1 - Mass base
SUB101025,Delhi,Prepaid,5G Smart,Monthly,59,301.98,11.23,1,0,2,0.1189207366707366,430.9402087179488,Segment 2 - High value
SUB101466,Kolkata,Postpaid,4G Smart,Monthly,15,342.39,8.52,0,0,2,0.1804555409469203,741.4340719777924,Segment 2 - High value
SUB100941,Hyderabad,Postpaid,4G Smart,Monthly,34,256.42,2.54,0,1,1,0.4182401268322321,1286.9415998678517,Segment 1 - Mass base
SUB101467,Bengaluru,Prepaid,4G Smart,Monthly,8,189.2,5.24,2,0,1,0.1957461951944049,444.4221615693768,Segment 1 - Mass base
SUB101324,Bengaluru,Postpaid,4G Smart,Annual,25,201.02,6.5,1,0,1,0.0822169297564034,198.32696663558664,Segment 1 - Mass base
SUB101400,Bengaluru,Postpaid,4G Smart,Annual,16,212.29,2.65,0,0,1,0.064026455026455,163.10611365079365,Segment 1 - Mass base
SUB102646,Mumbai,Postpaid,4G Smart,Annual,2,260.84,4.54,1,0,1,0.108578884078884,339.8605934776334,Segment 1 - Mass base
SUB101450,Bengaluru,Prepaid,5G Smart,Monthly,7,294.25,11.1,0,0,1,0.1212496464887768,428.1325017518711,Segment 1 - Mass base
SUB100907,Mumbai,Postpaid,4G Smart,Annual,4,292.95,8.36,0,0,1,0.0444468864468864,156.2485846153846,Segment 1 - Mass base
SUB102858,Hyderabad,Postpaid,4G Smart,Annual,15,237.9,2.96,0,0,1,0.1409608621226268,402.4150691876753,Segment 1 - Mass base
SUB101896,Delhi,Prepaid,5G Smart,Monthly,15,277.05,8.56,1,0,1,0.1034351276742581,343.88042546583847,Segment 1 - Mass base
SUB100389,Kolkata,Prepaid,4G Smart,Monthly,24,214.65,7.94,2,0,1,0.2357942355254411,607.3587918664314,Segment 1 - Mass base
SUB102071,Bengaluru,Prepaid,4G Feature,Monthly,25,99.57,1.84,0,1,1,0.5713997396938573,682.7312649758084,Segment 1 - Mass base
SUB102523,Kolkata,Prepaid,5G Smart,Monthly,25,256.85,5.29,1,0,1,0.1351697515447515,416.6202082112332,Segment 1 - Mass base
SUB102173,Bengaluru,Postpaid,4G Feature,Monthly,6,210.8,2.39,0,0,1,0.1425432652143178,360.5774436861385,Segment 1 - Mass base
SUB100881,Chennai,Prepaid,5G Smart,Monthly,7,227.8,6.24,1,1,1,0.4843501888393193,1324.0196762111634,Segment 1 - Mass base
SUB102921,Kolkata,Prepaid,4G Smart,Monthly,59,198.89,7.14,3,0,0,0.1560439324320903,372.42693265702127,Segment 0 - High risk
SUB100051,Hyderabad,Prepaid,5G Smart,Monthly,13,230.16,9.34,0,1,1,0.503967680766068,1391.9184168614186,Segment 1 - Mass base
SUB101888,Delhi,Postpaid,5G Smart,Monthly,10,637.51,40.65,1,0,2,0.1873524716024716,1433.2688900555004,Segment 2 - High value
SUB101703,Chennai,Prepaid,4G Smart,Monthly,5,272.45,7.36,1,1,1,0.6028384734483412,1970.920105092007,Segment 1 - Mass base
SUB102864,Hyderabad,Prepaid,4G Smart,Monthly,8,248.62,15.26,1,1,1,0.6243427234802232,1862.6890549398368,Segment 1 - Mass base
SUB100134,Delhi,Postpaid,5G Smart,Monthly,34,369.92,12.21,0,1,2,0.5373234640246836,2385.2003497441315,Segment 2 - High value
SUB101106,Chennai,Prepaid,4G Smart,Monthly,30,395.5,29.87,1,1,2,0.6125293535440592,2907.064311920105,Segment 2 - High value
SUB100704,Bengaluru,Postpaid,4G Smart,Monthly,8,186.68,3.19,0,0,1,0.0985753072463598,220.82446028100557,Segment 1 - Mass base
SUB100483,Delhi,Prepaid,4G Smart,Monthly,50,148.22,5.09,1,0,1,0.1087427757427757,193.4142506471306,Segment 1 - Mass base
SUB101146,Kolkata,Prepaid,4G Smart,Monthly,18,211.01,4.56,0,1,1,0.3991545585931996,1010.7072409050128,Segment 1 - Mass base
SUB102039,Bengaluru,Postpaid,4G Smart,Annual,20,256.94,7.46,2,0,1,0.0819361188920012,252.63199665732952,Segment 1 - Mass base
SUB103137,Mumbai,Prepaid,4G Smart,Monthly,27,190.91,5.31,1,0,1,0.1478011955359959,338.6007148773237,Segment 1 - Mass base
SUB100067,Kolkata,Prepaid,4G Smart,Monthly,14,248.5,7.29,0,0,1,0.1472650715435442,439.14444334284894,Segment 1 - Mass base
SUB102314,Mumbai,Prepaid,5G Smart,Monthly,72,318.31,14.01,2,0,2,0.1306795710871797,499.1593712731223,Segment 2 - High value
SUB102817,Delhi,Postpaid,4G Smart,Annual,20,215.75,6.15,0,0,1,0.1584386218070428,410.19759185843407,Segment 1 - Mass base
SUB100908,Kolkata,Prepaid,5G Smart,Monthly,31,275.79,12.3,0,0,1,0.0814752752252752,269.64079385254394,Segment 1 - Mass base
SUB100032,Bengaluru,Prepaid,4G Smart,Monthly,29,191.36,6.11,0,0,1,0.1669941299694019,383.471960531337,Segment 1 - Mass base
SUB102466,Mumbai,Postpaid,4G Smart,Monthly,18,328.41,6.0,2,0,1,0.1226614959114959,483.3991424675325,Segment 1 - Mass base
SUB103026,Hyderabad,Prepaid,4G Smart,Monthly,32,81.09,3.4,0,1,1,0.5669659090909089,551.7031868181816,Segment 1 - Mass base
SUB100011,Bengaluru,Postpaid,5G Smart,Monthly,17,383.65,7.61,0,0,2,0.051834656084656,238.6363896825397,Segment 2 - High value
SUB100065,Hyderabad,Prepaid,4G Smart,Monthly,15,118.87,2.4,1,1,1,0.6174189421689418,880.7110758674654,Segment 1 - Mass base
SUB100777,Kolkata,Prepaid,4G Smart,Monthly,20,174.77,6.09,1,0,1,0.1731793702386561,363.1987024393192,Segment 1 - Mass base
SUB100078,Hyderabad,Prepaid,4G Smart,Monthly,28,179.35,2.24,0,0,1,0.0899167744020685,193.5188818681318,Segment 1 - Mass base
SUB100492,Delhi,Prepaid,5G Smart,Monthly,15,292.21,11.97,1,0,1,0.1419872564111694,497.8811543508939,Segment 1 - Mass base
SUB102797,Hyderabad,Postpaid,4G Feature,Annual,13,258.83,1.26,0,1,1,0.4821851073762836,1497.647656106442,Segment 1 - Mass base
SUB102114,Kolkata,Postpaid,5G Smart,Monthly,19,489.42,22.27,1,0,2,0.1295973424723424,761.1303762337664,Segment 2 - High value
SUB102947,Chennai,Postpaid,5G Smart,Monthly,53,374.58,9.63,0,0,2,0.1209401843140233,543.6212908841621,Segment 2 - High value
SUB102345,Chennai,Postpaid,4G Smart,Annual,11,349.1,9.89,0,0,2,0.0433336162747927,181.5331852983618,Segment 2 - High value
SUB100592,Chennai,Postpaid,5G Smart,Monthly,49,435.07,6.39,1,0,2,0.0482316017316017,251.8094755844156,Segment 2 - High value
SUB101286,Mumbai,Prepaid,4G Feature,Monthly,47,132.56,1.2,0,0,1,0.1246143235595943,198.226496772718,Segment 1 - Mass base
SUB102689,Mumbai,Prepaid,5G Smart,Monthly,18,290.97,12.33,1,0,1,0.2400780106832738,838.2659852221464,Segment 1 - Mass base
SUB100725,Mumbai,Prepaid,4G Smart,Monthly,47,235.12,14.88,1,0,1,0.0776443209131888,219.0687927973076,Segment 1 - Mass base
SUB102687,Kolkata,Postpaid,5G Smart,Annual,19,439.97,17.96,0,0,2,0.0577559523809523,304.9306364285714,Segment 2 - High value
SUB101213,Chennai,Prepaid,4G Smart,Monthly,20,161.85,9.76,0,0,1,0.1310065610294444,254.44094283138693,Segment 1 - Mass base
SUB103110,Chennai,Prepaid,5G Smart,Monthly,7,292.83,7.33,1,0,1,0.2793586201380318,981.6550168202384,Segment 1 - Mass base
SUB102300,Bengaluru,Prepaid,5G Smart,Monthly,11,350.5,12.59,1,1,2,0.623811342653448,2623.7505072004024,Segment 2 - High value
SUB102753,Delhi,Prepaid,4G Feature,Monthly,45,95.14,1.52,0,0,1,0.152307899402239,173.88688258954826,Segment 1 - Mass base
SUB101638,Mumbai,Prepaid,4G Feature,Monthly,36,75.0,2.61,0,0,1,0.1849167443334249,166.42506990008246,Segment 1 - Mass base
SUB103053,Hyderabad,Prepaid,5G Smart,Monthly,24,406.71,25.52,0,1,2,0.445543923043923,2174.486027294327,Segment 2 - High value
SUB103046,Hyderabad,Postpaid,4G Smart,Monthly,29,379.91,8.18,1,0,2,0.1026448700253048,467.94975085576266,Segment 2 - High value
SUB103129,Hyderabad,Postpaid,4G Smart,Annual,16,206.05,7.28,0,0,1,0.0581795970913617,143.85487176810113,Segment 1 - Mass base
SUB100983,Kolkata,Prepaid,4G Smart,Monthly,42,222.05,5.63,1,1,1,0.4986710723503273,1328.7589393846822,Segment 1 - Mass base
SUB100707,Kolkata,Postpaid,4G Smart,Monthly,23,327.37,15.55,1,0,2,0.1301862384103763,511.42882642085874,Segment 2 - High value
SUB102536,Chennai,Prepaid,4G Feature,Monthly,6,207.7,1.96,1,1,1,0.6681160413660413,1665.2124215007211,Segment 1 - Mass base
SUB101688,Mumbai,Prepaid,4G Feature,Monthly,37,167.94,2.71,0,0,1,0.1038042560103963,209.1946410526316,Segment 1 - Mass base
SUB102795,Kolkata,Postpaid,5G Smart,Monthly,7,401.73,7.05,0,0,2,0.0888285233285233,428.220992121212,Segment 2 - High value
SUB100274,Bengaluru,Postpaid,4G Feature,Annual,22,206.46,1.52,0,0,1,0.1366359940440823,338.5184079640948,Segment 1 - Mass base
SUB101710,Chennai,Postpaid,4G Feature,Monthly,38,269.87,2.25,0,0,1,0.0990170961935667,320.6609249970943,Segment 1 - Mass base
SUB102924,Delhi,Postpaid,4G Smart,Monthly,32,226.37,2.6,1,0,1,0.2346829651829652,637.502193941614,Segment 1 - Mass base
SUB100964,Chennai,Prepaid,4G Feature,Monthly,34,164.06,2.43,0,0,1,0.1054951097788043,207.69033252372765,Segment 1 - Mass base
SUB102681,Chennai,Prepaid,4G Feature,Monthly,22,107.88,1.05,1,0,1,0.2324358758666538,300.9021874619354,Segment 1 - Mass base
SUB103045,Mumbai,Postpaid,5G Smart,Monthly,46,442.41,14.78,0,0,2,0.0893379830046496,474.2882047330447,Segment 2 - High value
SUB103167,Hyderabad,Prepaid,4G Smart,Monthly,13,223.07,7.38,1,0,1,0.2353762968438764,630.0646864435621,Segment 1 - Mass base
SUB102460,Delhi,Postpaid,4G Smart,Monthly,31,279.19,3.95,2,1,1,0.5552648508898508,1860.2927246392492,Segment 1 - Mass base
SUB102840,Delhi,Prepaid,4G Smart,Monthly,15,187.92,4.2,0,1,1,0.3959990128355431,892.9936139046631,Segment 1 - Mass base
SUB102728,Hyderabad,Prepaid,4G Feature,Monthly,27,75.0,2.92,0,0,1,0.118717822719771,106.84604044779394,Segment 1 - Mass base
SUB101453,Mumbai,Prepaid,4G Smart,Monthly,9,296.39,9.19,1,0,1,0.2297630187894893,817.1935336682009,Segment 1 - Mass base
SUB100150,Hyderabad,Prepaid,4G Smart,Monthly,34,167.37,6.4,1,0,1,0.0724962653540239,145.60439918763592,Segment 1 - Mass base
SUB101758,Mumbai,Prepaid,4G Smart,Monthly,8,178.02,9.02,2,0,1,0.1503902551658512,321.26967869549804,Segment 1 - Mass base
SUB100219,Hyderabad,Prepaid,4G Feature,Monthly,22,165.61,1.76,0,1,1,0.4937820091844859,981.3028624925128,Segment 1 - Mass base
SUB100240,Kolkata,Prepaid,5G Smart,Monthly,30,453.38,26.22,0,0,2,0.1961060710625927,1066.9268459802995,Segment 2 - High value
SUB101132,Chennai,Prepaid,5G Smart,Monthly,24,324.57,14.37,2,0,2,0.2060452763467469,802.5133841263637,Segment 2 - High value
SUB102888,Hyderabad,Prepaid,4G Smart,Monthly,16,191.02,10.24,1,0,1,0.1062796555296555,243.6184775912976,Segment 1 - Mass base
SUB102240,Bengaluru,Prepaid,4G Feature,Monthly,9,121.31,0.57,1,1,1,0.5958326287239334,867.3654742860043,Segment 1 - Mass base
SUB102382,Chennai,Postpaid,5G Smart,Monthly,13,525.63,24.27,0,0,2,0.1059313371813372,668.1682651515152,Segment 2 - High value
SUB101254,Mumbai,Prepaid,5G Smart,Monthly,17,332.78,15.41,3,0,0,0.1845258115258115,736.8779947147148,Segment 0 - High risk
SUB101054,Hyderabad,Prepaid,4G Smart,Monthly,16,161.65,5.32,0,0,1,0.1537452012665258,298.2349414168068,Segment 1 - Mass base
SUB101669,Chennai,Prepaid,4G Feature,Monthly,11,142.94,3.05,0,0,1,0.0964608293705078,165.45733140264474,Segment 1 - Mass base
SUB102716,Chennai,Prepaid,4G Smart,Monthly,12,176.86,5.33,1,0,1,0.1642169312169313,348.5208774603177,Segment 1 - Mass base
SUB103172,Delhi,Prepaid,4G Feature,Monthly,25,79.28,3.25,0,0,1,0.1401422717189981,133.32575162258604,Segment 1 - Mass base
SUB101358,Delhi,Prepaid,4G Smart,Monthly,18,183.25,7.27,1,0,1,0.2137999407999408,470.1460698190699,Segment 1 - Mass base
SUB100776,Hyderabad,Prepaid,4G Feature,Monthly,10,85.0,1.4,1,0,1,0.2185857922309535,222.9575080755726,Segment 1 - Mass base
SUB102838,Hyderabad,Prepaid,4G Feature,Monthly,36,92.95,1.03,0,0,1,0.174276973026973,194.3885357142857,Segment 1 - Mass base
SUB100840,Kolkata,Prepaid,4G Feature,Monthly,15,93.92,0.79,1,0,1,0.2742391328943961,309.0784723373002,Segment 1 - Mass base
SUB100628,Hyderabad,Prepaid,5G Smart,Monthly,8,478.06,26.78,0,1,2,0.5356320068820069,3072.7708465201467,Segment 2 - High value
SUB100324,Chennai,Prepaid,4G Smart,Monthly,41,244.36,11.52,0,0,1,0.1355733803233803,397.5445345898546,Segment 1 - Mass base
SUB102900,Kolkata,Prepaid,5G Smart,Monthly,39,269.99,11.36,0,0,1,0.0792358182249486,256.7145427506466,Segment 1 - Mass base
SUB103138,Bengaluru,Prepaid,5G Smart,Monthly,43,281.68,14.35,1,0,2,0.0897681648294237,303.430760029825,Segment 2 - High value
SUB101868,Hyderabad,Postpaid,4G Smart,Annual,32,301.75,5.66,2,1,1,0.4002918470418469,1449.4567781385276,Segment 1 - Mass base
SUB101161,Mumbai,Postpaid,4G Smart,Monthly,13,345.68,11.74,0,1,2,0.4949901271984605,2053.298246039566,Segment 2 - High value
SUB101077,Delhi,Prepaid,4G Smart,Monthly,11,255.67,10.67,2,0,1,0.1755641043857156,538.6376948195511,Segment 1 - Mass base
SUB100438,Kolkata,Postpaid,4G Smart,Monthly,19,291.33,4.93,1,0,1,0.2195783985633797,767.6372982416331,Segment 1 - Mass base
SUB100120,Bengaluru,Prepaid,4G Smart,Monthly,32,173.51,6.52,0,1,1,0.5157427190456602,1073.83823017935,Segment 1 - Mass base
SUB102875,Bengaluru,Postpaid,4G Smart,Monthly,38,274.89,4.49,0,0,1,0.116552096052096,384.468068205128,Segment 1 - Mass base
SUB103035,Mumbai,Prepaid,4G Smart,Monthly,6,205.91,9.79,0,0,1,0.1850303762260283,457.1952572244179,Segment 1 - Mass base
SUB102830,Kolkata,Postpaid,4G Feature,Annual,11,272.33,2.45,0,0,1,0.0743097643097643,242.84133737373745,Segment 1 - Mass base
SUB101815,Mumbai,Postpaid,4G Smart,Monthly,27,246.51,7.23,1,0,1,0.1640050459900272,485.1466066440192,Segment 1 - Mass base
SUB101840,Bengaluru,Postpaid,4G Smart,Annual,23,329.03,6.27,0,0,1,0.1287517297517297,508.3581796825397,Segment 1 - Mass base
SUB101027,Mumbai,Prepaid,5G Smart,Monthly,30,396.48,23.27,1,0,2,0.2039004884004884,970.109587692308,Segment 2 - High value
SUB100077,Chennai,Prepaid,4G Smart,Monthly,39,177.52,17.02,0,0,1,0.1204992617812876,256.6923474169701,Segment 1 - Mass base
SUB100901,Chennai,Prepaid,4G Feature,Monthly,6,128.97,7.285,6,1,0,0.6959960317460318,1077.1512985714287,Segment 0 - High risk
SUB100372,Kolkata,Prepaid,5G Smart,Monthly,10,370.1,13.09,0,1,2,0.6411359812176362,2847.413119783766,Segment 2 - High value
SUB101205,Kolkata,Prepaid,4G Smart,Monthly,39,234.54,11.77,5,0,0,0.2589143165393163,728.709165613575,Segment 0 - High risk
SUB102722,Bengaluru,Prepaid,5G Smart,Monthly,36,337.68,12.83,0,0,2,0.0844009003242874,342.0059522580645,Segment 2 - High value
SUB100942,Chennai,Postpaid,4G Feature,Monthly,20,201.92,1.48,0,0,1,0.1341594151420238,325.0736292657294,Segment 1 - Mass base
SUB100553,Delhi,Prepaid,5G Smart,Monthly,12,406.35,17.59,0,0,2,0.2366530066255467,1153.9673909074909,Segment 2 - High value
SUB100407,Hyderabad,Prepaid,4G Smart,Monthly,22,184.97,8.92,1,0,1,0.2077051718283969,461.0307075971829,Segment 1 - Mass base
SUB102118,Delhi,Prepaid,4G Feature,Monthly,29,146.71,3.0,1,0,1,0.2972982563245722,523.3995262245359,Segment 1 - Mass base
SUB101614,Bengaluru,Prepaid,5G Smart,Monthly,19,382.42,16.28,1,1,2,0.4468654498522919,2050.683423990162,Segment 2 - High value
SUB100969,Bengaluru,Postpaid,4G Feature,Annual,3,252.37,1.21,1,1,1,0.5124544252044255,1551.9374794660907,Segment 1 - Mass base
SUB102812,Delhi,Postpaid,5G Smart,Monthly,31,468.69,21.32,0,0,2,0.1515410114576781,852.3090799211901,Segment 2 - High value
SUB102350,Kolkata,Postpaid,5G Smart,Annual,21,354.35,5.83,2,0,1,0.1836194554238033,780.7866483530964,Segment 1 - Mass base
SUB101747,Bengaluru,Prepaid,4G Smart,Monthly,24,142.49,4.35,0,1,1,0.4859572990494044,830.9286664985957,Segment 1 - Mass base
SUB100690,Bengaluru,Postpaid,5G Smart,Monthly,6,307.05,11.56,1,0,1,0.1883357383357383,693.9418614718617,Segment 1 - Mass base
SUB101739,Hyderabad,Prepaid,5G Smart,Monthly,49,342.3,18.61,0,0,2,0.1792174788174789,736.1537159906763,Segment 2 - High value
SUB100237,Chennai,Prepaid,4G Smart,Monthly,17,121.58,8.77,0,0,1,0.2025659863624632,295.53567146337934,Segment 1 - Mass base
SUB103063,Delhi,Postpaid,4G Smart,Monthly,25,261.75,6.27,0,0,1,0.1045025900025899,328.2426351981351,Segment 1 - Mass base
SUB101987,Chennai,Postpaid,5G Smart,Annual,24,467.62,16.97,3,0,2,0.1040880680166394,584.0839483912911,Segment 2 - High value
SUB101984,Hyderabad,Postpaid,4G Smart,Annual,19,204.36,5.31,1,0,1,0.0752854737854737,184.62407307359305,Segment 1 - Mass base
SUB100500,Mumbai,Prepaid,4G Smart,Monthly,34,193.13,8.23,0,1,1,0.4735333469573872,1097.4419435745622,Segment 1 - Mass base
SUB100823,Chennai,Prepaid,4G Smart,Monthly,9,176.41,6.01,0,0,1,0.0950499587288827,201.21315863234656,Segment 1 - Mass base
SUB100795,Chennai,Postpaid,4G Feature,Monthly,12,290.34,7.285,4,1,0,0.5942294094794097,2070.3428009790214,Segment 0 - High risk
SUB100991,Delhi,Prepaid,5G Smart,Monthly,4,287.98,9.63,1,0,1,0.2657417207548788,918.33960891588,Segment 1 - Mass base
SUB100568,Bengaluru,Prepaid,5G Smart,Monthly,23,379.96,27.89,1,0,2,0.1210064359955664,551.731265050505,Segment 2 - High value
SUB102436,Mumbai,Prepaid,4G Smart,Monthly,10,160.31,4.5,3,1,0,0.6858127103785673,1319.3116272094576,Segment 0 - High risk
SUB100391,Delhi,Postpaid,4G Smart,Annual,27,308.57,12.66,2,1,2,0.4357912167653545,1613.665149087425,Segment 2 - High value
SUB100744,Delhi,Postpaid,4G Smart,Annual,11,254.36,7.94,0,0,1,0.0273101707660531,83.35938043263928,Segment 1 - Mass base
SUB102401,Hyderabad,Postpaid,4G Smart,Annual,15,307.73,8.81,1,0,1,0.20310797998298,750.0290241619496,Segment 1 - Mass base
SUB101218,Kolkata,Prepaid,4G Smart,Monthly,32,232.03,8.65,3,1,0,0.6311498316498318,1757.348345252526,Segment 0 - High risk
SUB100236,Kolkata,Prepaid,4G Feature,Monthly,40,76.88,1.73,0,0,1,0.1501669397318676,138.53801191903176,Segment 1 - Mass base
SUB102957,Mumbai,Postpaid,5G Smart,Monthly,17,450.44,12.79,1,0,2,0.1454913761126576,786.421625474226,Segment 2 - High value
SUB100481,Kolkata,Prepaid,4G Feature,Monthly,2,136.12,3.85,1,1,1,0.6983009648303767,1140.6327279925306,Segment 1 - Mass base
SUB102043,Mumbai,Prepaid,5G Smart,Monthly,21,235.0,7.49,0,0,1,0.0755634345525649,213.0888854382333,Segment 1 - Mass base
SUB102616,Delhi,Prepaid,4G Feature,Monthly,26,123.91,1.35,2,0,1,0.2521247451421365,374.8893260467456,Segment 1 - Mass base
SUB101678,Kolkata,Prepaid,4G Smart,Monthly,29,85.14,5.02,0,0,1,0.2103003663003663,214.85967824175827,Segment 1 - Mass base
SUB102936,Delhi,Postpaid,4G Feature,Monthly,28,203.29,1.66,4,0,0,0.2521606541606541,615.1408726118325,Segment 0 - High risk
SUB103094,Bengaluru,Postpaid,5G Smart,Monthly,12,349.56,7.78,0,1,1,0.5559501973786871,2332.0554119483263,Segment 1 - Mass base
SUB102770,Chennai,Postpaid,4G Smart,Annual,35,295.73,4.85,2,0,1,0.1236014628073451,438.6319271521944,Segment 1 - Mass base
SUB102834,Chennai,Prepaid,5G Smart,Monthly,7,304.03,14.41,0,1,2,0.6164828222459805,2249.1512693693453,Segment 2 - High value
SUB100121,Hyderabad,Postpaid,4G Smart,Annual,4,272.26,8.17,0,0,1,0.0498131030189853,162.7453851353875,Segment 1 - Mass base
SUB102975,Kolkata,Prepaid,5G Smart,Monthly,28,342.99,15.87,2,0,2,0.187801340634674,772.9677818914422,Segment 2 - High value
SUB101273,Kolkata,Prepaid,4G Feature,Monthly,15,135.99,0.69,0,1,1,0.52871863482235,862.8053657938966,Segment 1 - Mass base
SUB100927,Delhi,Postpaid,4G Smart,Monthly,24,297.49,11.5,1,0,1,0.1754935234935234,626.4908196490596,Segment 1 - Mass base
SUB102564,Kolkata,Prepaid,5G Smart,Monthly,14,333.84,18.16,0,0,2,0.1420014430014431,568.8691407792212,Segment 2 - High value
SUB101595,Kolkata,Postpaid,4G Feature,Monthly,24,204.84,1.27,0,0,1,0.1578333829036582,387.96708184782426,Segment 1 - Mass base
SUB100224,Chennai,Prepaid,4G Feature,Monthly,26,91.73,2.98,2,0,1,0.1878380605737046,206.76462355711112,Segment 1 - Mass base
SUB100767,Delhi,Prepaid,5G Smart,Monthly,11,279.02,7.11,0,1,1,0.5115892378555422,1712.9235497574405,Segment 1 - Mass base
SUB100614,Kolkata,Prepaid,4G Smart,Monthly,2,190.86,7.285,2,1,1,0.7775253020798925,1780.7817498596191,Segment 1 - Mass base
SUB101246,Bengaluru,Prepaid,5G Smart,Monthly,25,378.47,17.72,2,0,2,0.2339983534983534,1062.736282182262,Segment 2 - High value
SUB100053,Delhi,Postpaid,4G Smart,Monthly,19,292.72,7.57,0,0,1,0.1468598484848484,515.8657781818182,Segment 1 - Mass base
SUB100530,Kolkata,Prepaid,4G Smart,Monthly,25,157.32,7.75,1,1,1,0.5186901381460205,979.2039903975832,Segment 1 - Mass base
SUB102534,Bengaluru,Prepaid,4G Smart,Monthly,14,238.34,9.67,2,0,1,0.2907881611142481,831.6774038396389,Segment 1 - Mass base
SUB101900,Mumbai,Prepaid,5G Smart,Monthly,12,326.51,15.8,0,0,2,0.0700723486246742,274.55187059330854,Segment 2 - High value
SUB103140,Delhi,Postpaid,5G Smart,Monthly,21,370.94,13.39,2,0,2,0.0691093258593258,307.6249600110999,Segment 2 - High value
SUB100819,Chennai,Postpaid,4G Smart,Monthly,35,304.86,6.27,1,0,1,0.0756922799422799,276.9065815584414,Segment 1 - Mass base
SUB100156,Hyderabad,Prepaid,4G Feature,Monthly,4,148.05,0.97,1,1,1,0.5716074763019842,1015.5178423981052,Segment 1 - Mass base
SUB102649,Bengaluru,Prepaid,4G Smart,Monthly,22,128.12,4.32,5,1,0,0.7562801131616921,1162.735297179312,Segment 0 - High risk
SUB103082,Mumbai,Prepaid,5G Smart,Monthly,64,335.42,18.23,0,0,2,0.1074060846560846,432.3137869841269,Segment 2 - High value
SUB100249,Hyderabad,Postpaid,5G Smart,Annual,16,414.12,13.85,0,0,2,0.0568320105820105,282.4232666666667,Segment 2 - High value
SUB100762,Delhi,Postpaid,5G Smart,Annual,12,346.11,7.83,0,0,1,0.1211383477633478,503.1263225324678,Segment 1 - Mass base
SUB101895,Bengaluru,Prepaid,5G Smart,Monthly,16,277.73,15.53,5,1,0,0.7110318703650624,2369.6985762778654,Segment 0 - High risk
SUB102030,Chennai,Postpaid,5G Smart,Monthly,24,538.22,31.98,1,0,2,0.1685696515776226,1088.7306944652964,Segment 2 - High value
SUB103061,Chennai,Prepaid,4G Feature,Monthly,35,135.61,1.15,5,1,0,0.6747938311688313,1098.1054973376629,Segment 0 - High risk
SUB101131,Bengaluru,Prepaid,4G Feature,Monthly,11,178.42,1.67,0,0,1,0.1679747416612742,359.6406408864545,Segment 1 - Mass base
SUB100543,Delhi,Postpaid,4G Feature,Monthly,29,290.32,2.0,0,0,1,0.1802336332662419,627.9051409182645,Segment 1 - Mass base
SUB100794,Mumbai,Prepaid,4G Smart,Monthly,9,152.25,6.33,1,0,1,0.236464368964369,432.0204020979022,Segment 1 - Mass base
SUB101726,Delhi,Prepaid,4G Smart,Monthly,57,230.05,6.94,1,0,1,0.0790005265005265,218.08885345735348,Segment 1 - Mass base
SUB102734,Mumbai,Prepaid,4G Smart,Monthly,64,314.35,13.9,3,0,0,0.1924377435430068,725.9136561929304,Segment 0 - High risk
SUB100629,Kolkata,Prepaid,5G Smart,Monthly,30,226.84,16.72,0,1,1,0.5321394253894254,1448.526087064047,Segment 1 - Mass base
SUB102199,Kolkata,Postpaid,4G Smart,Monthly,45,194.1,6.03,0,0,1,0.0800831490490933,186.52967076514813,Segment 1 - Mass base
SUB102899,Mumbai,Prepaid,4G Smart,Monthly,21,190.83,8.11,1,1,1,0.6376192913839971,1460.122672497698,Segment 1 - Mass base
SUB102340,Kolkata,Prepaid,4G Feature,Monthly,9,129.49,1.57,1,0,1,0.2551426353188199,396.4610381692079,Segment 1 - Mass base
SUB102430,Delhi,Prepaid,4G Smart,Monthly,12,169.24,3.66,0,0,1,0.0829659602420796,168.4939093364347,Segment 1 - Mass base
SUB103051,Delhi,Postpaid,4G Feature,Monthly,19,189.82,2.37,0,0,1,0.0638068228068228,145.34173326229327,Segment 1 - Mass base
SUB101368,Kolkata,Postpaid,4G Smart,Monthly,33,274.36,9.54,0,0,1,0.0530265778350884,174.5804627380185,Segment 1 - Mass base
SUB101621,Chennai,Postpaid,4G Feature,Annual,13,214.68,1.86,0,0,1,0.0802557419432419,206.75163216450213,Segment 1 - Mass base
SUB102986,Hyderabad,Prepaid,5G Smart,Monthly,24,309.1,9.77,0,0,1,0.0402991572697455,149.47763414494,Segment 1 - Mass base
SUB101072,Delhi,Postpaid,4G Feature,Monthly,46,254.53,6.43,0,0,1,0.1240963573463573,379.03495002442014,Segment 1 - Mass base
SUB100555,Kolkata,Prepaid,4G Smart,Monthly,49,175.95,5.38,0,0,1,0.0571061808561808,120.57399025974028,Segment 1 - Mass base
SUB101829,Kolkata,Prepaid,4G Smart,Monthly,26,207.97,12.71,0,0,1,0.0866526344026344,216.2537805205905,Segment 1 - Mass base
SUB100827,Chennai,Postpaid,4G Smart,Monthly,14,307.54,9.11,0,0,1,0.0489288826641767,180.57106289449115,Segment 1 - Mass base
SUB101985,Hyderabad,Prepaid,4G Smart,Monthly,18,207.96,5.55,0,0,1,0.112082418942713,279.7039181199193,Segment 1 - Mass base
SUB101838,Kolkata,Prepaid,4G Feature,Monthly,11,143.46,0.83,3,0,0,0.2547708173892384,438.5930575519218,Segment 0 - High risk
SUB100536,Delhi,Prepaid,4G Smart,Monthly,24,306.82,7.285,6,1,0,0.6541649413388547,2408.530647619049,Segment 0 - High risk
SUB102865,Chennai,Prepaid,4G Smart,Monthly,15,162.28,4.52,1,1,1,0.5727028344789539,1115.2585917509357,Segment 1 - Mass base
SUB102664,Bengaluru,Postpaid,4G Smart,Monthly,11,354.52,22.47,0,1,2,0.4073302378449437,1732.8805910494734,Segment 2 - High value
SUB100155,Delhi,Prepaid,4G Smart,Monthly,13,236.49,7.285,1,1,1,0.4941402446500485,1402.3107174874797,Segment 1 - Mass base
SUB102768,Mumbai,Postpaid,4G Smart,Monthly,30,225.49,6.88,0,0,1,0.076038778759367,205.751810669396,Segment 1 - Mass base
SUB103016,Delhi,Prepaid,4G Smart,Monthly,13,171.29,6.01,1,1,1,0.6997021762929692,1438.223829326672,Segment 1 - Mass base
SUB100323,Mumbai,Prepaid,4G Feature,Monthly,15,102.08,1.27,1,1,1,0.6392720173546264,783.082650378723,Segment 1 - Mass base
SUB101711,Bengaluru,Prepaid,5G Smart,Monthly,35,407.41,21.06,1,0,2,0.1827210382210382,893.3085381795983,Segment 2 - High value
SUB100015,Bengaluru,Postpaid,5G Smart,Monthly,14,448.67,18.34,0,0,2,0.1614734777749484,869.3796632794331,Segment 2 - High value
SUB101799,Kolkata,Prepaid,5G Smart,Monthly,20,521.37,27.6,0,0,2,0.1510717044488144,945.1710545817408,Segment 2 - High value
SUB103019,Delhi,Prepaid,4G Smart,Monthly,35,201.57,7.01,0,0,1,0.0419309523809523,101.42426485714284,Segment 1 - Mass base
SUB100083,Chennai,Postpaid,5G Smart,Monthly,14,350.5,10.53,0,0,2,0.0655585879498923,275.739420917247,Segment 2 - High value
SUB102561,Delhi,Prepaid,4G Smart,Monthly,23,232.93,9.15,1,1,1,0.5724197241813342,1600.004716242698,Segment 1 - Mass base
SUB101944,Bengaluru,Prepaid,4G Smart,Monthly,29,199.7,6.04,0,0,1,0.054460267945562,130.5085861047449,Segment 1 - Mass base
SUB101989,Hyderabad,Prepaid,4G Smart,Monthly,16,178.67,6.36,1,1,1,0.6263863737588382,1342.9974407938994,Segment 1 - Mass base
SUB102673,Bengaluru,Prepaid,4G Smart,Monthly,22,219.29,13.16,0,0,1,0.1492042621534147,392.6280317714678,Segment 1 - Mass base
SUB101384,Kolkata,Prepaid,4G Smart,Monthly,14,148.25,6.08,0,0,1,0.1802561159447568,320.6756302657225,Segment 1 - Mass base
SUB101575,Hyderabad,Prepaid,4G Smart,Monthly,23,205.61,3.47,0,0,1,0.1697911753073128,418.9291626592393,Segment 1 - Mass base
SUB102059,Bengaluru,Postpaid,4G Smart,Annual,38,323.2,13.77,1,0,2,0.0997434774676154,386.8451030103996,Segment 2 - High value
SUB103086,Mumbai,Postpaid,4G Feature,Monthly,16,264.39,1.86,0,1,1,0.6404957542457546,2032.0880695804203,Segment 1 - Mass base
SUB101495,Hyderabad,Prepaid,4G Smart,Monthly,46,198.68,8.76,0,0,1,0.1267584955084955,302.2125346515346,Segment 1 - Mass base
SUB100832,Delhi,Prepaid,4G Smart,Monthly,15,220.62,8.54,1,1,1,0.6073505134827597,1607.924043414797,Segment 1 - Mass base
SUB102081,Mumbai,Postpaid,5G Smart,Monthly,37,422.17,13.28,0,0,2,0.1136322751322751,575.6656511111113,Segment 2 - High value
SUB101175,Kolkata,Prepaid,4G Smart,Monthly,27,226.21,4.31,1,0,1,0.1006411930230388,273.19253128489936,Segment 1 - Mass base
SUB100414,Delhi,Prepaid,4G Feature,Monthly,25,106.61,1.15,0,0,1,0.1938143272849154,247.9505451821381,Segment 1 - Mass base
SUB102629,Delhi,Prepaid,4G Smart,Monthly,22,243.18,7.77,3,0,0,0.2729920193325765,796.6343911355516,Segment 0 - High risk
SUB101818,Chennai,Prepaid,4G Feature,Monthly,12,175.21,2.23,0,1,1,0.5434515392015391,1142.61773020202,Segment 1 - Mass base
SUB100166,Chennai,Postpaid,4G Smart,Annual,24,272.6,6.06,0,0,1,0.0511409238909238,167.29219023199022,Segment 1 - Mass base
SUB102766,Hyderabad,Prepaid,5G Smart,Monthly,63,544.41,32.2,0,0,2,0.1142830132830133,746.6017831368633,Segment 2 - High value
SUB103131,Kolkata,Prepaid,4G Smart,Monthly,17,227.15,8.95,2,0,1,0.2810444448339186,766.0709477282954,Segment 1 - Mass base
SUB100615,Kolkata,Prepaid,4G Smart,Monthly,13,269.01,11.41,2,1,1,0.6795756514451992,2193.7517519432763,Segment 1 - Mass base
SUB101015,Delhi,Prepaid,4G Feature,Monthly,24,134.31,2.07,0,0,1,0.1543722402325343,248.8048270275803,Segment 1 - Mass base
SUB102138,Delhi,Postpaid,5G Smart,Annual,12,539.14,7.285,5,0,0,0.2715157416501955,1756.6199634394366,Segment 0 - High risk
SUB102946,Mumbai,Prepaid,4G Smart,Monthly,17,233.46,11.1,0,0,1,0.0965687252609159,270.53921519296114,Segment 1 - Mass base
SUB102650,Hyderabad,Prepaid,4G Feature,Monthly,7,162.51,0.85,0,0,1,0.1994147384221149,388.8826696917348,Segment 1 - Mass base
SUB101238,Mumbai,Prepaid,5G Smart,Monthly,26,420.52,17.35,2,0,2,0.2284444074444076,1152.7853066222674,Segment 2 - High value
SUB102182,Hyderabad,Prepaid,4G Smart,Monthly,30,282.94,14.78,3,0,0,0.1714297607850239,582.0520381981761,Segment 0 - High risk
SUB100556,Delhi,Prepaid,5G Smart,Monthly,22,365.62,13.96,2,0,2,0.355573519073519,1560.0574805239205,Segment 2 - High value
SUB102369,Delhi,Postpaid,4G Smart,Monthly,4,296.37,12.89,0,1,1,0.4504270914270915,1601.916925034965,Segment 1 - Mass base
SUB103009,Kolkata,Postpaid,4G Feature,Monthly,31,200.74,1.5,0,0,1,0.0881165545250651,212.26220586433897,Segment 1 - Mass base
SUB101212,Kolkata,Postpaid,4G Smart,Annual,38,384.77,17.75,0,0,2,0.0489436026936026,225.98436010101003,Segment 2 - High value
SUB102985,Chennai,Prepaid,4G Smart,Monthly,24,165.3,4.82,0,0,1,0.0787643956496897,156.2370552107247,Segment 1 - Mass base
SUB100635,Bengaluru,Prepaid,4G Feature,Monthly,20,154.9,1.39,0,0,1,0.2152881226960175,400.17756246735735,Segment 1 - Mass base
SUB102601,Mumbai,Postpaid,5G Smart,Annual,20,507.29,19.22,1,0,2,0.0510046049820894,310.48951273636993,Segment 2 - High value
SUB101056,Hyderabad,Prepaid,4G Smart,Monthly,16,226.28,13.99,1,0,1,0.2086173623746087,566.4712410975176,Segment 1 - Mass base
SUB102341,Kolkata,Prepaid,5G Smart,Monthly,40,276.9,16.69,2,0,2,0.1578116556932347,524.3765695374802,Segment 2 - High value
SUB101709,Hyderabad,Prepaid,5G Smart,Monthly,28,257.78,10.26,1,0,1,0.1677484654978907,518.9063932325553,Segment 1 - Mass base
SUB100797,Kolkata,Prepaid,4G Smart,Monthly,10,120.31,3.8,0,0,1,0.0966026366026365,139.46715851595846,Segment 1 - Mass base
SUB102960,Delhi,Prepaid,4G Smart,Monthly,25,267.13,4.05,1,1,1,0.5826507158890774,1867.7218288253907,Segment 1 - Mass base
SUB100175,Kolkata,Prepaid,5G Smart,Monthly,9,278.25,9.81,4,1,0,0.6892421094437223,2301.379403432589,Segment 0 - High risk
SUB100246,Chennai,Postpaid,5G Smart,Monthly,47,466.93,16.5,1,0,2,0.1040070546737213,582.7681684656084,Segment 2 - High value
SUB101081,Chennai,Prepaid,4G Smart,Monthly,39,216.05,3.49,1,0,1,0.1687214729714729,437.4272908258408,Segment 1 - Mass base
SUB101655,Kolkata,Prepaid,5G Smart,Monthly,31,342.31,18.02,0,1,2,0.6101055303988555,2506.1426893299868,Segment 2 - High value
SUB103171,Delhi,Prepaid,4G Smart,Monthly,10,126.29,3.13,0,0,1,0.133553657694962,202.39789716356108,Segment 1 - Mass base
SUB100145,Mumbai,Prepaid,5G Smart,Monthly,12,330.54,12.94,0,0,2,0.0724601552624808,287.4117566455251,Segment 2 - High value
SUB100146,Bengaluru,Postpaid,5G Smart,Monthly,59,378.47,7.76,0,0,2,0.0630571188071188,286.3827330591631,Segment 2 - High value
SUB100091,Kolkata,Prepaid,4G Smart,Monthly,20,229.35,12.05,2,0,1,0.2061793878635984,567.4469112781956,Segment 1 - Mass base
SUB100683,Chennai,Postpaid,4G Feature,Monthly,17,159.29,7.285,0,0,1,0.0861816960702409,164.73458840434412,Segment 1 - Mass base
SUB100311,Delhi,Prepaid,4G Smart,Monthly,33,188.82,7.99,6,1,0,0.6700227732243859,1518.1644004827424,Segment 0 - High risk
SUB100094,Kolkata,Prepaid,4G Smart,Monthly,14,212.82,7.15,0,0,1,0.1278838763575605,326.5949587969925,Segment 1 - Mass base
SUB102837,Hyderabad,Prepaid,4G Smart,Monthly,20,144.36,3.49,1,1,1,0.570437005883638,988.1794340323438,Segment 1 - Mass base
SUB101957,Hyderabad,Prepaid,5G Smart,Monthly,16,297.75,12.07,2,0,2,0.2071551248315955,740.1652610232908,Segment 2 - High value
SUB100925,Bengaluru,Postpaid,4G Smart,Monthly,13,259.52,2.96,1,0,1,0.190813712359765,594.2396955792747,Segment 1 - Mass base
SUB102942,Kolkata,Prepaid,4G Smart,Monthly,25,153.64,10.23,2,0,1,0.2120732909066242,390.99528497872495,Segment 1 - Mass base
SUB101910,Chennai,Prepaid,5G Smart,Monthly,20,660.72,43.85,7,1,2,0.6400846056608253,5075.000407826646,Segment 2 - High value
SUB101036,Kolkata,Prepaid,4G Smart,Monthly,17,173.22,6.35,1,1,1,0.5014987684229153,1042.4353999946086,Segment 1 - Mass base
SUB101401,Mumbai,Prepaid,4G Feature,Monthly,19,109.35,2.06,1,0,1,0.216938932919583,284.66726777707686,Segment 1 - Mass base
SUB102292,Bengaluru,Prepaid,4G Smart,Monthly,7,124.28,5.29,0,1,1,0.5207411394965741,776.6125057996107,Segment 1 - Mass base
SUB101501,Hyderabad,Prepaid,4G Feature,Monthly,32,173.23,0.67,1,0,1,0.2525066137566137,524.9006484126984,Segment 1 - Mass base
SUB102263,Delhi,Prepaid,4G Smart,Monthly,19,212.79,11.45,0,0,1,0.0690501961320926,176.31829481937598,Segment 1 - Mass base
SUB101469,Mumbai,Postpaid,4G Feature,Monthly,14,315.94,3.22,0,0,1,0.098276455026455,372.5935584126984,Segment 1 - Mass base
SUB100999,Chennai,Prepaid,4G Feature,Monthly,23,178.73,1.71,2,0,1,0.1271568970482014,272.72102651310047,Segment 1 - Mass base
SUB100854,Mumbai,Prepaid,4G Smart,Monthly,40,134.5,4.54,3,0,0,0.2246441798941798,362.5757063492063,Segment 0 - High risk
SUB102474,Kolkata,Postpaid,4G Smart,Annual,19,321.94,12.15,3,0,0,0.1695814180373004,655.1405006751421,Segment 0 - High risk
SUB102205,Delhi,Postpaid,4G Feature,Monthly,24,225.52,1.91,0,1,1,0.3971773504273505,1074.8572328205132,Segment 1 - Mass base
SUB101143,Chennai,Postpaid,5G Smart,Monthly,60,481.71,14.95,1,0,2,0.1104568660709011,638.4981234601654,Segment 2 - High value
SUB101144,Hyderabad,Prepaid,5G Smart,Monthly,18,369.52,14.99,1,0,2,0.2151160968660967,953.876401367521,Segment 2 - High value
SUB102275,Kolkata,Prepaid,4G Smart,Monthly,35,196.52,5.87,3,1,0,0.5194712994607733,1225.037997240374,Segment 0 - High risk
SUB102049,Kolkata,Postpaid,4G Smart,Monthly,11,248.73,10.31,0,0,1,0.177492030123424,529.7711118311912,Segment 1 - Mass base
SUB100402,Bengaluru,Postpaid,4G Feature,Monthly,25,280.16,7.285,3,1,0,0.5811551841404788,1953.797236665559,Segment 0 - High risk
SUB101104,Delhi,Prepaid,5G Smart,Monthly,32,321.32,12.64,3,0,0,0.2643179601846483,1019.1677635983744,Segment 0 - High risk
SUB100085,Delhi,Prepaid,4G Smart,Monthly,24,206.06,7.41,0,0,1,0.0436322751322751,107.89039936507936,Segment 1 - Mass base
SUB102211,Chennai,Prepaid,5G Smart,Monthly,7,239.7,10.29,1,1,1,0.558933454629107,1607.7161888951634,Segment 1 - Mass base
SUB103089,Chennai,Prepaid,4G Smart,Monthly,24,206.1,5.96,1,0,1,0.1104724072224072,273.22035754245746,Segment 1 - Mass base
SUB100115,Hyderabad,Prepaid,4G Smart,Monthly,15,183.78,9.73,1,0,1,0.2664091741591742,587.5281363236766,Segment 1 - Mass base
SUB102719,Chennai,Postpaid,4G Smart,Monthly,21,190.8,7.23,1,1,1,0.5976544751544749,1368.3896863136856,Segment 1 - Mass base
SUB102799,Hyderabad,Prepaid,4G Smart,Monthly,32,117.56,4.19,0,0,1,0.0839376429702516,118.4125116909934,Segment 1 - Mass base
SUB101586,Chennai,Postpaid,4G Feature,Annual,11,186.35,1.79,1,0,1,0.1220685125060125,272.96960766594526,Segment 1 - Mass base
SUB101568,Kolkata,Prepaid,4G Smart,Monthly,12,270.57,14.34,2,1,2,0.6631027103331449,2152.988404018068,Segment 2 - High value
SUB101502,Bengaluru,Postpaid,4G Feature,Monthly,24,234.12,2.3,0,1,1,0.6199065857603009,1741.5903582984197,Segment 1 - Mass base
SUB101661,Chennai,Prepaid,4G Feature,Monthly,22,79.9,1.51,0,1,1,0.4619282050079267,442.8967629616002,Segment 1 - Mass base
SUB101557,Chennai,Postpaid,5G Smart,Annual,32,399.11,7.92,0,0,2,0.1103340825840825,528.4252284015984,Segment 2 - High value
SUB102008,Kolkata,Prepaid,4G Smart,Monthly,23,187.51,7.12,2,0,1,0.1771898072376795,398.69832906164754,Segment 1 - Mass base
SUB100626,Kolkata,Postpaid,4G Feature,Annual,27,202.87,0.83,0,0,1,0.1072537477954144,261.1028137830687,Segment 1 - Mass base
SUB101886,Bengaluru,Prepaid,5G Smart,Monthly,15,334.64,13.49,0,0,2,0.1560997919150092,626.8468123972643,Segment 2 - High value
SUB101867,Bengaluru,Prepaid,4G Smart,Monthly,21,154.76,5.0,0,0,1,0.2188670770229299,406.4624260808237,Segment 1 - Mass base
SUB100953,Delhi,Prepaid,4G Feature,Monthly,7,157.07,1.52,1,0,1,0.288912773146149,544.5543513367876,Segment 1 - Mass base
SUB102307,Chennai,Prepaid,4G Feature,Monthly,26,96.38,1.72,0,1,1,0.4757294814400212,550.2096890542708,Segment 1 - Mass base
SUB100625,Hyderabad,Prepaid,4G Smart,Monthly,26,238.81,6.97,0,0,1,0.0639803089067795,183.34965084033612,Segment 1 - Mass base
SUB100235,Hyderabad,Prepaid,4G Feature,Monthly,20,160.94,1.87,0,1,1,0.5732444926400837,1107.0956237459409,Segment 1 - Mass base
SUB102184,Chennai,Prepaid,5G Smart,Monthly,14,393.25,19.3,1,0,2,0.266917835114434,1259.5852639050145,Segment 2 - High value
SUB102665,Delhi,Prepaid,5G Smart,Monthly,22,342.55,16.12,2,0,2,0.2075252895252895,853.0534551226554,Segment 2 - High value
SUB102035,Kolkata,Prepaid,4G Feature,Monthly,42,157.13,2.11,3,1,0,0.580029822029822,1093.681031226551,Segment 0 - High risk
SUB101827,Kolkata,Prepaid,4G Feature,Monthly,18,153.44,1.75,1,0,1,0.2359398856291645,434.431392611268,Segment 1 - Mass base
SUB103043,Chennai,Prepaid,4G Smart,Monthly,14,134.18,5.78,1,1,1,0.666849583188579,1073.7345248669224,Segment 1 - Mass base
SUB102641,Mumbai,Postpaid,4G Feature,Monthly,21,157.7,1.59,0,0,1,0.1820229907977586,344.4603077856784,Segment 1 - Mass base
SUB101315,Hyderabad,Prepaid,4G Feature,Monthly,34,89.85,2.99,1,0,1,0.1354717038160434,146.06559105445805,Segment 1 - Mass base
SUB101526,Kolkata,Prepaid,4G Smart,Monthly,30,151.34,3.67,2,0,1,0.2164962026277816,393.17442366826174,Segment 1 - Mass base
SUB101563,Hyderabad,Prepaid,4G Feature,Monthly,15,154.76,1.59,1,1,1,0.5332414754914758,990.2934089647296,Segment 1 - Mass base
SUB101753,Delhi,Prepaid,4G Smart,Monthly,26,155.69,4.11,0,0,1,0.1207396072657266,225.57539346241185,Segment 1 - Mass base
SUB101606,Bengaluru,Postpaid,4G Smart,Annual,20,289.06,8.46,1,0,1,0.0349228913787737,121.13773178338002,Segment 1 - Mass base
SUB100344,Chennai,Postpaid,4G Smart,Annual,11,236.58,7.11,1,0,1,0.0984395095645095,279.46583007326007,Segment 1 - Mass base
SUB103184,Chennai,Prepaid,4G Smart,Monthly,18,268.22,14.32,1,1,2,0.6518419178119725,2098.044470346328,Segment 2 - High value
SUB102342,Kolkata,Prepaid,5G Smart,Monthly,22,229.25,7.26,1,0,1,0.1449473424561144,398.75013909677085,Segment 1 - Mass base
SUB102413,Hyderabad,Postpaid,5G Smart,Annual,10,316.74,5.03,3,0,0,0.1746395407711197,663.7839377261334,Segment 0 - High risk
SUB102227,Hyderabad,Prepaid,4G Feature,Monthly,11,95.35,1.89,0,0,1,0.1599656342580976,183.0326787181153,Segment 1 - Mass base
SUB102708,Mumbai,Prepaid,4G Feature,Monthly,14,134.11,0.76,0,0,1,0.22171399410366,356.8087649909022,Segment 1 - Mass base
SUB100997,Chennai,Prepaid,4G Feature,Monthly,8,137.8,0.95,1,0,1,0.2154206610619654,356.21960513206614,Segment 1 - Mass base
SUB102063,Kolkata,Prepaid,4G Smart,Monthly,26,181.23,3.03,0,0,1,0.0964062966182641,209.6605576335361,Segment 1 - Mass base
SUB101111,Hyderabad,Prepaid,4G Smart,Monthly,6,211.98,7.93,0,0,1,0.1413500558500558,359.56061806913806,Segment 1 - Mass base
SUB102214,Chennai,Postpaid,4G Feature,Monthly,40,261.99,3.16,1,0,1,0.0821883116883116,258.3901893506492,Segment 1 - Mass base
SUB101360,Delhi,Postpaid,5G Smart,Monthly,13,397.46,8.35,0,0,2,0.0656565656565656,313.150303030303,Segment 2 - High value
SUB102108,Kolkata,Postpaid,5G Smart,Annual,34,307.19,9.4,0,0,1,0.0979563492063491,361.09453095238086,Segment 1 - Mass base
SUB100710,Delhi,Prepaid,5G Smart,Monthly,8,420.08,20.44,0,1,2,0.5408861095426309,2726.5852427600207,Segment 2 - High value
SUB101879,Kolkata,Postpaid,4G Smart,Monthly,15,204.28,2.26,1,0,1,0.1604665057165057,393.36117345321344,Segment 1 - Mass base
SUB102725,Delhi,Postpaid,5G Smart,Annual,12,285.58,8.24,1,0,1,0.1064264069264069,364.7190394805194,Segment 1 - Mass base
SUB101379,Chennai,Postpaid,4G Smart,Monthly,7,293.42,9.72,1,0,1,0.0969303659303659,341.2956956554558,Segment 1 - Mass base
SUB100425,Mumbai,Postpaid,4G Smart,Annual,33,306.27,6.52,0,0,1,0.0821621711621711,301.9656979420578,Segment 1 - Mass base
SUB100293,Delhi,Postpaid,4G Smart,Annual,42,230.63,6.56,0,1,1,0.414870398120398,1148.178719022089,Segment 1 - Mass base
SUB101066,Mumbai,Prepaid,4G Smart,Monthly,23,292.25,14.2,0,0,2,0.1354246031746032,474.93408333333366,Segment 2 - High value
SUB102378,Kolkata,Prepaid,4G Smart,Monthly,20,166.98,6.7,0,0,1,0.1167544506147447,233.94789796380093,Segment 1 - Mass base
SUB101639,Hyderabad,Postpaid,5G Smart,Monthly,29,488.21,22.91,0,0,2,0.0782718855218855,458.5574067676767,Segment 2 - High value
SUB102478,Chennai,Postpaid,4G Smart,Monthly,30,422.33,10.94,2,1,2,0.4833261897702687,2449.477796708131,Segment 2 - High value
SUB101013,Chennai,Postpaid,4G Feature,Monthly,17,306.73,1.68,0,0,1,0.202648444148444,745.9002872838271,Segment 1 - Mass base
SUB102128,Bengaluru,Postpaid,4G Smart,Monthly,33,340.26,5.36,0,0,1,0.1922334943639291,784.9124255072463,Segment 1 - Mass base
SUB101718,Chennai,Prepaid,4G Feature,Monthly,45,144.66,1.75,5,1,0,0.6600350529100532,1145.7680490476191,Segment 0 - High risk
SUB100938,Delhi,Postpaid,5G Smart,Annual,19,489.78,21.69,0,0,2,0.1082458231155709,636.1996709465323,Segment 2 - High value
SUB100835,Hyderabad,Postpaid,4G Smart,Monthly,30,292.09,6.89,0,0,1,0.0522037037037037,182.97815777777777,Segment 1 - Mass base
SUB102798,Kolkata,Prepaid,4G Smart,Monthly,20,78.5,1.96,0,1,1,0.6102499907499909,574.8554912864914,Segment 1 - Mass base
SUB100255,Mumbai,Prepaid,4G Smart,Monthly,13,176.55,5.81,0,0,1,0.0949461649461649,201.15294505494504,Segment 1 - Mass base
SUB101483,Mumbai,Postpaid,4G Smart,Annual,31,299.34,5.74,1,0,1,0.0429794372294372,154.38557688311687,Segment 1 - Mass base
SUB103180,Bengaluru,Prepaid,4G Smart,Monthly,25,158.45,9.66,1,0,1,0.1761698209198209,334.96929749694743,Segment 1 - Mass base
SUB101408,Chennai,Prepaid,4G Smart,Monthly,15,211.27,5.57,2,0,1,0.1758839885604592,445.9081231580186,Segment 1 - Mass base
SUB103113,Delhi,Prepaid,4G Feature,Monthly,36,160.09,0.57,0,0,1,0.2070227867053954,397.7073350840011,Segment 1 - Mass base
SUB102185,Bengaluru,Postpaid,5G Smart,Monthly,24,434.7,11.72,1,0,2,0.1225975294494902,639.5177526203208,Segment 2 - High value
SUB100724,Mumbai,Prepaid,4G Feature,Monthly,18,177.81,2.66,1,1,1,0.5775221121471121,1232.2704811305362,Segment 1 - Mass base
SUB100970,Delhi,Postpaid,5G Smart,Annual,44,344.25,10.74,0,0,2,0.1176590413943355,486.0495000000001,Segment 2 - High value
SUB100497,Hyderabad,Prepaid,4G Smart,Monthly,23,135.82,7.04,0,0,1,0.1599443761926051,260.68374209375554,Segment 1 - Mass base
SUB100951,Bengaluru,Prepaid,4G Smart,Monthly,33,218.48,5.35,0,1,1,0.4459414280433986,1169.151398387061,Segment 1 - Mass base
SUB100806,Chennai,Postpaid,4G Smart,Annual,17,261.34,4.36,0,0,1,0.0620823974737018,194.69536506932675,Segment 1 - Mass base
SUB101830,Chennai,Prepaid,4G Smart,Monthly,4,214.07,8.39,0,1,1,0.5232075667062879,1344.0365256577804,Segment 1 - Mass base
SUB102178,Delhi,Prepaid,4G Smart,Monthly,9,131.74,4.3,2,1,1,0.7346329454595582,1161.3665308181064,Segment 1 - Mass base
SUB101740,Kolkata,Postpaid,4G Smart,Monthly,33,279.01,10.62,0,0,1,0.0718497657736787,240.56163778216936,Segment 1 - Mass base
SUB100338,Delhi,Prepaid,4G Feature,Monthly,5,94.32,1.42,0,0,1,0.1313005909358392,148.61126084482026,Segment 1 - Mass base
SUB100731,Kolkata,Postpaid,5G Smart,Annual,14,455.17,20.85,0,0,2,0.0940344031629746,513.6196714522937,Segment 2 - High value
SUB100609,Chennai,Prepaid,5G Smart,Monthly,30,221.51,11.56,1,0,1,0.1564098920897166,415.7562623615176,Segment 1 - Mass base
SUB101149,Kolkata,Postpaid,4G Smart,Monthly,28,373.37,8.48,1,0,2,0.2943430478221668,1318.786365184349,Segment 2 - High value
SUB102244,Delhi,Prepaid,5G Smart,Monthly,7,264.39,12.87,0,0,1,0.1367527657527657,433.8727648484846,Segment 1 - Mass base
SUB101714,Hyderabad,Prepaid,4G Smart,Monthly,16,248.73,9.85,5,0,0,0.4240261775261774,1265.6163736330332,Segment 0 - High risk
SUB103195,Kolkata,Prepaid,4G Feature,Monthly,9,150.27,1.47,1,0,1,0.2492036705984076,449.37402696987255,Segment 1 - Mass base
SUB100910,Mumbai,Postpaid,4G Feature,Annual,28,251.7,1.05,0,0,1,0.0992964927919638,299.91512682884746,Segment 1 - Mass base
SUB102633,Chennai,Prepaid,5G Smart,Monthly,24,439.81,27.55,0,0,2,0.2154212290976996,1136.9329292335117,Segment 2 - High value
SUB102152,Delhi,Postpaid,4G Smart,Annual,30,256.11,8.43,2,0,1,0.0486521164021164,149.52352238095244,Segment 1 - Mass base
SUB102011,Delhi,Prepaid,4G Smart,Monthly,44,164.45,5.46,1,1,1,0.4582848329613035,904.3792893658364,Segment 1 - Mass base
SUB102492,Hyderabad,Postpaid,4G Feature,Annual,36,241.53,1.15,1,0,1,0.1288090551877316,373.33501319391377,Segment 1 - Mass base
SUB101811,Delhi,Prepaid,4G Smart,Monthly,55,129.82,4.3,0,0,1,0.1101183436183436,171.54676042240044,Segment 1 - Mass base
SUB101995,Kolkata,Prepaid,4G Smart,Monthly,26,120.52,4.26,0,0,1,0.067059696342305,96.98441523809524,Segment 1 - Mass base
SUB100720,Kolkata,Postpaid,5G Smart,Monthly,28,414.82,15.32,4,0,0,0.2432479099847521,1210.8491762384986,Segment 0 - High risk
SUB102825,Kolkata,Postpaid,4G Smart,Annual,11,189.69,5.37,0,0,1,0.064473544973545,146.759840952381,Segment 1 - Mass base
SUB101570,Mumbai,Postpaid,5G Smart,Monthly,33,560.62,23.28,0,0,2,0.0975231681898348,656.0812626070224,Segment 2 - High value
SUB102276,Bengaluru,Prepaid,4G Smart,Monthly,16,230.51,6.48,0,0,1,0.1761301298066004,487.1970746606335,Segment 1 - Mass base
SUB100435,Chennai,Prepaid,5G Smart,Monthly,22,289.27,6.25,1,0,1,0.1791994326417754,622.0442385634367,Segment 1 - Mass base
SUB101300,Delhi,Prepaid,4G Smart,Monthly,12,153.44,2.75,1,1,1,0.5749969298920912,1058.7303470717095,Segment 1 - Mass base
SUB102175,Kolkata,Prepaid,4G Feature,Monthly,6,180.54,2.15,0,0,1,0.1462845361266414,316.9225218276461,Segment 1 - Mass base
SUB100406,Mumbai,Postpaid,4G Smart,Monthly,40,228.94,5.68,0,0,1,0.0371950513254861,102.18522060548148,Segment 1 - Mass base
SUB102824,Hyderabad,Prepaid,4G Feature,Monthly,59,161.89,2.0,0,0,1,0.0957616506184118,186.03424342337632,Segment 1 - Mass base
SUB100822,Mumbai,Prepaid,5G Smart,Monthly,16,219.74,8.0,0,0,1,0.2135127470005767,563.0074923108809,Segment 1 - Mass base
SUB102760,Delhi,Prepaid,4G Smart,Monthly,39,187.67,7.16,1,0,1,0.0635989082361972,143.22728530424558,Segment 1 - Mass base
SUB101790,Bengaluru,Prepaid,4G Feature,Monthly,13,87.62,1.31,3,0,0,0.3043945737498369,320.05263062352856,Segment 0 - High risk
SUB103115,Mumbai,Postpaid,4G Smart,Monthly,26,289.5,3.92,0,0,1,0.092652419447311,321.8745051599585,Segment 1 - Mass base
SUB102352,Mumbai,Prepaid,4G Smart,Monthly,2,174.68,7.285,0,0,1,0.1750759748112688,366.9872553603893,Segment 1 - Mass base
SUB102316,Kolkata,Postpaid,4G Smart,Monthly,14,215.21,2.67,0,0,1,0.1352901912901912,349.38962481074475,Segment 1 - Mass base
SUB101859,Delhi,Prepaid,5G Smart,Monthly,26,534.64,33.71,1,0,2,0.1916654749246854,1229.664354164806,Segment 2 - High value
SUB101558,Bengaluru,Prepaid,4G Smart,Monthly,41,214.19,10.45,0,0,1,0.0989052682991362,254.2142330039038,Segment 1 - Mass base
SUB100546,Hyderabad,Postpaid,4G Feature,Monthly,6,235.03,1.51,0,0,1,0.1583543488102312,446.61627121042375,Segment 1 - Mass base
SUB100213,Mumbai,Postpaid,5G Smart,Annual,35,402.02,12.82,0,0,2,0.0770875235875235,371.8887147918747,Segment 2 - High value
SUB100897,Hyderabad,Prepaid,4G Smart,Monthly,25,188.0,6.22,0,1,1,0.3993798926711505,901.0010378661156,Segment 1 - Mass base
SUB101942,Mumbai,Postpaid,4G Smart,Monthly,17,281.3,4.86,1,0,1,0.0853148148148148,287.98868888888893,Segment 1 - Mass base
SUB101892,Mumbai,Postpaid,5G Smart,Monthly,11,333.52,7.69,1,0,1,0.0770462962962962,308.3577688888888,Segment 1 - Mass base
SUB100917,Kolkata,Prepaid,4G Smart,Monthly,14,203.83,3.92,5,1,0,0.7006867666383797,1713.851803726811,Segment 0 - High risk
SUB102724,Kolkata,Prepaid,5G Smart,Monthly,8,354.29,20.1,2,0,2,0.2548135938135938,1083.334897826618,Segment 2 - High value
SUB101290,Mumbai,Prepaid,4G Feature,Monthly,16,122.62,1.35,0,0,1,0.1389049422979965,204.390288294964,Segment 1 - Mass base
SUB100815,Bengaluru,Postpaid,5G Smart,Monthly,30,405.18,15.78,1,0,2,0.2284270081770081,1110.6486620779222,Segment 2 - High value
SUB101266,Hyderabad,Prepaid,4G Feature,Monthly,12,81.47,0.68,3,0,0,0.3105821678321678,303.6375505594405,Segment 0 - High risk
SUB100343,Mumbai,Prepaid,5G Smart,Monthly,11,345.6,18.3,0,1,2,0.4242131089522392,1759.2966054467263,Segment 2 - High value
SUB102598,Kolkata,Postpaid,5G Smart,Monthly,30,438.3,14.75,0,0,2,0.0531006678506678,279.28827262737263,Segment 2 - High value
SUB101411,Mumbai,Prepaid,5G Smart,Monthly,6,374.43,18.8,1,0,2,0.1882680684642927,845.9185545010218,Segment 2 - High value
SUB101215,Delhi,Prepaid,4G Smart,Monthly,49,153.28,10.97,2,0,1,0.1542425205188363,283.7075225415267,Segment 1 - Mass base
SUB100967,Hyderabad,Prepaid,5G Smart,Monthly,23,313.04,7.285,1,0,1,0.2046741951422479,768.8545205679515,Segment 1 - Mass base
SUB101231,Kolkata,Prepaid,4G Feature,Monthly,20,138.83,1.51,1,0,1,0.2076400439658953,345.9200076454231,Segment 1 - Mass base
SUB102344,Kolkata,Prepaid,4G Feature,Monthly,29,107.5,2.6,3,1,0,0.6453284899951567,832.4737520937522,Segment 0 - High risk
SUB100696,Mumbai,Prepaid,5G Smart,Monthly,49,355.45,16.87,1,0,2,0.1549016539016539,660.7175145521146,Segment 2 - High value
SUB102122,Hyderabad,Postpaid,5G Smart,Monthly,27,467.24,16.49,1,0,2,0.1167649170002111,654.6868778301438,Segment 2 - High value
SUB100606,Delhi,Prepaid,4G Smart,Monthly,3,184.74,6.35,0,0,1,0.1449142755392755,321.2575591575092,Segment 1 - Mass base
SUB100105,Chennai,Postpaid,4G Smart,Annual,29,255.97,7.88,0,0,1,0.0795761816156552,244.42938249791135,Segment 1 - Mass base
SUB100646,Chennai,Prepaid,4G Smart,Monthly,11,178.71,6.9,0,0,1,0.1203999412744577,258.20008206190005,Segment 1 - Mass base
SUB101405,Hyderabad,Prepaid,4G Feature,Monthly,21,117.74,0.59,1,1,1,0.5999377213429842,847.6400077310755,Segment 1 - Mass base
SUB100495,Mumbai,Prepaid,4G Smart,Monthly,33,138.42,8.8,1,0,1,0.135502886002886,225.0757137662338,Segment 1 - Mass base
SUB102488,Chennai,Prepaid,5G Smart,Monthly,21,299.69,17.65,1,0,2,0.2196868338776233,790.0553669374193,Segment 2 - High value
SUB101020,Bengaluru,Postpaid,4G Feature,Monthly,18,257.07,2.06,1,0,1,0.1440258652407226,444.29675012919074,Segment 1 - Mass base
SUB100092,Chennai,Prepaid,4G Feature,Monthly,19,110.45,1.88,0,0,1,0.2665095287932482,353.23172946257114,Segment 1 - Mass base
SUB101113,Mumbai,Postpaid,4G Smart,Monthly,39,244.24,8.07,2,1,1,0.5219801749176748,1529.8612550627147,Segment 1 - Mass base
SUB103193,Bengaluru,Postpaid,5G Smart,Annual,5,383.63,13.54,0,0,2,0.0452686387686387,208.39689468975467,Segment 2 - High value
SUB100909,Mumbai,Prepaid,5G Smart,Monthly,52,220.84,4.07,2,1,1,0.4442801392507275,1177.377911425568,Segment 1 - Mass base
SUB101475,Hyderabad,Postpaid,4G Feature,Monthly,32,254.63,1.48,1,0,1,0.0866298384851016,264.7026692815372,Segment 1 - Mass base
SUB101742,Bengaluru,Prepaid,4G Smart,Monthly,23,228.01,7.285,4,1,0,0.6774802708894784,1853.6673187861195,Segment 0 - High risk
SUB102151,Bengaluru,Prepaid,4G Feature,Monthly,12,122.57,1.17,0,0,1,0.2245554861275684,330.2851912158727,Segment 1 - Mass base
SUB100239,Hyderabad,Prepaid,4G Smart,Monthly,34,279.51,13.96,0,0,2,0.2498071420697277,837.8831313589152,Segment 2 - High value
SUB100943,Chennai,Prepaid,5G Smart,Monthly,7,424.67,27.79,0,1,2,0.5778561811196484,2944.778213232973,Segment 2 - High value
SUB101271,Chennai,Prepaid,4G Smart,Monthly,29,230.95,11.21,0,0,1,0.0846229191123752,234.52395802803687,Segment 1 - Mass base
SUB100939,Delhi,Prepaid,4G Smart,Monthly,29,187.86,7.55,0,0,1,0.1197599090287769,269.9771581217524,Segment 1 - Mass base
SUB101425,Delhi,Prepaid,4G Smart,Monthly,19,191.82,9.86,0,0,1,0.1305478595478595,300.50028502164497,Segment 1 - Mass base
SUB101863,Bengaluru,Prepaid,4G Smart,Monthly,23,185.02,8.2,2,0,1,0.1973010134764521,438.055602160958,Segment 1 - Mass base
SUB101670,Delhi,Postpaid,4G Smart,Monthly,13,299.39,5.34,1,1,1,0.5641075730925541,2026.6579956981573,Segment 1 - Mass base
SUB100006,Chennai,Postpaid,4G Smart,Annual,24,267.88,4.6,0,0,1,0.0553905723905723,178.05631838383837,Segment 1 - Mass base
SUB100248,Mumbai,Prepaid,4G Smart,Monthly,28,173.93,5.58,0,0,1,0.0784317765567765,163.69966675824182,Segment 1 - Mass base
SUB100019,Delhi,Postpaid,4G Smart,Annual,10,227.31,7.285,3,0,0,0.1759018759018759,479.81106493506513,Segment 0 - High risk
SUB102170,Delhi,Prepaid,4G Smart,Monthly,13,118.84,2.6,0,0,1,0.195493265993266,278.7890367676768,Segment 1 - Mass base
SUB101971,Hyderabad,Postpaid,4G Feature,Annual,50,223.79,0.82,1,0,1,0.100619739057239,270.2122968434344,Segment 1 - Mass base
SUB102710,Mumbai,Prepaid,4G Smart,Monthly,47,187.6,4.51,4,0,0,0.1993959558959559,448.8801759129759,Segment 0 - High risk
SUB102233,Delhi,Postpaid,4G Smart,Monthly,10,246.41,7.35,1,0,1,0.1033121441206547,305.4857451932464,Segment 1 - Mass base
SUB102323,Bengaluru,Prepaid,4G Feature,Monthly,14,149.91,0.84,3,0,0,0.2829065027753482,508.9261659726295,Segment 0 - High risk
SUB102482,Bengaluru,Postpaid,4G Feature,Annual,24,152.74,1.04,0,1,1,0.4704274111418719,862.2369933337143,Segment 1 - Mass base
SUB100812,Kolkata,Postpaid,4G Feature,Monthly,30,234.28,0.68,0,1,1,0.4732519869019868,1330.4817058967694,Segment 1 - Mass base
SUB101301,Delhi,Postpaid,4G Smart,Monthly,27,365.58,7.285,1,0,1,0.2094606180856181,918.8953531168834,Segment 1 - Mass base
SUB101336,Hyderabad,Postpaid,5G Smart,Monthly,13,353.55,8.33,0,0,1,0.1727783744033744,733.0295312437563,Segment 1 - Mass base
SUB103100,Mumbai,Postpaid,5G Smart,Annual,27,556.54,27.23,1,0,2,0.0746319916855631,498.4282638321994,Segment 2 - High value
SUB100261,Mumbai,Prepaid,5G Smart,Monthly,9,400.44,21.41,3,0,2,0.2508822751322752,1205.5595790476195,Segment 2 - High value
SUB101805,Hyderabad,Prepaid,4G Feature,Monthly,14,219.92,2.24,1,0,1,0.2426145787763435,640.2695779739217,Segment 1 - Mass base
SUB101571,Chennai,Prepaid,4G Smart,Monthly,24,235.54,7.285,1,1,1,0.45263229733779,1279.356135779317,Segment 1 - Mass base
SUB102230,Bengaluru,Prepaid,4G Feature,Monthly,23,115.61,2.06,0,0,1,0.1387176705676706,192.4457987319408,Segment 1 - Mass base
SUB100185,Mumbai,Prepaid,5G Smart,Monthly,13,343.79,14.14,0,0,2,0.155928174009376,643.2785633122005,Segment 2 - High value
SUB102455,Delhi,Postpaid,4G Smart,Annual,43,286.87,7.08,2,0,1,0.0908578643578643,312.77274658008656,Segment 1 - Mass base
SUB101744,Kolkata,Prepaid,5G Smart,Monthly,28,309.03,11.73,0,1,2,0.5575498977217054,2067.595738715263,Segment 2 - High value
SUB102914,Chennai,Prepaid,5G Smart,Monthly,9,302.17,14.9,3,1,0,0.6044897553163685,2191.904032367365,Segment 0 - High risk
SUB101631,Chennai,Prepaid,4G Smart,Monthly,15,196.98,6.79,4,1,0,0.7765939150455281,1835.6816326280173,Segment 0 - High risk
SUB101717,Chennai,Postpaid,5G Smart,Annual,27,524.59,25.94,2,0,2,0.0771440325199723,485.6278562358276,Segment 2 - High value
SUB100521,Delhi,Prepaid,4G Smart,Monthly,19,108.57,4.33,1,0,1,0.228936513921808,298.26764779788834,Segment 1 - Mass base
SUB102429,Mumbai,Prepaid,5G Smart,Monthly,7,323.93,15.74,1,1,2,0.5601647696278534,2177.450085906607,Segment 2 - High value
SUB102017,Delhi,Prepaid,5G Smart,Monthly,8,392.25,19.89,0,1,2,0.5341558349058348,2514.271514901765,Segment 2 - High value
SUB101659,Bengaluru,Postpaid,4G Smart,Annual,15,285.09,9.47,0,0,1,0.0146984126984127,50.28444571428571,Segment 1 - Mass base
SUB101613,Bengaluru,Prepaid,4G Smart,Monthly,40,240.79,11.5,3,1,0,0.5379838683505561,1554.493627921565,Segment 0 - High risk
SUB102476,Mumbai,Prepaid,4G Smart,Monthly,13,173.78,4.01,0,0,1,0.0724023602994191,150.98498607399668,Segment 1 - Mass base
SUB102127,Bengaluru,Prepaid,4G Smart,Monthly,22,209.17,3.84,0,0,1,0.0733505983358924,184.1129358470235,Segment 1 - Mass base
SUB103191,Delhi,Prepaid,4G Feature,Monthly,35,117.17,1.19,3,1,0,0.537962930789018,756.3973992065909,Segment 0 - High risk
SUB100608,Kolkata,Prepaid,4G Feature,Monthly,21,94.9,1.7,0,0,1,0.2087613686966628,237.73744667175964,Segment 1 - Mass base
SUB100231,Chennai,Prepaid,4G Smart,Monthly,16,104.24,4.15,1,0,1,0.1650410065998301,206.4464943355956,Segment 1 - Mass base
SUB100332,Delhi,Prepaid,5G Smart,Monthly,12,242.52,5.69,0,0,1,0.1336908690837829,389.0725148423885,Segment 1 - Mass base
SUB101441,Bengaluru,Postpaid,4G Smart,Monthly,21,243.52,8.75,2,0,1,0.2933715591976461,857.3021051497294,Segment 1 - Mass base
SUB101928,Delhi,Postpaid,4G Smart,Monthly,30,236.01,2.87,0,0,1,0.0826208450418976,233.99214766005915,Segment 1 - Mass base
SUB101092,Kolkata,Prepaid,5G Smart,Monthly,29,398.03,22.91,0,0,2,0.1718333154957196,820.7377748011352,Segment 2 - High value
SUB101102,Hyderabad,Prepaid,5G Smart,Monthly,16,401.99,20.59,0,0,2,0.2000590765916852,965.0609783890986,Segment 2 - High value
SUB101130,Chennai,Prepaid,5G Smart,Monthly,24,427.28,19.21,2,0,2,0.2780289498513183,1425.5545163096554,Segment 2 - High value
SUB100462,Delhi,Prepaid,4G Feature,Monthly,8,75.0,3.49,0,0,1,0.1656003764753765,149.04033882783887,Segment 1 - Mass base
SUB100959,Chennai,Postpaid,4G Smart,Monthly,17,358.01,14.59,1,1,2,0.5392115184615187,2316.5173886929,Segment 2 - High value
SUB101663,Mumbai,Prepaid,4G Smart,Monthly,9,145.5,4.43,2,1,1,0.7845447118241237,1369.8150668449198,Segment 1 - Mass base
SUB100560,Chennai,Postpaid,4G Smart,Annual,19,395.84,10.93,1,1,2,0.4800901749943285,2280.46673843706,Segment 2 - High value
SUB102895,Bengaluru,Prepaid,5G Smart,Monthly,30,379.7,16.36,0,0,2,0.0775158975011916,353.1934353744294,Segment 2 - High value
SUB102739,Delhi,Postpaid,4G Smart,Annual,27,205.02,5.94,0,0,1,0.0781420755170755,192.24825987012983,Segment 1 - Mass base
SUB103006,Chennai,Prepaid,4G Smart,Monthly,37,86.99,2.82,6,0,0,0.3618587776087777,377.7371407702509,Segment 0 - High risk
SUB101520,Bengaluru,Prepaid,4G Feature,Monthly,25,137.56,1.31,0,0,1,0.1876850732686645,309.81550414605,Segment 1 - Mass base
SUB102141,Hyderabad,Prepaid,4G Smart,Monthly,13,183.71,12.47,0,0,1,0.1495861698214639,329.7657030948138,Segment 1 - Mass base
SUB103098,Mumbai,Postpaid,4G Smart,Annual,22,345.08,8.98,0,1,2,0.3274086523498286,1355.7861330345463,Segment 2 - High value
SUB102033,Chennai,Prepaid,5G Smart,Monthly,21,419.96,19.25,0,1,2,0.4382102573352573,2208.369356046176,Segment 2 - High value
SUB102485,Hyderabad,Postpaid,4G Smart,Annual,8,257.56,5.56,0,1,1,0.4310462962962961,1332.2434088888886,Segment 1 - Mass base
SUB102539,Chennai,Prepaid,4G Smart,Monthly,25,175.83,6.58,0,0,1,0.0698356379454383,147.35040263935707,Segment 1 - Mass base
SUB102098,Hyderabad,Prepaid,5G Smart,Monthly,22,334.72,13.36,1,0,2,0.1188139703089838,477.232945701877,Segment 2 - High value
SUB103038,Delhi,Prepaid,4G Smart,Monthly,25,204.18,7.63,1,0,1,0.1030447383638126,252.47609614947928,Segment 1 - Mass base
SUB100070,Chennai,Prepaid,4G Smart,Monthly,45,179.86,6.02,0,1,1,0.4345667110667111,937.934023829504,Segment 1 - Mass base
SUB101573,Mumbai,Postpaid,4G Feature,Monthly,11,220.31,1.16,1,0,1,0.1966378589204676,519.8554403852186,Segment 1 - Mass base
SUB100809,Kolkata,Postpaid,4G Smart,Monthly,40,257.18,5.56,0,0,1,0.1263259980759981,389.86224222222233,Segment 1 - Mass base
SUB100012,Bengaluru,Postpaid,4G Smart,Annual,15,347.97,13.79,1,1,2,0.4904873825276968,2048.098733977952,Segment 2 - High value
SUB102026,Chennai,Postpaid,5G Smart,Monthly,6,307.86,8.62,1,0,1,0.0823579846079846,304.2567496969697,Segment 1 - Mass base
SUB102193,Chennai,Prepaid,4G Feature,Monthly,33,127.85,1.55,2,0,1,0.2407830687830687,369.409384126984,Segment 1 - Mass base
SUB100918,Mumbai,Postpaid,5G Smart,Annual,23,439.78,23.14,0,0,2,0.0921572839928102,486.34716425229726,Segment 2 - High value
SUB101452,Bengaluru,Postpaid,4G Feature,Monthly,33,271.95,2.75,0,0,1,0.0742621933621933,242.3472418181818,Segment 1 - Mass base
SUB102688,Chennai,Prepaid,4G Feature,Monthly,25,136.41,1.49,0,0,1,0.1276570512629233,208.96438035330448,Segment 1 - Mass base
SUB100177,Chennai,Prepaid,4G Smart,Monthly,13,193.03,6.21,0,1,1,0.3964732867836316,918.374862574133,Segment 1 - Mass base
SUB100995,Mumbai,Postpaid,4G Feature,Monthly,59,242.05,1.08,1,0,1,0.1270299422799422,368.97117034632026,Segment 1 - Mass base
SUB102489,Chennai,Postpaid,4G Smart,Annual,31,183.3,4.32,0,0,1,0.1608911088911088,353.8960831168831,Segment 1 - Mass base
SUB102570,Bengaluru,Postpaid,4G Smart,Annual,47,283.06,2.73,0,0,1,0.0401865079365079,136.50231523809524,Segment 1 - Mass base
SUB101256,Bengaluru,Prepaid,5G Smart,Monthly,47,331.53,13.22,0,0,2,0.229835988537208,914.370303356887,Segment 2 - High value
SUB101665,Hyderabad,Prepaid,5G Smart,Monthly,3,229.28,10.08,0,0,1,0.1951050986050986,536.8043640981242,Segment 1 - Mass base
SUB102192,Mumbai,Prepaid,5G Smart,Monthly,8,217.45,11.28,1,1,1,0.567354718867877,1480.4554034138382,Segment 1 - Mass base
SUB102802,Bengaluru,Postpaid,4G Smart,Annual,6,408.38,23.26,1,0,2,0.1615493487993488,791.6822767521367,Segment 2 - High value
SUB102568,Chennai,Postpaid,5G Smart,Monthly,26,492.08,19.48,1,0,2,0.0729629629629629,430.8433777777778,Segment 2 - High value
SUB102871,Delhi,Prepaid,5G Smart,Monthly,12,493.84,29.39,0,0,2,0.2948209772683457,1747.132696970398,Segment 2 - High value
SUB101791,Mumbai,Prepaid,5G Smart,Monthly,9,339.19,18.4,0,0,2,0.267018042873306,1086.83819954636,Segment 2 - High value
SUB102477,Bengaluru,Prepaid,4G Feature,Monthly,8,75.0,1.09,0,0,1,0.264055724872589,237.65015238533013,Segment 1 - Mass base
SUB102661,Delhi,Prepaid,4G Feature,Monthly,10,117.06,1.9,1,1,1,0.5998470340575606,842.6171256813366,Segment 1 - Mass base
SUB100157,Mumbai,Postpaid,5G Smart,Annual,30,475.07,15.2,4,1,0,0.5241804671363495,2988.2689742695866,Segment 0 - High risk
SUB102588,Mumbai,Postpaid,4G Smart,Annual,26,259.41,8.36,0,0,1,0.0788960483960484,245.59708697302705,Segment 1 - Mass base
SUB101461,Bengaluru,Postpaid,4G Smart,Annual,12,297.46,8.81,0,0,1,0.0502235449735449,179.27394825396826,Segment 1 - Mass base
SUB102047,Chennai,Prepaid,4G Feature,Monthly,30,181.89,1.6,0,0,1,0.0909339680684147,198.47975342356744,Segment 1 - Mass base
SUB101851,Delhi,Postpaid,4G Feature,Annual,37,234.51,1.29,0,0,1,0.0739069765111431,207.98310073953823,Segment 1 - Mass base
SUB102510,Delhi,Prepaid,5G Smart,Monthly,8,279.04,12.07,2,0,1,0.2740423881673882,917.625455930736,Segment 1 - Mass base
SUB102625,Mumbai,Prepaid,5G Smart,Monthly,43,465.47,28.13,2,0,2,0.2196390403780754,1226.8246094973936,Segment 2 - High value
SUB102304,Bengaluru,Prepaid,4G Smart,Monthly,10,177.78,7.285,1,1,1,0.5797840550378097,1236.8881116554617,Segment 1 - Mass base
SUB102006,Bengaluru,Prepaid,4G Feature,Monthly,57,121.07,3.41,0,0,1,0.1074189144189144,156.06249562437563,Segment 1 - Mass base
SUB101186,Hyderabad,Prepaid,4G Smart,Monthly,16,215.3,8.03,0,0,1,0.0626091375944317,161.7569678889738,Segment 1 - Mass base
SUB101007,Hyderabad,Prepaid,4G Smart,Monthly,7,238.66,7.03,1,0,1,0.2610057738557739,747.499655861028,Segment 1 - Mass base
SUB100561,Chennai,Prepaid,5G Smart,Monthly,39,398.94,20.59,0,0,2,0.2124026085999771,1016.8307600984984,Segment 2 - High value
SUB102257,Kolkata,Postpaid,4G Smart,Annual,14,295.78,4.48,0,0,1,0.0705657485216308,250.4632451727357,Segment 1 - Mass base
SUB100911,Chennai,Prepaid,5G Smart,Monthly,38,347.01,17.45,0,1,2,0.4145387957453176,1726.1892901389915,Segment 2 - High value
SUB101312,Mumbai,Postpaid,4G Feature,Monthly,10,199.93,0.97,0,0,1,0.1355698725251357,325.2538153674046,Segment 1 - Mass base
SUB102050,Mumbai,Postpaid,5G Smart,Monthly,11,378.3,10.04,1,0,2,0.1514623062123062,687.5782852813852,Segment 2 - High value
SUB100270,Mumbai,Postpaid,5G Smart,Monthly,18,436.69,21.2,1,0,2,0.1048249065749065,549.3118614263512,Segment 2 - High value
SUB101994,Bengaluru,Prepaid,4G Smart,Monthly,13,299.96,14.69,1,1,2,0.5502306878306878,1980.5663654603168,Segment 2 - High value
SUB100266,Bengaluru,Postpaid,4G Smart,Monthly,10,293.44,8.18,2,0,1,0.1580761784511784,556.6304856565657,Segment 1 - Mass base
SUB100915,Hyderabad,Prepaid,4G Smart,Monthly,35,132.17,3.02,0,1,1,0.5338066900892986,846.6387627492311,Segment 1 - Mass base
SUB102279,Delhi,Prepaid,4G Smart,Monthly,54,115.96,3.81,1,0,1,0.1506254761254761,209.59836253812253,Segment 1 - Mass base
SUB102232,Chennai,Postpaid,4G Smart,Monthly,15,376.49,17.65,1,0,2,0.214395564516846,968.613433019368,Segment 2 - High value
SUB103190,Hyderabad,Postpaid,4G Smart,Monthly,27,265.84,3.52,0,0,1,0.1743343802167332,556.1406196417963,Segment 1 - Mass base
SUB102913,Kolkata,Prepaid,5G Smart,Monthly,35,307.86,12.28,0,0,2,0.1034097027699968,382.0285331372549,Segment 2 - High value
SUB100874,Bengaluru,Postpaid,5G Smart,Annual,21,263.36,9.82,0,1,1,0.5105506578618034,1613.5034550538148,Segment 1 - Mass base
SUB102094,Kolkata,Prepaid,4G Smart,Monthly,19,149.72,3.1,1,0,1,0.2252689482950677,404.72720326485046,Segment 1 - Mass base
SUB102447,Kolkata,Postpaid,4G Smart,Monthly,10,253.84,4.19,2,0,1,0.1575759485612426,479.9889453934301,Segment 1 - Mass base
SUB100476,Bengaluru,Prepaid,4G Feature,Monthly,42,168.58,2.12,0,0,1,0.0962277999777999,194.66499024309024,Segment 1 - Mass base
SUB101653,Kolkata,Prepaid,4G Smart,Monthly,8,251.1,12.64,1,1,1,0.5399573844030365,1626.9995906832296,Segment 1 - Mass base
SUB100046,Kolkata,Postpaid,4G Smart,Annual,21,239.79,7.82,2,0,1,0.0469472101972102,135.08965839826843,Segment 1 - Mass base
SUB100162,Mumbai,Postpaid,5G Smart,Annual,20,693.63,34.39,2,1,2,0.3903226239004987,3248.873779393236,Segment 2 - High value
SUB102776,Bengaluru,Prepaid,4G Smart,Monthly,48,183.32,6.04,1,0,1,0.1097898718159912,241.5201516156901,Segment 1 - Mass base
SUB102678,Delhi,Postpaid,4G Feature,Monthly,16,194.19,2.82,0,0,1,0.0756767331636493,176.34797775658882,Segment 1 - Mass base
SUB100289,Chennai,Prepaid,4G Smart,Monthly,9,267.01,10.64,1,0,1,0.2321129619982426,743.7177837978093,Segment 1 - Mass base
SUB103177,Kolkata,Prepaid,4G Feature,Monthly,30,207.76,2.05,0,1,1,0.6701281778293974,1670.709962710027,Segment 1 - Mass base
SUB101949,Mumbai,Postpaid,5G Smart,Monthly,14,446.04,13.74,0,0,2,0.130453109057228,698.2476571666318,Segment 2 - High value
SUB100576,Hyderabad,Prepaid,5G Smart,Monthly,45,249.83,4.85,5,1,0,0.6608839586339587,1981.303672626263,Segment 0 - High risk
SUB100851,Hyderabad,Postpaid,4G Feature,Annual,6,228.65,1.08,1,0,1,0.178812981000481,490.6270572691199,Segment 1 - Mass base
SUB100912,Delhi,Postpaid,4G Smart,Monthly,13,305.64,9.37,1,1,1,0.5686760700719032,2085.721848681318,Segment 1 - Mass base
SUB101255,Bengaluru,Prepaid,4G Smart,Monthly,10,260.26,16.67,0,0,2,0.1801083078714657,562.499858479532,Segment 2 - High value
SUB101834,Delhi,Prepaid,4G Smart,Monthly,22,130.87,6.65,1,1,1,0.5585009752727143,877.0922716072814,Segment 1 - Mass base
SUB101723,Hyderabad,Prepaid,5G Smart,Monthly,16,379.56,11.44,0,0,2,0.0807144103883234,367.6315392839044,Segment 2 - High value
SUB102134,Chennai,Postpaid,4G Smart,Monthly,64,194.03,3.6,1,0,1,0.1016175059479869,236.60213614905487,Segment 1 - Mass base
SUB101736,Delhi,Postpaid,5G Smart,Monthly,24,338.4,8.86,1,0,1,0.0978745791245791,397.4490909090909,Segment 1 - Mass base
SUB100933,Chennai,Postpaid,5G Smart,Annual,16,426.89,13.15,2,0,2,0.13225888000888,677.5199194438894,Segment 2 - High value
SUB101101,Delhi,Postpaid,5G Smart,Annual,21,415.29,9.03,3,0,0,0.1677454304954306,835.9559979653685,Segment 0 - High risk
SUB101208,Chennai,Postpaid,4G Feature,Monthly,23,224.57,1.38,3,0,0,0.1359017001517002,366.2333376368079,Segment 0 - High risk
SUB102296,Chennai,Postpaid,4G Smart,Annual,20,395.92,17.36,0,0,2,0.0894055095468138,424.7691520772945,Segment 2 - High value
SUB101844,Chennai,Postpaid,5G Smart,Annual,20,471.72,20.4,0,0,2,0.0244501133786848,138.4032897959184,Segment 2 - High value
SUB101849,Delhi,Prepaid,4G Feature,Monthly,14,132.95,1.73,2,0,1,0.2247944092944093,358.63700058830057,Segment 1 - Mass base
SUB102525,Chennai,Prepaid,4G Smart,Monthly,5,173.29,6.06,1,1,1,0.7111280274053113,1478.7765104287969,Segment 1 - Mass base
SUB101695,Chennai,Prepaid,4G Feature,Monthly,10,114.85,1.67,0,0,1,0.1373055135355894,189.23445875474937,Segment 1 - Mass base
SUB100086,Mumbai,Prepaid,4G Smart,Monthly,12,237.04,6.22,5,0,0,0.3834495480010185,1090.714570297937,Segment 0 - High risk
SUB100470,Chennai,Prepaid,5G Smart,Monthly,29,413.39,25.1,3,0,2,0.2769286191391457,1373.7542623911772,Segment 2 - High value
SUB102274,Kolkata,Postpaid,4G Feature,Annual,18,221.06,2.08,1,0,1,0.1369867424242424,363.3874713636365,Segment 1 - Mass base
SUB102823,Delhi,Postpaid,4G Smart,Annual,25,251.9,4.43,0,0,1,0.101959656084656,308.2036484126983,Segment 1 - Mass base
SUB102380,Delhi,Prepaid,4G Smart,Monthly,14,264.41,7.58,0,0,1,0.2189349708262751,694.663147634105,Segment 1 - Mass base
SUB100234,Delhi,Prepaid,4G Smart,Monthly,7,190.07,9.28,0,0,1,0.1570060892266775,358.1057685517752,Segment 1 - Mass base
SUB102637,Kolkata,Postpaid,4G Smart,Monthly,30,264.77,6.88,1,0,1,0.1455793650793651,462.5405819047619,Segment 1 - Mass base
SUB102524,Bengaluru,Prepaid,4G Feature,Monthly,17,122.33,1.74,1,1,1,0.6793438750791693,997.2496348612174,Segment 1 - Mass base
SUB103160,Mumbai,Prepaid,4G Smart,Monthly,46,141.85,6.03,0,0,1,0.0857195272521359,145.91177928858576,Segment 1 - Mass base
SUB102648,Bengaluru,Prepaid,4G Feature,Monthly,26,154.83,2.52,0,1,1,0.5648795055813516,1049.523526189928,Segment 1 - Mass base
SUB102470,Chennai,Prepaid,4G Feature,Monthly,24,181.97,2.3,1,0,1,0.3167833230580911,691.74073556257,Segment 1 - Mass base
SUB101712,Kolkata,Prepaid,4G Smart,Monthly,56,316.5,7.285,1,0,1,0.1413631723251399,536.8973284908814,Segment 1 - Mass base
SUB100183,Mumbai,Prepaid,4G Feature,Monthly,16,166.58,1.34,0,0,1,0.1280127171678895,255.8923011099245,Segment 1 - Mass base
SUB100989,Hyderabad,Prepaid,4G Smart,Monthly,18,206.26,6.61,2,1,1,0.5221849107565428,1292.4703163117342,Segment 1 - Mass base
SUB101001,Chennai,Prepaid,5G Smart,Monthly,40,388.63,15.39,1,0,2,0.2558246399732279,1193.053557993547,Segment 2 - High value
SUB101642,Mumbai,Prepaid,4G Smart,Monthly,31,187.91,10.34,0,0,1,0.1080892278580957,243.73256168177727,Segment 1 - Mass base
SUB101357,Bengaluru,Prepaid,4G Feature,Monthly,39,83.26,0.81,2,0,1,0.2234340282524494,223.2374063075873,Segment 1 - Mass base
SUB101463,Delhi,Postpaid,4G Smart,Monthly,8,260.4,9.65,1,0,1,0.1076218385956636,336.2967212437297,Segment 1 - Mass base
SUB100050,Chennai,Postpaid,4G Smart,Annual,35,332.07,7.37,2,0,0,0.1276874051874051,508.8138796869797,Segment 0 - High risk
SUB103105,Kolkata,Postpaid,4G Feature,Annual,21,330.64,2.27,0,0,1,0.0692093253968254,274.60045619047617,Segment 1 - Mass base
SUB102578,Bengaluru,Prepaid,4G Feature,Monthly,24,216.8,1.28,0,0,1,0.1111713466745436,289.22337550849267,Segment 1 - Mass base
SUB101259,Bengaluru,Prepaid,5G Smart,Monthly,33,301.68,9.17,1,0,1,0.134786112036112,487.9472913486512,Segment 1 - Mass base
SUB100487,Mumbai,Prepaid,5G Smart,Monthly,14,205.66,4.48,0,0,1,0.1603855218855218,395.8186371717171,Segment 1 - Mass base
SUB103175,Delhi,Postpaid,4G Smart,Annual,72,217.96,6.39,1,1,1,0.4181689514189514,1093.7292558152958,Segment 1 - Mass base
SUB102546,Delhi,Prepaid,4G Feature,Monthly,27,133.01,4.96,0,1,1,0.4747873384825755,757.8175666988084,Segment 1 - Mass base
SUB101909,Bengaluru,Prepaid,4G Smart,Monthly,34,215.53,10.54,0,0,1,0.2099467881459406,542.9979749891351,Segment 1 - Mass base
SUB100107,Bengaluru,Prepaid,4G Smart,Monthly,6,229.01,4.39,5,0,0,0.3708009953009954,1019.0056312065716,Segment 0 - High risk
SUB100444,Chennai,Prepaid,5G Smart,Monthly,26,272.54,9.55,1,1,1,0.5301854269836727,1733.960835241562,Segment 1 - Mass base
SUB101955,Bengaluru,Postpaid,4G Smart,Annual,10,231.13,4.16,0,0,1,0.0283554175293305,78.6454518426501,Segment 1 - Mass base
SUB103085,Bengaluru,Prepaid,4G Smart,Monthly,38,208.8,5.93,1,0,1,0.1228777426277426,307.88247192807205,Segment 1 - Mass base
SUB101763,Delhi,Postpaid,4G Feature,Monthly,36,231.88,2.01,0,0,1,0.0890416033242119,247.76360374581927,Segment 1 - Mass base
SUB100727,Hyderabad,Prepaid,4G Smart,Monthly,11,266.87,8.65,0,0,1,0.1447840122840122,463.6621122988122,Segment 1 - Mass base
SUB102239,Hyderabad,Prepaid,5G Smart,Monthly,31,280.62,9.64,0,0,1,0.1029285714285714,346.6057885714286,Segment 1 - Mass base
SUB101857,Hyderabad,Prepaid,5G Smart,Monthly,72,299.01,12.16,1,0,2,0.08401322321657,301.4495264878394,Segment 2 - High value
SUB102331,Bengaluru,Prepaid,4G Feature,Monthly,16,161.46,2.06,2,0,1,0.2611210511033167,505.9272589336981,Segment 1 - Mass base
SUB100030,Kolkata,Postpaid,4G Smart,Annual,28,282.59,7.36,0,0,1,0.25460262954727,863.3778850051565,Segment 1 - Mass base
SUB100170,Delhi,Postpaid,4G Smart,Annual,38,285.13,10.81,0,0,1,0.0896111111111111,306.6097933333333,Segment 1 - Mass base
SUB101002,Hyderabad,Postpaid,4G Smart,Annual,15,311.62,7.81,1,0,1,0.0829417989417989,310.15588063492066,Segment 1 - Mass base
SUB102149,Bengaluru,Prepaid,4G Feature,Monthly,42,172.96,2.07,1,0,1,0.127754300280616,265.15660531842417,Segment 1 - Mass base
SUB100198,Mumbai,Prepaid,5G Smart,Monthly,72,325.39,13.64,1,0,2,0.126245657850921,492.9488952973342,Segment 2 - High value
SUB100496,Delhi,Postpaid,4G Smart,Annual,13,291.35,5.3,0,0,1,0.1233103655603655,431.1177000721501,Segment 1 - Mass base
SUB102027,Bengaluru,Prepaid,4G Smart,Monthly,17,175.33,6.02,0,1,1,0.4549591008120419,957.215749744504,Segment 1 - Mass base
SUB100648,Bengaluru,Postpaid,4G Smart,Annual,43,280.22,6.61,3,0,0,0.0941992544492544,316.7581809812408,Segment 0 - High risk
SUB103036,Chennai,Prepaid,4G Smart,Monthly,28,109.5,3.02,1,0,1,0.1315233977012219,172.82174457940562,Segment 1 - Mass base
SUB100045,Mumbai,Prepaid,4G Feature,Monthly,15,85.37,2.42,4,1,0,0.7661538714038718,784.8786720209825,Segment 0 - High risk
SUB102759,Chennai,Prepaid,4G Smart,Monthly,17,84.06,3.87,0,0,1,0.1824182709400101,184.008958262607,Segment 1 - Mass base
SUB100374,Bengaluru,Postpaid,4G Smart,Annual,10,255.94,6.98,0,0,1,0.0600308487808487,184.3715452436453,Segment 1 - Mass base
SUB100679,Hyderabad,Postpaid,4G Feature,Monthly,19,220.66,1.52,2,0,1,0.1265744462509168,335.15900771672784,Segment 1 - Mass base
SUB100567,Bengaluru,Prepaid,4G Smart,Monthly,16,268.59,10.53,0,1,1,0.4190137653740594,1350.514886901823,Segment 1 - Mass base
SUB102896,Kolkata,Prepaid,4G Feature,Monthly,21,135.94,1.04,0,0,1,0.1950923874787113,318.2503098462722,Segment 1 - Mass base
SUB100461,Kolkata,Postpaid,4G Smart,Annual,24,259.22,4.73,0,0,1,0.036023199023199,112.05520380952382,Segment 1 - Mass base
SUB101933,Bengaluru,Postpaid,5G Smart,Monthly,12,411.78,13.15,0,1,2,0.35594487593017,1758.8517721263047,Segment 2 - High value
SUB101156,Delhi,Prepaid,5G Smart,Monthly,25,318.04,8.97,2,0,1,0.2508277463277464,957.2790773049176,Segment 1 - Mass base
SUB100040,Mumbai,Postpaid,4G Smart,Monthly,40,371.5,7.16,2,0,2,0.1829323751297436,815.5125283283971,Segment 2 - High value
SUB102483,Delhi,Postpaid,4G Smart,Annual,12,249.62,6.27,0,0,1,0.0468921179582944,140.46252581699355,Segment 1 - Mass base
SUB100974,Delhi,Prepaid,4G Feature,Monthly,16,75.0,0.76,5,1,0,0.7349908871321919,661.4917984189727,Segment 0 - High risk
SUB103056,Kolkata,Postpaid,4G Feature,Annual,28,282.9,1.24,1,0,1,0.1309209555876222,444.4504600288599,Segment 1 - Mass base
SUB101787,Chennai,Postpaid,4G Feature,Monthly,17,172.14,2.32,0,0,1,0.188521848178195,389.4258113447339,Segment 1 - Mass base
SUB101499,Chennai,Prepaid,4G Smart,Monthly,8,158.03,7.53,0,1,1,0.5141330068791035,974.9812689252568,Segment 1 - Mass base
SUB102505,Mumbai,Postpaid,4G Smart,Annual,56,320.61,6.51,1,0,1,0.1401951659451659,539.3756658441558,Segment 1 - Mass base
SUB101836,Hyderabad,Prepaid,5G Smart,Monthly,15,399.59,13.64,1,1,2,0.5522586332472016,2648.124327110991,Segment 2 - High value
SUB102309,Bengaluru,Prepaid,4G Smart,Monthly,12,144.26,4.8,1,1,1,0.6193278109918978,1072.130760164294,Segment 1 - Mass base
SUB101841,Delhi,Prepaid,4G Smart,Monthly,14,125.71,5.63,0,0,1,0.1110612073112073,167.53805245310244,Segment 1 - Mass base
SUB102084,Kolkata,Postpaid,4G Smart,Monthly,19,220.37,2.51,0,0,1,0.123533046774426,326.6757302121632,Segment 1 - Mass base
SUB100828,Bengaluru,Postpaid,4G Smart,Monthly,28,234.75,6.56,3,0,0,0.1927990435490436,543.1149056776559,Segment 0 - High risk
SUB101936,Delhi,Prepaid,5G Smart,Monthly,20,351.16,27.83,0,0,2,0.1612857889492072,679.6454117688434,Segment 2 - High value
SUB102045,Delhi,Postpaid,5G Smart,Annual,37,367.53,9.86,0,0,2,0.0319339826839826,140.8403598701299,Segment 2 - High value
SUB100310,Bengaluru,Prepaid,4G Smart,Monthly,22,164.55,5.76,1,1,1,0.6974870643132838,1377.2579571930105,Segment 1 - Mass base
SUB100277,Hyderabad,Prepaid,4G Feature,Monthly,21,92.52,1.13,3,0,0,0.2725609398441204,302.60805785253626,Segment 0 - High risk
SUB100637,Kolkata,Prepaid,4G Feature,Monthly,38,85.19,2.26,4,1,0,0.7680353535353532,785.1471812121209,Segment 0 - High risk
SUB100655,Bengaluru,Prepaid,5G Smart,Monthly,29,315.41,9.01,0,0,1,0.1687549514755397,638.7239909388,Segment 1 - Mass base
SUB100623,Hyderabad,Postpaid,4G Smart,Monthly,16,323.59,5.49,5,0,0,0.3272493987493986,1270.7355952958146,Segment 0 - High risk
SUB101860,Chennai,Prepaid,5G Smart,Monthly,13,294.1,7.53,0,0,1,0.0923393594659578,325.88406742725857,Segment 1 - Mass base
SUB100845,Bengaluru,Prepaid,4G Smart,Monthly,15,177.91,7.99,0,0,1,0.1355488505747126,289.3859520689655,Segment 1 - Mass base
SUB100394,Hyderabad,Prepaid,4G Smart,Monthly,24,329.3,17.34,1,0,2,0.1187725052725052,469.3414318348317,Segment 2 - High value
SUB102156,Delhi,Prepaid,4G Smart,Monthly,36,152.85,5.97,0,0,1,0.1411799432269218,258.9522518668201,Segment 1 - Mass base
SUB100350,Hyderabad,Postpaid,4G Feature,Monthly,15,233.89,0.86,0,0,1,0.1804796777296777,506.5487018903319,Segment 1 - Mass base
SUB102573,Chennai,Postpaid,4G Smart,Annual,9,218.23,5.27,3,0,0,0.1578728903946295,413.43121044984,Segment 0 - High risk
SUB100785,Mumbai,Prepaid,5G Smart,Monthly,15,407.46,19.12,1,0,2,0.1743618216607347,852.5456142465957,Segment 2 - High value
SUB100048,Delhi,Prepaid,5G Smart,Monthly,4,408.68,22.35,0,0,2,0.2523760495825715,1237.692527320864,Segment 2 - High value
SUB101979,Mumbai,Postpaid,4G Smart,Monthly,25,374.43,11.17,0,0,2,0.1491522265259108,670.1648181371614,Segment 2 - High value
SUB102252,Delhi,Prepaid,5G Smart,Monthly,36,298.15,12.17,1,0,2,0.1749435376935376,625.9129891599389,Segment 2 - High value
SUB101656,Kolkata,Prepaid,5G Smart,Monthly,31,299.03,7.285,2,0,1,0.1881358261948404,675.0990732845174,Segment 1 - Mass base
SUB102070,Hyderabad,Prepaid,4G Feature,Monthly,15,163.92,0.89,0,1,1,0.4839909747115627,952.0296068966322,Segment 1 - Mass base
SUB100403,Bengaluru,Prepaid,4G Smart,Monthly,12,243.03,4.95,4,0,0,0.3229242930558719,941.7634912964228,Segment 0 - High risk
SUB101108,Hyderabad,Prepaid,4G Feature,Monthly,33,183.19,4.05,1,0,1,0.122908991019285,270.188376777874,Segment 1 - Mass base
SUB101155,Kolkata,Prepaid,4G Feature,Monthly,4,109.66,1.28,0,0,1,0.2212438165532632,291.13916307877014,Segment 1 - Mass base
SUB101440,Delhi,Postpaid,5G Smart,Monthly,10,626.69,37.22,0,0,2,0.1500644355644356,1128.526573486514,Segment 2 - High value
SUB102002,Bengaluru,Prepaid,4G Smart,Monthly,38,207.33,9.98,2,0,1,0.2170017318195128,539.8916286976753,Segment 1 - Mass base
SUB100990,Bengaluru,Prepaid,4G Smart,Monthly,8,155.69,4.07,2,1,1,0.7008631010802064,1309.408514486128,Segment 1 - Mass base
SUB101866,Mumbai,Prepaid,5G Smart,Monthly,29,192.63,7.76,1,0,1,0.1383053288771679,319.7010660193064,Segment 1 - Mass base
SUB102790,Hyderabad,Prepaid,5G Smart,Monthly,44,293.98,12.04,0,0,2,0.0946751296751296,333.99113546273543,Segment 2 - High value
SUB101311,Mumbai,Prepaid,5G Smart,Monthly,15,395.16,26.28,0,0,2,0.1140187694752912,540.6678833502729,Segment 2 - High value
SUB100034,Chennai,Prepaid,4G Smart,Monthly,4,119.23,4.83,0,0,1,0.2423076953239997,346.6841581617659,Segment 1 - Mass base
SUB100788,Chennai,Prepaid,4G Smart,Monthly,44,130.24,2.26,1,0,1,0.1644956269578451,257.08692545987697,Segment 1 - Mass base
SUB102972,Mumbai,Postpaid,5G Smart,Annual,49,449.55,14.07,0,0,2,0.0869973544973544,469.3159285714285,Segment 2 - High value
SUB101044,Hyderabad,Prepaid,4G Smart,Monthly,22,203.1,8.72,2,0,1,0.1567975767975768,382.14705417105415,Segment 1 - Mass base
SUB100482,Bengaluru,Prepaid,4G Smart,Monthly,12,147.82,5.3,0,1,1,0.4795604204571597,850.6634562237282,Segment 1 - Mass base
SUB101244,Bengaluru,Prepaid,5G Smart,Monthly,21,314.75,12.27,0,0,2,0.1297122844475785,489.9232983585042,Segment 2 - High value
SUB102628,Mumbai,Prepaid,4G Smart,Monthly,1,135.94,3.27,0,0,1,0.1472466052466052,240.20044220668217,Segment 1 - Mass base
SUB102530,Delhi,Postpaid,4G Smart,Monthly,38,255.59,8.89,1,0,1,0.0880614478114478,270.0915053535353,Segment 1 - Mass base
SUB100932,Delhi,Prepaid,5G Smart,Monthly,9,285.6,6.8,0,0,1,0.1840266628289884,630.6961788475093,Segment 1 - Mass base
SUB102405,Kolkata,Postpaid,4G Smart,Monthly,12,282.39,5.5,0,0,1,0.0992209637341216,336.22809538654326,Segment 1 - Mass base
SUB101686,Delhi,Prepaid,4G Smart,Monthly,35,301.42,16.28,1,0,2,0.2358830891330891,853.1985687179489,Segment 2 - High value
SUB101249,Kolkata,Postpaid,5G Smart,Monthly,59,721.73,51.97,1,0,2,0.0850073352573352,736.2281289033187,Segment 2 - High value
SUB100760,Kolkata,Prepaid,5G Smart,Monthly,13,540.75,39.96,5,0,2,0.4129761904761905,2679.8025000000007,Segment 2 - High value
SUB100093,Chennai,Prepaid,5G Smart,Monthly,51,353.31,18.67,2,0,2,0.1637804325304326,694.3831754079258,Segment 2 - High value
SUB101176,Hyderabad,Postpaid,4G Smart,Annual,15,331.09,9.79,0,0,2,0.1143849206349206,454.46044047619046,Segment 2 - High value
SUB101416,Kolkata,Prepaid,5G Smart,Monthly,34,304.73,16.22,1,0,2,0.1049840944840944,383.9016373456573,Segment 2 - High value
SUB101342,Hyderabad,Postpaid,5G Smart,Annual,30,454.78,14.03,0,0,2,0.0658979248264962,359.6286990311276,Segment 2 - High value
SUB101473,Delhi,Prepaid,4G Feature,Monthly,14,159.16,7.285,1,0,1,0.1743306878306878,332.9576673015873,Segment 1 - Mass base
SUB102852,Hyderabad,Prepaid,5G Smart,Monthly,13,251.14,7.64,1,0,1,0.0868612313612313,261.77195572871574,Segment 1 - Mass base
SUB102794,Mumbai,Prepaid,5G Smart,Monthly,22,294.55,14.4,0,0,2,0.1695698890481499,599.3617298295907,Segment 2 - High value
SUB102328,Delhi,Prepaid,4G Smart,Monthly,31,241.35,16.53,1,0,2,0.1630252710252709,472.1537899433898,Segment 2 - High value
SUB101608,Chennai,Prepaid,4G Feature,Monthly,46,145.55,1.75,2,0,1,0.1575732159175555,275.2173789216026,Segment 1 - Mass base
SUB100765,Hyderabad,Prepaid,4G Smart,Monthly,22,159.94,5.29,0,0,1,0.1266219183190904,243.0229153914638,Segment 1 - Mass base
SUB102653,Delhi,Prepaid,5G Smart,Monthly,33,308.72,7.285,0,0,1,0.1788772891272891,662.6759603925203,Segment 1 - Mass base
SUB101374,Hyderabad,Postpaid,4G Smart,Annual,26,321.31,8.01,0,1,1,0.4855839706102864,1872.2758271614932,Segment 1 - Mass base
SUB101952,Chennai,Postpaid,5G Smart,Annual,7,435.45,17.96,7,1,0,0.6506394248453071,3399.851250586668,Segment 0 - High risk
SUB102449,Mumbai,Prepaid,4G Smart,Monthly,29,180.19,4.47,0,0,1,0.0806085858585858,174.29833303030296,Segment 1 - Mass base
SUB101729,Mumbai,Prepaid,4G Smart,Monthly,33,188.76,6.31,2,0,1,0.157012987012987,355.6532571428572,Segment 1 - Mass base
SUB100258,Chennai,Postpaid,5G Smart,Monthly,11,515.53,19.62,0,0,2,0.1529129100982042,945.9743105151268,Segment 2 - High value
SUB100945,Bengaluru,Postpaid,4G Smart,Monthly,20,239.5,4.77,0,0,1,0.1269585150688092,364.8787723077576,Segment 1 - Mass base
SUB103145,Hyderabad,Postpaid,4G Smart,Annual,4,278.21,8.99,0,0,1,0.0569658182113425,190.1815234149312,Segment 1 - Mass base
SUB101220,Kolkata,Prepaid,5G Smart,Monthly,13,326.35,7.285,0,1,1,0.5740168618344356,2247.9648343160165,Segment 1 - Mass base
SUB101162,Bengaluru,Postpaid,4G Smart,Monthly,13,306.82,11.61,1,0,1,0.2537798821548823,934.376921313132,Segment 1 - Mass base
SUB102543,Delhi,Postpaid,5G Smart,Monthly,31,426.39,23.63,3,0,2,0.1460219456469456,747.1475688528136,Segment 2 - High value
SUB100773,Kolkata,Prepaid,5G Smart,Monthly,15,286.69,10.13,0,1,1,0.5064900286425773,1742.467515738486,Segment 1 - Mass base
SUB102599,Bengaluru,Postpaid,4G Smart,Monthly,38,198.77,8.78,4,0,0,0.1912298581048581,456.12910674603177,Segment 0 - High risk
SUB101487,Delhi,Postpaid,4G Smart,Monthly,4,316.15,6.92,1,1,1,0.6258296934546936,2374.272691028417,Segment 1 - Mass base
SUB102250,Mumbai,Prepaid,4G Feature,Monthly,17,180.5,0.92,2,1,1,0.6394501657762525,1385.0490590713628,Segment 1 - Mass base
SUB100313,Mumbai,Postpaid,4G Feature,Annual,39,192.31,1.21,0,0,1,0.1298703302869969,299.7043586099086,Segment 1 - Mass base
SUB100291,Mumbai,Postpaid,5G Smart,Annual,24,499.26,24.73,4,0,2,0.1454968488069992,871.6890808245893,Segment 2 - High value
SUB100764,Kolkata,Postpaid,4G Smart,Monthly,28,285.17,10.99,0,0,1,0.1145400432900432,391.96060974025977,Segment 1 - Mass base
SUB103185,Kolkata,Prepaid,4G Smart,Monthly,54,255.83,12.66,2,0,0,0.1464397230449863,449.5640921591861,Segment 0 - High risk
SUB102998,Chennai,Prepaid,4G Smart,Monthly,2,139.89,3.89,1,0,1,0.2638609792887492,442.9381487124375,Segment 1 - Mass base
SUB100184,Mumbai,Prepaid,4G Smart,Monthly,29,170.21,11.4,0,0,1,0.2130127640894429,435.08283090796897,Segment 1 - Mass base
SUB101177,Mumbai,Postpaid,4G Smart,Monthly,9,351.97,6.22,0,1,1,0.486785002035002,2056.004605995116,Segment 1 - Mass base
SUB101350,Chennai,Postpaid,4G Feature,Monthly,22,145.47,1.25,1,1,1,0.4720305227830804,823.9953617910567,Segment 1 - Mass base
SUB103117,Delhi,Postpaid,5G Smart,Annual,21,445.2,16.81,0,1,2,0.3986401338615845,2129.695051142129,Segment 2 - High value
SUB103079,Delhi,Postpaid,4G Smart,Annual,28,248.86,7.285,2,0,1,0.1042964165464165,311.4624746608946,Segment 1 - Mass base
SUB102299,Kolkata,Prepaid,4G Feature,Monthly,32,95.1,1.22,0,0,1,0.1326464776231702,151.37616026356184,Segment 1 - Mass base
SUB102872,Delhi,Postpaid,4G Smart,Annual,22,281.26,10.07,0,0,1,0.0659122266622266,222.46167445221448,Segment 1 - Mass base
SUB101100,Hyderabad,Prepaid,4G Smart,Monthly,22,152.72,4.25,0,0,1,0.2138388623785043,391.8896527493422,Segment 1 - Mass base
SUB102989,Mumbai,Prepaid,4G Feature,Monthly,6,178.65,1.62,1,0,1,0.193316760303226,414.432470738056,Segment 1 - Mass base
SUB100392,Chennai,Prepaid,4G Smart,Monthly,52,145.92,7.88,2,0,1,0.2124695444695445,372.0426711479513,Segment 1 - Mass base
SUB101920,Mumbai,Prepaid,5G Smart,Monthly,15,249.5,6.74,0,0,1,0.1105715488215488,331.0512171717172,Segment 1 - Mass base
SUB101457,Delhi,Prepaid,4G Smart,Monthly,37,105.67,10.39,3,1,0,0.6062384559884559,768.7346117316017,Segment 0 - High risk
SUB101093,Delhi,Prepaid,5G Smart,Monthly,3,397.56,15.92,1,0,2,0.2134260194314542,1018.1957794220272,Segment 2 - High value
SUB102023,Chennai,Postpaid,4G Smart,Annual,61,249.17,8.69,0,0,1,0.1214094794094793,363.0191998135197,Segment 1 - Mass base
SUB100905,Hyderabad,Prepaid,4G Smart,Monthly,34,209.92,5.94,3,0,0,0.2199600066978584,554.0880552721734,Segment 0 - High risk
SUB102779,Delhi,Prepaid,5G Smart,Monthly,22,352.64,14.76,1,1,2,0.5801643179686661,2455.069741061645,Segment 2 - High value
SUB102603,Kolkata,Prepaid,5G Smart,Monthly,21,366.49,17.44,1,0,2,0.2161638597827576,950.662715661394,Segment 2 - High value
SUB100367,Delhi,Prepaid,4G Smart,Monthly,13,120.69,5.41,2,1,1,0.7464661030427158,1081.0919277147043,Segment 1 - Mass base
SUB100346,Kolkata,Postpaid,5G Smart,Annual,19,397.9,14.56,0,0,2,0.0436800568712333,208.56353554876495,Segment 2 - High value
SUB102584,Mumbai,Prepaid,4G Smart,Monthly,13,202.41,11.38,1,0,1,0.1423247539497539,345.6954413636364,Segment 1 - Mass base
SUB101373,Chennai,Prepaid,4G Feature,Monthly,21,100.36,1.98,1,0,1,0.210998732500331,254.1099935247986,Segment 1 - Mass base
SUB101640,Hyderabad,Prepaid,4G Feature,Monthly,39,152.71,1.25,0,0,1,0.1562074547738768,286.2532850222248,Segment 1 - Mass base
SUB100920,Delhi,Postpaid,5G Smart,Annual,19,374.4,10.97,0,0,2,0.0618929773929773,278.0727688311688,Segment 2 - High value
SUB100212,Delhi,Postpaid,4G Smart,Annual,28,271.65,9.69,1,0,1,0.0729388711127841,237.7661320534537,Segment 1 - Mass base
SUB101604,Bengaluru,Postpaid,4G Smart,Monthly,15,295.55,6.33,2,0,1,0.1848698161000793,655.6592897805415,Segment 1 - Mass base
SUB102551,Kolkata,Prepaid,4G Smart,Monthly,16,300.94,16.84,1,0,2,0.1605028112337418,579.6205921521871,Segment 2 - High value
SUB100538,Hyderabad,Prepaid,5G Smart,Monthly,17,302.07,11.87,3,1,0,0.6429685589201721,2330.6581511161967,Segment 0 - High risk
SUB101221,Mumbai,Postpaid,4G Smart,Annual,23,324.59,6.52,0,0,1,0.1030665353165352,401.4524003807303,Segment 1 - Mass base
SUB100176,Kolkata,Prepaid,5G Smart,Monthly,28,287.45,9.29,0,0,1,0.1156345999679333,398.8699891293893,Segment 1 - Mass base
